/****************************************************************************
** Resource object code
**
** Created by: The Resource Compiler for Qt version 6.4.2
**
** WARNING! All changes made in this file will be lost!
*****************************************************************************/

static const unsigned char qt_resource_data[] = {
  // /home/etapadmin/Masaüstü/e-ag-qt6/dds/dds-monitor/style/style.qss
  0x0,0x0,0x2,0x67,
  0x28,
  0xb5,0x2f,0xfd,0x60,0x9c,0xa,0xed,0x12,0x0,0x86,0x1a,0x53,0x20,0x10,0x95,0x1e,
  0xaa,0x15,0xba,0x99,0x6,0xf3,0x61,0xb3,0xc9,0x9b,0x15,0x6a,0x2,0xcc,0x93,0x5,
  0xc9,0x37,0xa,0xf0,0x7f,0xd7,0x22,0x38,0x4,0x0,0x40,0xc0,0xe1,0x4d,0x0,0x48,
  0x0,0x48,0x0,0x17,0xef,0xed,0x2d,0x2c,0xc6,0x9a,0xa5,0x9a,0x20,0x66,0x42,0xd1,
  0xb4,0xcc,0x2,0x4e,0x15,0xa0,0xf4,0x75,0x2,0xc7,0x6,0x82,0xe1,0x68,0x13,0xca,
  0x43,0x0,0xa3,0x8f,0xaa,0xb6,0xb2,0x66,0x5,0x8c,0x22,0x5b,0x3f,0xf2,0xa9,0x7d,
  0xf1,0x1b,0x6,0x12,0xfb,0x2b,0xd1,0x79,0xc3,0x17,0x3e,0x0,0x63,0xc6,0x16,0x4f,
  0x8a,0x5e,0xf,0xe7,0xcd,0x33,0x65,0x7,0x2,0x48,0x70,0xc3,0x56,0xd6,0x86,0x25,
  0x3f,0xdd,0x3a,0x46,0x94,0xf1,0x9e,0x9e,0x2b,0x5,0x58,0x97,0x5f,0x7c,0xf7,0xf5,
  0x2c,0x3b,0x7d,0x65,0xde,0xdb,0xc3,0x1d,0x19,0xa8,0xa6,0x84,0x65,0x65,0x71,0x73,
  0x5b,0xf5,0xd0,0xd7,0x1d,0x60,0xd4,0x5e,0xa5,0x32,0x53,0x5f,0x67,0x5d,0xf0,0xeb,
  0xa,0x30,0x6e,0xb7,0x52,0x2a,0x3b,0xec,0xa5,0x17,0x3c,0x0,0x69,0xb5,0x58,0xc3,
  0xaf,0xbb,0x60,0xcc,0x4e,0x33,0xee,0x4,0xdc,0x8c,0x91,0xcb,0xbe,0xaf,0x4f,0x18,
  0xef,0x56,0xad,0xa4,0xf6,0xe7,0xbb,0xf0,0xee,0x88,0x4c,0x2e,0x36,0x9c,0x2b,0x17,
  0xc5,0x2,0x46,0x14,0x1a,0x45,0xab,0xa6,0x8b,0x7e,0x56,0xc0,0x7c,0x57,0x2e,0xe4,
  0xb6,0x3e,0xe8,0x75,0x3d,0x55,0x9a,0x8b,0x42,0x2,0xb9,0x54,0xfe,0xad,0xcf,0x9c,
  0xba,0xd6,0x9e,0xbb,0xf8,0x8f,0xf9,0xcf,0xec,0xad,0xec,0x20,0xcc,0x45,0xb7,0x35,
  0x80,0xd2,0x8c,0x3,0x3f,0x50,0xc2,0x5,0x23,0xb7,0x69,0xd,0xe1,0x2d,0x67,0xa5,
  0xb7,0xc6,0x38,0x65,0xa7,0x3f,0xbc,0xf0,0x4c,0xe7,0x18,0x99,0x24,0x20,0xe4,0xc1,
  0xf0,0xd8,0xbb,0x53,0xb7,0x1d,0xa9,0x2b,0xd5,0xde,0xc4,0xff,0x4f,0x5f,0x52,0x17,
  0x57,0x8d,0xc1,0xaf,0xc3,0x76,0xa5,0xe,0xbf,0x35,0x62,0x91,0x9e,0x15,0xd6,0xe2,
  0x3c,0x31,0xd4,0xad,0xc3,0x7b,0xae,0x17,0x6c,0xa0,0xe1,0x8d,0x22,0x4a,0x99,0xcc,
  0x68,0x92,0x42,0xab,0x1,0x40,0x84,0x90,0x99,0x3a,0xe3,0x1,0x99,0x37,0x7a,0xd9,
  0x2a,0xa0,0xd1,0xc5,0xa6,0x0,0xf0,0x6,0x76,0x7,0xbd,0x61,0x77,0xd3,0x8d,0x60,
  0x48,0x69,0x53,0xfa,0x35,0xd1,0x6c,0x27,0xcd,0xbc,0xc8,0x39,0x7e,0x97,0xdd,0x8a,
  0xe5,0x70,0x36,0x3c,0x6e,0x59,0xfb,0xc6,0x66,0x68,0xa9,0x2d,0xd,0x51,0x1b,0x19,
  0x4c,0x6b,0x5d,0x1a,0x3,0x37,0xc0,0x36,0x9d,0xb,0x75,0x71,0x7f,0x20,0x53,0x9f,
  0xa1,0xc,0x5b,0x9,0xb1,0xd9,0x2d,0xb9,0x50,0xe,0x60,0x66,0xc1,0x81,0xb0,0xe3,
  0x9,0x32,0x9f,0xd,0x35,0x6e,0x9d,0xe4,0xa8,0x12,0x81,0xf4,0x3e,0xe2,0x75,0x34,
  0xcf,0x18,0xa3,0x8,0xc6,0x6b,0x8f,0x38,0x34,0x77,0x33,0x72,0x95,0x46,0x70,0xfd,
  0x96,0x41,0x6d,0x15,0x45,0xef,0xd4,0x60,0xa3,0x8d,0x1c,0xe8,0x17,0x60,0x62,0xd0,
  0x46,0xfd,0x2e,0x77,0x75,0x64,0xd9,0x94,0xdb,0x97,0x7e,0x29,0xca,0xc,0x27,0x41,
  0xf5,0x22,0xb5,0x23,0xa3,0xac,0xa0,0x95,0x1b,0x32,0x58,0xce,0xd8,0x1d,0x63,0xd9,
  0x3a,0x17,0xdd,0x5d,0x8b,0x8,0x51,0x15,0x6d,0x4b,0x41,0x8,0x4d,0xd4,0x42,0xc3,
  0x5e,0xa4,0xb3,0x2e,0xa5,0x74,0x1c,0xf3,0x76,0x89,0x15,0xf,0x54,0x42,0x37,0x2d,
  0xe5,0xfd,0xf6,0xc4,0x3d,0xb3,0xf3,0x26,0x2,0x0,0xaf,0xf1,0x43,0x82,0x8f,0xb4,
  0x6,0x4,0xa2,0x6f,0x82,0x15,0x8,0x1,0x34,0xd3,0x60,0x11,0x95,0xf9,0x7e,0x37,
  0x6c,0x37,0xea,0x1a,0x6a,0x61,0x5c,0x73,0xed,0x82,0xc3,0xf7,0xea,0x7f,0xdb,0x2a,
  0x69,0x35,0x2f,0x35,0xbb,0x68,
    // /home/etapadmin/Masaüstü/e-ag-qt6/dds/dds-monitor/icons/select.svg
  0x0,0x0,0x7,0x10,
  0x3c,
  0x3f,0x78,0x6d,0x6c,0x20,0x76,0x65,0x72,0x73,0x69,0x6f,0x6e,0x3d,0x22,0x31,0x2e,
  0x30,0x22,0x20,0x65,0x6e,0x63,0x6f,0x64,0x69,0x6e,0x67,0x3d,0x22,0x55,0x54,0x46,
  0x2d,0x38,0x22,0x20,0x73,0x74,0x61,0x6e,0x64,0x61,0x6c,0x6f,0x6e,0x65,0x3d,0x22,
  0x6e,0x6f,0x22,0x3f,0x3e,0xa,0x3c,0x21,0x2d,0x2d,0x20,0x55,0x70,0x6c,0x6f,0x61,
  0x64,0x65,0x64,0x20,0x74,0x6f,0x3a,0x20,0x53,0x56,0x47,0x20,0x52,0x65,0x70,0x6f,
  0x2c,0x20,0x77,0x77,0x77,0x2e,0x73,0x76,0x67,0x72,0x65,0x70,0x6f,0x2e,0x63,0x6f,
  0x6d,0x2c,0x20,0x54,0x72,0x61,0x6e,0x73,0x66,0x6f,0x72,0x6d,0x65,0x64,0x20,0x62,
  0x79,0x3a,0x20,0x53,0x56,0x47,0x20,0x52,0x65,0x70,0x6f,0x20,0x4d,0x69,0x78,0x65,
  0x72,0x20,0x54,0x6f,0x6f,0x6c,0x73,0x20,0x2d,0x2d,0x3e,0xa,0xa,0x3c,0x73,0x76,
  0x67,0xa,0x20,0x20,0x20,0x66,0x69,0x6c,0x6c,0x3d,0x22,0x23,0x37,0x37,0x37,0x36,
  0x37,0x62,0x22,0xa,0x20,0x20,0x20,0x77,0x69,0x64,0x74,0x68,0x3d,0x22,0x38,0x30,
  0x30,0x70,0x78,0x22,0xa,0x20,0x20,0x20,0x68,0x65,0x69,0x67,0x68,0x74,0x3d,0x22,
  0x38,0x30,0x30,0x70,0x78,0x22,0xa,0x20,0x20,0x20,0x76,0x69,0x65,0x77,0x42,0x6f,
  0x78,0x3d,0x22,0x30,0x20,0x30,0x20,0x32,0x34,0x20,0x32,0x34,0x22,0xa,0x20,0x20,
  0x20,0x76,0x65,0x72,0x73,0x69,0x6f,0x6e,0x3d,0x22,0x31,0x2e,0x31,0x22,0xa,0x20,
  0x20,0x20,0x69,0x64,0x3d,0x22,0x73,0x76,0x67,0x31,0x33,0x33,0x32,0x22,0xa,0x20,
  0x20,0x20,0x73,0x6f,0x64,0x69,0x70,0x6f,0x64,0x69,0x3a,0x64,0x6f,0x63,0x6e,0x61,
  0x6d,0x65,0x3d,0x22,0x73,0x65,0x6c,0x65,0x63,0x74,0x2e,0x73,0x76,0x67,0x22,0xa,
  0x20,0x20,0x20,0x69,0x6e,0x6b,0x73,0x63,0x61,0x70,0x65,0x3a,0x76,0x65,0x72,0x73,
  0x69,0x6f,0x6e,0x3d,0x22,0x31,0x2e,0x32,0x2e,0x32,0x20,0x28,0x62,0x30,0x61,0x38,
  0x34,0x38,0x36,0x35,0x34,0x31,0x2c,0x20,0x32,0x30,0x32,0x32,0x2d,0x31,0x32,0x2d,
  0x30,0x31,0x29,0x22,0xa,0x20,0x20,0x20,0x78,0x6d,0x6c,0x6e,0x73,0x3a,0x69,0x6e,
  0x6b,0x73,0x63,0x61,0x70,0x65,0x3d,0x22,0x68,0x74,0x74,0x70,0x3a,0x2f,0x2f,0x77,
  0x77,0x77,0x2e,0x69,0x6e,0x6b,0x73,0x63,0x61,0x70,0x65,0x2e,0x6f,0x72,0x67,0x2f,
  0x6e,0x61,0x6d,0x65,0x73,0x70,0x61,0x63,0x65,0x73,0x2f,0x69,0x6e,0x6b,0x73,0x63,
  0x61,0x70,0x65,0x22,0xa,0x20,0x20,0x20,0x78,0x6d,0x6c,0x6e,0x73,0x3a,0x73,0x6f,
  0x64,0x69,0x70,0x6f,0x64,0x69,0x3d,0x22,0x68,0x74,0x74,0x70,0x3a,0x2f,0x2f,0x73,
  0x6f,0x64,0x69,0x70,0x6f,0x64,0x69,0x2e,0x73,0x6f,0x75,0x72,0x63,0x65,0x66,0x6f,
  0x72,0x67,0x65,0x2e,0x6e,0x65,0x74,0x2f,0x44,0x54,0x44,0x2f,0x73,0x6f,0x64,0x69,
  0x70,0x6f,0x64,0x69,0x2d,0x30,0x2e,0x64,0x74,0x64,0x22,0xa,0x20,0x20,0x20,0x78,
  0x6d,0x6c,0x6e,0x73,0x3d,0x22,0x68,0x74,0x74,0x70,0x3a,0x2f,0x2f,0x77,0x77,0x77,
  0x2e,0x77,0x33,0x2e,0x6f,0x72,0x67,0x2f,0x32,0x30,0x30,0x30,0x2f,0x73,0x76,0x67,
  0x22,0xa,0x20,0x20,0x20,0x78,0x6d,0x6c,0x6e,0x73,0x3a,0x73,0x76,0x67,0x3d,0x22,
  0x68,0x74,0x74,0x70,0x3a,0x2f,0x2f,0x77,0x77,0x77,0x2e,0x77,0x33,0x2e,0x6f,0x72,
  0x67,0x2f,0x32,0x30,0x30,0x30,0x2f,0x73,0x76,0x67,0x22,0x3e,0xa,0x20,0x20,0x3c,
  0x64,0x65,0x66,0x73,0xa,0x20,0x20,0x20,0x20,0x20,0x69,0x64,0x3d,0x22,0x64,0x65,
  0x66,0x73,0x31,0x33,0x33,0x36,0x22,0x20,0x2f,0x3e,0xa,0x20,0x20,0x3c,0x73,0x6f,
  0x64,0x69,0x70,0x6f,0x64,0x69,0x3a,0x6e,0x61,0x6d,0x65,0x64,0x76,0x69,0x65,0x77,
  0xa,0x20,0x20,0x20,0x20,0x20,0x69,0x64,0x3d,0x22,0x6e,0x61,0x6d,0x65,0x64,0x76,
  0x69,0x65,0x77,0x31,0x33,0x33,0x34,0x22,0xa,0x20,0x20,0x20,0x20,0x20,0x70,0x61,
  0x67,0x65,0x63,0x6f,0x6c,0x6f,0x72,0x3d,0x22,0x23,0x66,0x66,0x66,0x66,0x66,0x66,
  0x22,0xa,0x20,0x20,0x20,0x20,0x20,0x62,0x6f,0x72,0x64,0x65,0x72,0x63,0x6f,0x6c,
  0x6f,0x72,0x3d,0x22,0x23,0x30,0x30,0x30,0x30,0x30,0x30,0x22,0xa,0x20,0x20,0x20,
  0x20,0x20,0x62,0x6f,0x72,0x64,0x65,0x72,0x6f,0x70,0x61,0x63,0x69,0x74,0x79,0x3d,
  0x22,0x30,0x2e,0x32,0x35,0x22,0xa,0x20,0x20,0x20,0x20,0x20,0x69,0x6e,0x6b,0x73,
  0x63,0x61,0x70,0x65,0x3a,0x73,0x68,0x6f,0x77,0x70,0x61,0x67,0x65,0x73,0x68,0x61,
  0x64,0x6f,0x77,0x3d,0x22,0x32,0x22,0xa,0x20,0x20,0x20,0x20,0x20,0x69,0x6e,0x6b,
  0x73,0x63,0x61,0x70,0x65,0x3a,0x70,0x61,0x67,0x65,0x6f,0x70,0x61,0x63,0x69,0x74,
  0x79,0x3d,0x22,0x30,0x2e,0x30,0x22,0xa,0x20,0x20,0x20,0x20,0x20,0x69,0x6e,0x6b,
  0x73,0x63,0x61,0x70,0x65,0x3a,0x70,0x61,0x67,0x65,0x63,0x68,0x65,0x63,0x6b,0x65,
  0x72,0x62,0x6f,0x61,0x72,0x64,0x3d,0x22,0x30,0x22,0xa,0x20,0x20,0x20,0x20,0x20,
  0x69,0x6e,0x6b,0x73,0x63,0x61,0x70,0x65,0x3a,0x64,0x65,0x73,0x6b,0x63,0x6f,0x6c,
  0x6f,0x72,0x3d,0x22,0x23,0x64,0x31,0x64,0x31,0x64,0x31,0x22,0xa,0x20,0x20,0x20,
  0x20,0x20,0x73,0x68,0x6f,0x77,0x67,0x72,0x69,0x64,0x3d,0x22,0x66,0x61,0x6c,0x73,
  0x65,0x22,0xa,0x20,0x20,0x20,0x20,0x20,0x69,0x6e,0x6b,0x73,0x63,0x61,0x70,0x65,
  0x3a,0x7a,0x6f,0x6f,0x6d,0x3d,0x22,0x30,0x2e,0x36,0x33,0x31,0x32,0x35,0x22,0xa,
  0x20,0x20,0x20,0x20,0x20,0x69,0x6e,0x6b,0x73,0x63,0x61,0x70,0x65,0x3a,0x63,0x78,
  0x3d,0x22,0x33,0x39,0x31,0x2e,0x32,0x38,0x37,0x31,0x33,0x22,0xa,0x20,0x20,0x20,
  0x20,0x20,0x69,0x6e,0x6b,0x73,0x63,0x61,0x70,0x65,0x3a,0x63,0x79,0x3d,0x22,0x34,
  0x30,0x30,0x2e,0x37,0x39,0x32,0x30,0x38,0x22,0xa,0x20,0x20,0x20,0x20,0x20,0x69,
  0x6e,0x6b,0x73,0x63,0x61,0x70,0x65,0x3a,0x77,0x69,0x6e,0x64,0x6f,0x77,0x2d,0x77,
  0x69,0x64,0x74,0x68,0x3d,0x22,0x31,0x33,0x36,0x36,0x22,0xa,0x20,0x20,0x20,0x20,
  0x20,0x69,0x6e,0x6b,0x73,0x63,0x61,0x70,0x65,0x3a,0x77,0x69,0x6e,0x64,0x6f,0x77,
  0x2d,0x68,0x65,0x69,0x67,0x68,0x74,0x3d,0x22,0x36,0x36,0x37,0x22,0xa,0x20,0x20,
  0x20,0x20,0x20,0x69,0x6e,0x6b,0x73,0x63,0x61,0x70,0x65,0x3a,0x77,0x69,0x6e,0x64,
  0x6f,0x77,0x2d,0x78,0x3d,0x22,0x30,0x22,0xa,0x20,0x20,0x20,0x20,0x20,0x69,0x6e,
  0x6b,0x73,0x63,0x61,0x70,0x65,0x3a,0x77,0x69,0x6e,0x64,0x6f,0x77,0x2d,0x79,0x3d,
  0x22,0x30,0x22,0xa,0x20,0x20,0x20,0x20,0x20,0x69,0x6e,0x6b,0x73,0x63,0x61,0x70,
  0x65,0x3a,0x77,0x69,0x6e,0x64,0x6f,0x77,0x2d,0x6d,0x61,0x78,0x69,0x6d,0x69,0x7a,
  0x65,0x64,0x3d,0x22,0x31,0x22,0xa,0x20,0x20,0x20,0x20,0x20,0x69,0x6e,0x6b,0x73,
  0x63,0x61,0x70,0x65,0x3a,0x63,0x75,0x72,0x72,0x65,0x6e,0x74,0x2d,0x6c,0x61,0x79,
  0x65,0x72,0x3d,0x22,0x73,0x76,0x67,0x31,0x33,0x33,0x32,0x22,0x20,0x2f,0x3e,0xa,
  0x20,0x20,0x3c,0x67,0xa,0x20,0x20,0x20,0x20,0x20,0x69,0x64,0x3d,0x22,0x53,0x56,
  0x47,0x52,0x65,0x70,0x6f,0x5f,0x62,0x67,0x43,0x61,0x72,0x72,0x69,0x65,0x72,0x22,
  0xa,0x20,0x20,0x20,0x20,0x20,0x73,0x74,0x72,0x6f,0x6b,0x65,0x2d,0x77,0x69,0x64,
  0x74,0x68,0x3d,0x22,0x30,0x22,0x20,0x2f,0x3e,0xa,0x20,0x20,0x3c,0x67,0xa,0x20,
  0x20,0x20,0x20,0x20,0x69,0x64,0x3d,0x22,0x53,0x56,0x47,0x52,0x65,0x70,0x6f,0x5f,
  0x74,0x72,0x61,0x63,0x65,0x72,0x43,0x61,0x72,0x72,0x69,0x65,0x72,0x22,0xa,0x20,
  0x20,0x20,0x20,0x20,0x73,0x74,0x72,0x6f,0x6b,0x65,0x2d,0x6c,0x69,0x6e,0x65,0x63,
  0x61,0x70,0x3d,0x22,0x72,0x6f,0x75,0x6e,0x64,0x22,0xa,0x20,0x20,0x20,0x20,0x20,
  0x73,0x74,0x72,0x6f,0x6b,0x65,0x2d,0x6c,0x69,0x6e,0x65,0x6a,0x6f,0x69,0x6e,0x3d,
  0x22,0x72,0x6f,0x75,0x6e,0x64,0x22,0x20,0x2f,0x3e,0xa,0x20,0x20,0x3c,0x67,0xa,
  0x20,0x20,0x20,0x20,0x20,0x69,0x64,0x3d,0x22,0x53,0x56,0x47,0x52,0x65,0x70,0x6f,
  0x5f,0x69,0x63,0x6f,0x6e,0x43,0x61,0x72,0x72,0x69,0x65,0x72,0x22,0x3e,0xa,0x20,
  0x20,0x20,0x20,0x3c,0x70,0x61,0x74,0x68,0xa,0x20,0x20,0x20,0x20,0x20,0x20,0x20,
  0x64,0x3d,0x22,0x4d,0x37,0x20,0x35,0x63,0x2d,0x31,0x2e,0x31,0x30,0x33,0x20,0x30,
  0x2d,0x32,0x20,0x2e,0x38,0x39,0x37,0x2d,0x32,0x20,0x32,0x76,0x31,0x30,0x63,0x30,
  0x20,0x31,0x2e,0x31,0x30,0x33,0x2e,0x38,0x39,0x37,0x20,0x32,0x20,0x32,0x20,0x32,
  0x68,0x31,0x30,0x63,0x31,0x2e,0x31,0x30,0x33,0x20,0x30,0x20,0x32,0x2d,0x2e,0x38,
  0x39,0x37,0x20,0x32,0x2d,0x32,0x56,0x37,0x63,0x30,0x2d,0x31,0x2e,0x31,0x30,0x33,
  0x2d,0x2e,0x38,0x39,0x37,0x2d,0x32,0x2d,0x32,0x2d,0x32,0x48,0x37,0x7a,0x6d,0x30,
  0x20,0x31,0x32,0x56,0x37,0x68,0x31,0x30,0x6c,0x2e,0x30,0x30,0x32,0x20,0x31,0x30,
  0x48,0x37,0x7a,0x22,0xa,0x20,0x20,0x20,0x20,0x20,0x20,0x20,0x69,0x64,0x3d,0x22,
  0x70,0x61,0x74,0x68,0x31,0x33,0x32,0x39,0x22,0x20,0x2f,0x3e,0xa,0x20,0x20,0x3c,
  0x2f,0x67,0x3e,0xa,0x20,0x20,0x3c,0x67,0xa,0x20,0x20,0x20,0x20,0x20,0x69,0x64,
  0x3d,0x22,0x53,0x56,0x47,0x52,0x65,0x70,0x6f,0x5f,0x62,0x67,0x43,0x61,0x72,0x72,
  0x69,0x65,0x72,0x2d,0x33,0x22,0xa,0x20,0x20,0x20,0x20,0x20,0x73,0x74,0x72,0x6f,
  0x6b,0x65,0x2d,0x77,0x69,0x64,0x74,0x68,0x3d,0x22,0x30,0x22,0xa,0x20,0x20,0x20,
  0x20,0x20,0x74,0x72,0x61,0x6e,0x73,0x66,0x6f,0x72,0x6d,0x3d,0x22,0x6d,0x61,0x74,
  0x72,0x69,0x78,0x28,0x30,0x2e,0x35,0x36,0x30,0x33,0x33,0x39,0x31,0x34,0x2c,0x30,
  0x2c,0x30,0x2c,0x30,0x2e,0x35,0x35,0x37,0x30,0x30,0x37,0x34,0x36,0x2c,0x35,0x2e,
  0x32,0x37,0x35,0x39,0x33,0x30,0x33,0x2c,0x35,0x2e,0x33,0x36,0x29,0x22,0x3e,0xa,
  0x20,0x20,0x20,0x20,0x3c,0x72,0x65,0x63,0x74,0xa,0x20,0x20,0x20,0x20,0x20,0x20,
  0x20,0x78,0x3d,0x22,0x30,0x22,0xa,0x20,0x20,0x20,0x20,0x20,0x20,0x20,0x79,0x3d,
  0x22,0x30,0x22,0xa,0x20,0x20,0x20,0x20,0x20,0x20,0x20,0x77,0x69,0x64,0x74,0x68,
  0x3d,0x22,0x32,0x34,0x22,0xa,0x20,0x20,0x20,0x20,0x20,0x20,0x20,0x68,0x65,0x69,
  0x67,0x68,0x74,0x3d,0x22,0x32,0x34,0x22,0xa,0x20,0x20,0x20,0x20,0x20,0x20,0x20,
  0x72,0x78,0x3d,0x22,0x33,0x2e,0x31,0x31,0x39,0x39,0x39,0x39,0x39,0x22,0xa,0x20,
  0x20,0x20,0x20,0x20,0x20,0x20,0x66,0x69,0x6c,0x6c,0x3d,0x22,0x23,0x36,0x32,0x61,
  0x30,0x65,0x61,0x22,0xa,0x20,0x20,0x20,0x20,0x20,0x20,0x20,0x73,0x74,0x72,0x6f,
  0x6b,0x65,0x77,0x69,0x64,0x74,0x68,0x3d,0x22,0x30,0x22,0xa,0x20,0x20,0x20,0x20,
  0x20,0x20,0x20,0x69,0x64,0x3d,0x22,0x72,0x65,0x63,0x74,0x32,0x22,0x20,0x2f,0x3e,
  0xa,0x20,0x20,0x3c,0x2f,0x67,0x3e,0xa,0x3c,0x2f,0x73,0x76,0x67,0x3e,0xa,
    // /home/etapadmin/Masaüstü/e-ag-qt6/dds/dds-monitor/icons/file.svg
  0x0,0x0,0x5,0xd1,
  0x3c,
  0x3f,0x78,0x6d,0x6c,0x20,0x76,0x65,0x72,0x73,0x69,0x6f,0x6e,0x3d,0x22,0x31,0x2e,
  0x30,0x22,0x20,0x65,0x6e,0x63,0x6f,0x64,0x69,0x6e,0x67,0x3d,0x22,0x69,0x73,0x6f,
  0x2d,0x38,0x38,0x35,0x39,0x2d,0x31,0x22,0x3f,0x3e,0xd,0xa,0x3c,0x21,0x2d,0x2d,
  0x20,0x55,0x70,0x6c,0x6f,0x61,0x64,0x65,0x64,0x20,0x74,0x6f,0x3a,0x20,0x53,0x56,
  0x47,0x20,0x52,0x65,0x70,0x6f,0x2c,0x20,0x77,0x77,0x77,0x2e,0x73,0x76,0x67,0x72,
  0x65,0x70,0x6f,0x2e,0x63,0x6f,0x6d,0x2c,0x20,0x47,0x65,0x6e,0x65,0x72,0x61,0x74,
  0x6f,0x72,0x3a,0x20,0x53,0x56,0x47,0x20,0x52,0x65,0x70,0x6f,0x20,0x4d,0x69,0x78,
  0x65,0x72,0x20,0x54,0x6f,0x6f,0x6c,0x73,0x20,0x2d,0x2d,0x3e,0xd,0xa,0x3c,0x73,
  0x76,0x67,0x20,0x66,0x69,0x6c,0x6c,0x3d,0x22,0x23,0x30,0x30,0x30,0x30,0x30,0x30,
  0x22,0x20,0x68,0x65,0x69,0x67,0x68,0x74,0x3d,0x22,0x38,0x30,0x30,0x70,0x78,0x22,
  0x20,0x77,0x69,0x64,0x74,0x68,0x3d,0x22,0x38,0x30,0x30,0x70,0x78,0x22,0x20,0x76,
  0x65,0x72,0x73,0x69,0x6f,0x6e,0x3d,0x22,0x31,0x2e,0x31,0x22,0x20,0x69,0x64,0x3d,
  0x22,0x4c,0x61,0x79,0x65,0x72,0x5f,0x31,0x22,0x20,0x78,0x6d,0x6c,0x6e,0x73,0x3d,
  0x22,0x68,0x74,0x74,0x70,0x3a,0x2f,0x2f,0x77,0x77,0x77,0x2e,0x77,0x33,0x2e,0x6f,
  0x72,0x67,0x2f,0x32,0x30,0x30,0x30,0x2f,0x73,0x76,0x67,0x22,0x20,0x78,0x6d,0x6c,
  0x6e,0x73,0x3a,0x78,0x6c,0x69,0x6e,0x6b,0x3d,0x22,0x68,0x74,0x74,0x70,0x3a,0x2f,
  0x2f,0x77,0x77,0x77,0x2e,0x77,0x33,0x2e,0x6f,0x72,0x67,0x2f,0x31,0x39,0x39,0x39,
  0x2f,0x78,0x6c,0x69,0x6e,0x6b,0x22,0x20,0xd,0xa,0x9,0x20,0x76,0x69,0x65,0x77,
  0x42,0x6f,0x78,0x3d,0x22,0x30,0x20,0x30,0x20,0x35,0x30,0x38,0x2e,0x31,0x20,0x35,
  0x30,0x38,0x2e,0x31,0x22,0x20,0x78,0x6d,0x6c,0x3a,0x73,0x70,0x61,0x63,0x65,0x3d,
  0x22,0x70,0x72,0x65,0x73,0x65,0x72,0x76,0x65,0x22,0x3e,0xd,0xa,0x3c,0x67,0x3e,
  0xd,0xa,0x9,0x3c,0x67,0x3e,0xd,0xa,0x9,0x9,0x3c,0x70,0x61,0x74,0x68,0x20,
  0x64,0x3d,0x22,0x4d,0x34,0x30,0x36,0x2e,0x36,0x35,0x2c,0x30,0x68,0x2d,0x33,0x30,
  0x35,0x2e,0x32,0x63,0x2d,0x32,0x32,0x2e,0x35,0x2c,0x30,0x2d,0x34,0x30,0x2e,0x38,
  0x2c,0x31,0x38,0x2e,0x33,0x2d,0x34,0x30,0x2e,0x38,0x2c,0x34,0x30,0x2e,0x38,0x76,
  0x34,0x32,0x36,0x2e,0x35,0x63,0x30,0x2c,0x32,0x32,0x2e,0x35,0x2c,0x31,0x38,0x2e,
  0x33,0x2c,0x34,0x30,0x2e,0x38,0x2c,0x34,0x30,0x2e,0x38,0x2c,0x34,0x30,0x2e,0x38,
  0x68,0x32,0x33,0x32,0x2e,0x32,0x63,0x31,0x30,0x2e,0x39,0x2c,0x30,0x2c,0x32,0x31,
  0x2e,0x31,0x2d,0x34,0x2e,0x32,0x2c,0x32,0x38,0x2e,0x38,0x2d,0x31,0x31,0x2e,0x39,
  0xd,0xa,0x9,0x9,0x9,0x6c,0x37,0x33,0x2e,0x31,0x2d,0x37,0x33,0x2e,0x31,0x63,
  0x37,0x2e,0x37,0x2d,0x37,0x2e,0x37,0x2c,0x31,0x31,0x2e,0x39,0x2d,0x31,0x37,0x2e,
  0x39,0x2c,0x31,0x31,0x2e,0x39,0x2d,0x32,0x38,0x2e,0x38,0x56,0x34,0x30,0x2e,0x38,
  0x43,0x34,0x34,0x37,0x2e,0x34,0x35,0x2c,0x31,0x38,0x2e,0x33,0x2c,0x34,0x32,0x39,
  0x2e,0x31,0x35,0x2c,0x30,0x2c,0x34,0x30,0x36,0x2e,0x36,0x35,0x2c,0x30,0x7a,0x20,
  0x4d,0x33,0x35,0x38,0x2e,0x37,0x35,0x2c,0x34,0x35,0x39,0x2e,0x38,0x76,0x2d,0x34,
  0x30,0x2e,0x35,0x68,0x34,0x30,0x2e,0x35,0x4c,0x33,0x35,0x38,0x2e,0x37,0x35,0x2c,
  0x34,0x35,0x39,0x2e,0x38,0x7a,0xd,0xa,0x9,0x9,0x9,0x20,0x4d,0x34,0x31,0x39,
  0x2e,0x30,0x35,0x2c,0x33,0x39,0x31,0x2e,0x31,0x68,0x2d,0x37,0x34,0x2e,0x36,0x63,
  0x2d,0x37,0x2e,0x38,0x2c,0x30,0x2d,0x31,0x34,0x2e,0x31,0x2c,0x36,0x2e,0x33,0x2d,
  0x31,0x34,0x2e,0x31,0x2c,0x31,0x34,0x2e,0x31,0x76,0x37,0x34,0x2e,0x36,0x68,0x2d,
  0x32,0x32,0x38,0x2e,0x39,0x63,0x2d,0x36,0x2e,0x39,0x2c,0x30,0x2d,0x31,0x32,0x2e,
  0x36,0x2d,0x35,0x2e,0x37,0x2d,0x31,0x32,0x2e,0x36,0x2d,0x31,0x32,0x2e,0x36,0x56,
  0x34,0x30,0x2e,0x38,0x63,0x30,0x2d,0x36,0x2e,0x39,0x2c,0x35,0x2e,0x36,0x2d,0x31,
  0x32,0x2e,0x35,0x2c,0x31,0x32,0x2e,0x35,0x2d,0x31,0x32,0x2e,0x35,0x68,0x33,0x30,
  0x35,0x2e,0x32,0xd,0xa,0x9,0x9,0x9,0x63,0x36,0x2e,0x39,0x2c,0x30,0x2c,0x31,
  0x32,0x2e,0x35,0x2c,0x35,0x2e,0x36,0x2c,0x31,0x32,0x2e,0x35,0x2c,0x31,0x32,0x2e,
  0x35,0x56,0x33,0x39,0x31,0x2e,0x31,0x7a,0x22,0x2f,0x3e,0xd,0xa,0x9,0x3c,0x2f,
  0x67,0x3e,0xd,0xa,0x3c,0x2f,0x67,0x3e,0xd,0xa,0x3c,0x67,0x3e,0xd,0xa,0x9,
  0x3c,0x67,0x3e,0xd,0xa,0x9,0x9,0x3c,0x70,0x61,0x74,0x68,0x20,0x64,0x3d,0x22,
  0x4d,0x33,0x38,0x30,0x2e,0x30,0x35,0x2c,0x37,0x36,0x2e,0x38,0x68,0x2d,0x32,0x35,
  0x32,0x63,0x2d,0x37,0x2e,0x38,0x2c,0x30,0x2d,0x31,0x34,0x2e,0x31,0x2c,0x36,0x2e,
  0x33,0x2d,0x31,0x34,0x2e,0x31,0x2c,0x31,0x34,0x2e,0x31,0x63,0x30,0x2c,0x37,0x2e,
  0x38,0x2c,0x36,0x2e,0x33,0x2c,0x31,0x34,0x2e,0x31,0x2c,0x31,0x34,0x2e,0x31,0x2c,
  0x31,0x34,0x2e,0x31,0x68,0x32,0x35,0x32,0x63,0x37,0x2e,0x38,0x2c,0x30,0x2c,0x31,
  0x34,0x2e,0x31,0x2d,0x36,0x2e,0x33,0x2c,0x31,0x34,0x2e,0x31,0x2d,0x31,0x34,0x2e,
  0x31,0xd,0xa,0x9,0x9,0x9,0x43,0x33,0x39,0x34,0x2e,0x31,0x35,0x2c,0x38,0x33,
  0x2e,0x31,0x2c,0x33,0x38,0x37,0x2e,0x38,0x35,0x2c,0x37,0x36,0x2e,0x38,0x2c,0x33,
  0x38,0x30,0x2e,0x30,0x35,0x2c,0x37,0x36,0x2e,0x38,0x7a,0x22,0x2f,0x3e,0xd,0xa,
  0x9,0x3c,0x2f,0x67,0x3e,0xd,0xa,0x3c,0x2f,0x67,0x3e,0xd,0xa,0x3c,0x67,0x3e,
  0xd,0xa,0x9,0x3c,0x67,0x3e,0xd,0xa,0x9,0x9,0x3c,0x70,0x61,0x74,0x68,0x20,
  0x64,0x3d,0x22,0x4d,0x33,0x38,0x30,0x2e,0x30,0x35,0x2c,0x31,0x38,0x35,0x2e,0x36,
  0x68,0x2d,0x32,0x35,0x32,0x63,0x2d,0x37,0x2e,0x38,0x2c,0x30,0x2d,0x31,0x34,0x2e,
  0x31,0x2c,0x36,0x2e,0x33,0x2d,0x31,0x34,0x2e,0x31,0x2c,0x31,0x34,0x2e,0x31,0x63,
  0x30,0x2c,0x37,0x2e,0x37,0x2c,0x36,0x2e,0x33,0x2c,0x31,0x34,0x2e,0x31,0x2c,0x31,
  0x34,0x2e,0x31,0x2c,0x31,0x34,0x2e,0x31,0x68,0x32,0x35,0x32,0x63,0x37,0x2e,0x38,
  0x2c,0x30,0x2c,0x31,0x34,0x2e,0x31,0x2d,0x36,0x2e,0x33,0x2c,0x31,0x34,0x2e,0x31,
  0x2d,0x31,0x34,0x2e,0x31,0xd,0xa,0x9,0x9,0x9,0x43,0x33,0x39,0x34,0x2e,0x31,
  0x35,0x2c,0x31,0x39,0x31,0x2e,0x39,0x2c,0x33,0x38,0x37,0x2e,0x38,0x35,0x2c,0x31,
  0x38,0x35,0x2e,0x36,0x2c,0x33,0x38,0x30,0x2e,0x30,0x35,0x2c,0x31,0x38,0x35,0x2e,
  0x36,0x7a,0x22,0x2f,0x3e,0xd,0xa,0x9,0x3c,0x2f,0x67,0x3e,0xd,0xa,0x3c,0x2f,
  0x67,0x3e,0xd,0xa,0x3c,0x67,0x3e,0xd,0xa,0x9,0x3c,0x67,0x3e,0xd,0xa,0x9,
  0x9,0x3c,0x70,0x61,0x74,0x68,0x20,0x64,0x3d,0x22,0x4d,0x33,0x38,0x30,0x2e,0x30,
  0x35,0x2c,0x32,0x39,0x34,0x2e,0x33,0x68,0x2d,0x32,0x35,0x32,0x63,0x2d,0x37,0x2e,
  0x38,0x2c,0x30,0x2d,0x31,0x34,0x2e,0x31,0x2c,0x36,0x2e,0x33,0x2d,0x31,0x34,0x2e,
  0x31,0x2c,0x31,0x34,0x2e,0x31,0x63,0x30,0x2c,0x37,0x2e,0x37,0x2c,0x36,0x2e,0x33,
  0x2c,0x31,0x34,0x2e,0x31,0x2c,0x31,0x34,0x2e,0x31,0x2c,0x31,0x34,0x2e,0x31,0x68,
  0x32,0x35,0x32,0x63,0x37,0x2e,0x38,0x2c,0x30,0x2c,0x31,0x34,0x2e,0x31,0x2d,0x36,
  0x2e,0x33,0x2c,0x31,0x34,0x2e,0x31,0x2d,0x31,0x34,0x2e,0x31,0xd,0xa,0x9,0x9,
  0x9,0x43,0x33,0x39,0x34,0x2e,0x31,0x35,0x2c,0x33,0x30,0x30,0x2e,0x36,0x2c,0x33,
  0x38,0x37,0x2e,0x38,0x35,0x2c,0x32,0x39,0x34,0x2e,0x33,0x2c,0x33,0x38,0x30,0x2e,
  0x30,0x35,0x2c,0x32,0x39,0x34,0x2e,0x33,0x7a,0x22,0x2f,0x3e,0xd,0xa,0x9,0x3c,
  0x2f,0x67,0x3e,0xd,0xa,0x3c,0x2f,0x67,0x3e,0xd,0xa,0x3c,0x67,0x3e,0xd,0xa,
  0x9,0x3c,0x67,0x3e,0xd,0xa,0x9,0x9,0x3c,0x70,0x61,0x74,0x68,0x20,0x64,0x3d,
  0x22,0x4d,0x32,0x36,0x33,0x2e,0x38,0x35,0x2c,0x34,0x30,0x33,0x68,0x2d,0x31,0x33,
  0x35,0x2e,0x38,0x63,0x2d,0x37,0x2e,0x38,0x2c,0x30,0x2d,0x31,0x34,0x2e,0x31,0x2c,
  0x36,0x2e,0x33,0x2d,0x31,0x34,0x2e,0x31,0x2c,0x31,0x34,0x2e,0x31,0x73,0x36,0x2e,
  0x33,0x2c,0x31,0x34,0x2e,0x31,0x2c,0x31,0x34,0x2e,0x31,0x2c,0x31,0x34,0x2e,0x31,
  0x68,0x31,0x33,0x35,0x2e,0x38,0x63,0x37,0x2e,0x38,0x2c,0x30,0x2c,0x31,0x34,0x2e,
  0x31,0x2d,0x36,0x2e,0x33,0x2c,0x31,0x34,0x2e,0x31,0x2d,0x31,0x34,0x2e,0x31,0xd,
  0xa,0x9,0x9,0x9,0x43,0x32,0x37,0x38,0x2e,0x30,0x35,0x2c,0x34,0x30,0x39,0x2e,
  0x33,0x2c,0x32,0x37,0x31,0x2e,0x36,0x35,0x2c,0x34,0x30,0x33,0x2c,0x32,0x36,0x33,
  0x2e,0x38,0x35,0x2c,0x34,0x30,0x33,0x7a,0x22,0x2f,0x3e,0xd,0xa,0x9,0x3c,0x2f,
  0x67,0x3e,0xd,0xa,0x3c,0x2f,0x67,0x3e,0xd,0xa,0x3c,0x2f,0x73,0x76,0x67,0x3e,
  
    // /home/etapadmin/Masaüstü/e-ag-qt6/dds/dds-monitor/icons/send.svg
  0x0,0x0,0x5,0x3c,
  0x28,
  0xb5,0x2f,0xfd,0x60,0x8,0x14,0x95,0x29,0x0,0x76,0x70,0x8b,0x26,0x0,0xb1,0x36,
  0x7,0x1b,0xd5,0x68,0x57,0x6f,0xc3,0xfb,0x4c,0xd3,0x55,0x64,0xc4,0xdc,0x60,0x20,
  0x8d,0x1b,0x42,0xec,0xee,0xde,0x52,0x8a,0xb6,0xe6,0x75,0xc5,0x4d,0xf5,0xff,0xdf,
  0x45,0x5,0x13,0x9a,0x0,0x84,0x0,0x71,0x0,0x4f,0x64,0x83,0x62,0xe8,0x48,0x98,
  0x8b,0x1,0x4,0x8,0xb0,0xe7,0x31,0xe7,0xd4,0xc,0xd,0x26,0xb3,0x1,0x79,0x38,
  0xe7,0xf6,0x71,0xa9,0xa8,0x73,0xe7,0xf1,0x80,0x6c,0x38,0x9c,0xe9,0x89,0x58,0x1a,
  0x8b,0x4a,0xe2,0xb0,0x40,0x3c,0x91,0xb,0xc,0x7b,0x74,0xe2,0x5c,0x60,0x3a,0xec,
  0xd9,0xd8,0x38,0x27,0x9f,0x8,0x67,0xba,0x60,0xa4,0x89,0xb5,0xc6,0xac,0xc,0x45,
  0x51,0xb0,0x4a,0xda,0xc0,0x44,0xb0,0x8a,0xe2,0x58,0x2a,0x49,0x23,0x3d,0x30,0x48,
  0x83,0x8a,0x5e,0x5d,0x2e,0xeb,0x9d,0x4e,0x87,0x41,0xd4,0x46,0x92,0x60,0xf,0x95,
  0x9,0x6,0xa1,0x38,0xec,0x42,0xba,0xb0,0x50,0x99,0x4d,0x5,0x6b,0x6d,0x0,0x21,
  0x40,0x20,0x41,0xe1,0xd1,0x36,0x9f,0x94,0x8d,0xb2,0x30,0x4f,0xe4,0xa2,0xc1,0x5c,
  0x50,0x91,0x46,0x62,0x8f,0xbb,0x3e,0x11,0xd,0x85,0xb1,0x2a,0xe9,0x62,0x19,0x8d,
  0xd,0x5,0x84,0x77,0x6f,0xe1,0x44,0x27,0x93,0x78,0x79,0x3c,0xf1,0x3d,0x7b,0xef,
  0x22,0xef,0xe5,0xec,0x28,0xdf,0x9f,0xb2,0x64,0xf5,0xaf,0x45,0x3a,0x59,0xa7,0x72,
  0x4,0xeb,0x90,0x97,0xd,0xc1,0x77,0xf3,0x63,0x95,0xc4,0xcf,0x37,0x55,0x0,0x0,
  0x2,0x4,0x9a,0x8b,0xe4,0x55,0x29,0x4d,0x42,0x2d,0xc2,0x7d,0x43,0x2e,0x62,0x7e,
  0x87,0xac,0x17,0xb3,0x9e,0x1f,0x43,0xf2,0x93,0x35,0x82,0x3d,0x7,0x93,0x86,0x75,
  0xe8,0x9,0x1,0x24,0x93,0xc1,0x60,0x64,0x38,0x38,0x16,0x9b,0x38,0x96,0xd,0x2,
  0x80,0x81,0x32,0x2d,0x90,0x38,0x96,0xcc,0x13,0xd1,0xa8,0x28,0xc,0x4b,0x63,0xa9,
  0x38,0xec,0xf2,0x48,0x57,0x25,0x59,0x52,0xb5,0x79,0x22,0x52,0x64,0xd9,0x58,0x90,
  0x8,0xfb,0xec,0x1e,0x73,0xcc,0x5,0x97,0x50,0x1e,0x4e,0xfe,0x84,0xd0,0xb9,0xbf,
  0xd6,0xfd,0xf2,0xd4,0xbd,0x54,0xde,0xf7,0xf2,0xd4,0xbe,0x36,0xd7,0xa2,0xe8,0xe2,
  0x15,0x82,0xef,0xdb,0xe4,0x67,0xf3,0xec,0x47,0x9,0x14,0xf5,0xa7,0xea,0x4,0x35,
  0xc7,0xf9,0xd7,0xe4,0x77,0xe5,0x61,0x8b,0xf6,0x1a,0x99,0xe2,0x66,0x3b,0x3c,0xf8,
  0xf4,0x55,0x74,0x77,0x82,0x7f,0xdb,0xae,0xfe,0x3a,0x6d,0x53,0xff,0xc1,0x5,0x6,
  0x65,0x58,0x58,0x78,0x44,0x86,0xf8,0xed,0xe5,0x63,0x89,0x7c,0xbb,0x6d,0x17,0x45,
  0xae,0x5e,0xf2,0xa,0xaf,0x90,0x63,0xf3,0xb5,0x77,0xa2,0xb5,0x66,0x49,0xf8,0xe8,
  0x1e,0x15,0x72,0xfc,0x19,0xcd,0xb7,0x31,0x9,0x97,0xcb,0xaa,0xb4,0xa9,0x2f,0x1f,
  0x53,0xb4,0xf,0x21,0x38,0xf,0xa7,0xea,0xca,0xb,0xbe,0xa5,0xc0,0xf3,0x93,0xb3,
  0x3d,0xc9,0x87,0xfa,0x3d,0x21,0xd9,0xac,0x86,0xbb,0xee,0xad,0x7c,0x6d,0xbc,0x7c,
  0x3a,0xf1,0x83,0xb7,0xf6,0xdc,0x5b,0x81,0x1c,0x2f,0x65,0xaf,0xd8,0x93,0x2,0xdb,
  0x65,0x5d,0x90,0x23,0xd6,0xfd,0xc6,0xa5,0xc0,0xab,0xdc,0xca,0x53,0x76,0x7f,0xf1,
  0x7d,0xe3,0xbe,0xdf,0xbe,0x9,0xb6,0xd4,0x71,0x43,0x3c,0xfb,0xcc,0xfb,0xc7,0xfb,
  0xe9,0x74,0xde,0xa9,0x4a,0x18,0x1e,0x3a,0xed,0x4b,0xb9,0x7a,0x37,0x57,0x2,0x1f,
  0x75,0xe5,0x9f,0xdc,0xb8,0xf0,0x51,0xb2,0x1,0x81,0x71,0xa8,0xf1,0x21,0x22,0x54,
  0x24,0x22,0x49,0xa,0x52,0x28,0x34,0x7,0x81,0x8c,0x40,0x21,0x27,0xc5,0x33,0x1e,
  0xc2,0x70,0x5c,0x8c,0xab,0x14,0xe1,0x84,0x19,0x32,0x22,0x22,0xa1,0x4,0x22,0x91,
  0x90,0x24,0x49,0x19,0x49,0x7,0x3f,0x27,0xb0,0x76,0xa8,0x55,0x87,0x77,0xe2,0xaa,
  0xe6,0xa5,0xf4,0xe9,0x75,0x24,0x33,0xe0,0x64,0xf0,0xf8,0xb6,0xa,0x26,0xa3,0xe2,
  0xc1,0xdf,0x89,0x45,0x51,0xd0,0x73,0x6d,0x94,0x7d,0x8b,0x69,0xa5,0x9b,0x51,0xea,
  0xe2,0xe8,0xf5,0x68,0xa0,0x72,0x23,0xc5,0x13,0x2d,0xea,0x56,0xa7,0xdb,0xe1,0x27,
  0xa,0x90,0x5b,0xc0,0x98,0xd9,0xa6,0xdf,0x48,0x7f,0x36,0x4e,0x7f,0xe0,0xf,0x35,
  0x29,0xb9,0x12,0x38,0x82,0x2d,0x69,0x2d,0x22,0xe0,0x9e,0x73,0xe6,0x2d,0xcc,0xea,
  0x3a,0x4e,0x1f,0x46,0xa5,0xbe,0x4a,0xb,0xc1,0x98,0xb2,0x57,0xdd,0x14,0xc7,0x90,
  0x88,0x84,0xa0,0xaa,0x53,0x88,0xbd,0x96,0xc2,0x2f,0x26,0x15,0x81,0x3,0xd9,0x46,
  0x70,0x37,0x21,0x9b,0x57,0x32,0x6,0xfc,0x12,0x66,0x49,0x5f,0xa7,0x6a,0xc7,0x0,
  0x6f,0x39,0xbe,0x70,0x1d,0x50,0xa5,0xcb,0x4b,0x82,0xb,0x67,0xcd,0x2,0x34,0xd8,
  0x16,0xd8,0x8b,0x4c,0x4e,0xa6,0xda,0xeb,0xb0,0x43,0xbe,0x93,0x93,0xb4,0x2e,0xb5,
  0xb6,0xf7,0x37,0xc,0x40,0xb3,0x5e,0xbb,0x3c,0x23,0xb2,0xcb,0xe3,0xb9,0xfb,0x7,
  0x24,0xc,0x55,0xa8,0x8,0xc1,0x97,0x74,0x28,0x7c,0x4b,0x85,0x93,0x2,0x9d,0x69,
  0x82,0xb1,0x63,0xe9,0xda,0x43,0x65,0xe1,0x65,0xa1,0xa9,0xa9,0xff,0x3b,0x35,0xa4,
  0xf4,0x41,0xed,0xc4,0x28,0xae,0xb9,0x89,0x83,0x9a,0x4c,0xae,0xd4,0x74,0x38,0x4c,
  0x12,0x7f,0x23,0xde,0xf8,0x49,0xa,0x55,0x84,0x25,0x38,0x7e,0x40,0x25,0x3d,0xce,
  0xf1,0x99,0x29,0xe5,0x8f,0xa,0x9c,0x88,0x4e,0x9,0xe2,0x2c,0x79,0x26,0xe9,0xb2,
  0x8,0x6,0x6a,0x1,0xd,0xe3,0x94,0x22,0x3e,0x23,0x8e,0x22,0xf,0x65,0xa,0x38,
  0xce,0x64,0x45,0x45,0xf8,0x10,0x6,0x7c,0x5a,0xb9,0x8e,0x47,0x6b,0xb5,0xb4,0x6,
  0xbd,0x64,0xbc,0x42,0x83,0x20,0x36,0x6f,0x12,0x36,0x76,0xde,0x87,0xbe,0x6d,0x7c,
  0x57,0xc6,0x40,0xcf,0x82,0x8,0x6,0x55,0xbe,0xb0,0x41,0x4f,0x12,0xf9,0x58,0x48,
  0xd,0xd4,0xde,0x95,0x5,0x81,0x7a,0x35,0xd8,0x49,0x6a,0x13,0xf8,0x8c,0xb,0xda,
  0x54,0x39,0x5b,0x1,0xf2,0x93,0x72,0x67,0xca,0x42,0x7c,0xab,0x9d,0xe1,0x81,0x2d,
  0x79,0x13,0x5f,0x62,0x28,0x6b,0x4d,0xb3,0x7e,0x46,0x99,0xef,0x5c,0x86,0x31,0xe3,
  0x82,0x32,0xc0,0xc3,0x64,0x17,0x93,0x93,0x15,0x3d,0x81,0xd6,0xd0,0xa3,0xef,0xad,
  0x9e,0x9,0x35,0x26,0x9e,0x83,0x6b,0x54,0x4b,0xff,0x67,0x96,0x86,0xc3,0x1c,0x4,
  0x40,0x8b,0xd6,0xb6,0x21,0x95,0x36,0xb2,0x6,0xaa,0xb1,0xd9,0x18,0x82,0xe4,0x27,
  0xda,0x40,0xf1,0x4d,0x8f,0x8a,0xa6,0x2b,0x7d,0x71,0x56,0xcb,0xf5,0x4b,0xfc,0xc,
  0x9,0xc1,0x8e,0x10,0xde,0xda,0x50,0x44,0xdc,0x33,0x3f,0xce,0xbd,0x20,0xb,0x16,
  0x96,0x1c,0x6b,0x14,0xe0,0xda,0xd7,0x23,0x9a,0xb5,0x76,0x77,0xfd,0x4c,0xb7,0xb2,
  0xb2,0xd1,0xd6,0xa0,0xd,0x8d,0xb1,0x10,0xd2,0xf0,0xa,0x2,0x56,0xa0,0xd,0x4c,
  0x43,0x8e,0x75,0x20,0x6a,0x4,0x9d,0xe3,0xab,0x96,0x72,0xe3,0x97,0x18,0x94,0xc2,
  0xdb,0xe9,0x5b,0x44,0xcd,0xd0,0x1a,0x6c,0xb1,0x42,0x48,0x30,0xf2,0xa3,0x52,0xbb,
  0x21,0x1,0x49,0xc1,0x5c,0x76,0x89,0x85,0x18,0xc2,0x9b,0x3f,0x89,0x83,0xf3,0x56,
  0x4d,0xb,0x39,0x66,0x5b,0x9b,0x1b,0x1b,0x3c,0x7a,0x64,0xb6,0x99,0x71,0x2d,0xcb,
  0x4e,0xe3,0x68,0x60,0xc0,0xa,0x7d,0x86,0x68,0x86,0x10,0x5c,0x3e,0xe0,0x66,0x3e,
  0x49,0xc8,0xef,0x1a,0x10,0x3,0xb7,0xf9,0x9f,0xfe,0x66,0xaf,0xa6,0xf1,0x7f,0xcc,
  0x1d,0x18,0xd0,0x90,0x53,0x38,0x4,0x14,0xad,0x1c,0x3a,0x7c,0x8e,0xf,0xda,0x9c,
  0xc9,0x91,0xe8,0x8e,0x77,0xc5,0x43,0xc2,0x5f,0xd1,0x33,0xd,0xf1,0xaf,0x9,0x19,
  0x3c,0x8,0xfa,0x36,0x4,0x4f,0x4a,0x14,0x3d,0x1,0xf9,0x8b,0xc7,0xcb,0xa0,0xde,
  0xa1,0x78,0xfb,0x5c,0x5f,0x22,0xbe,0xa3,0xd3,0xf7,0x6b,0x8,0x50,0x6b,0x58,0xd1,
  0xfc,0x44,0x4c,0x61,0xec,0xe2,0xfd,0x86,0x4e,0x94,0x18,0xad,0x56,0xea,0xc6,0xdf,
  0xeb,0x3a,0xb0,0x11,0x12,0xe1,0x90,0xf,0xc,0x5,0xdc,0xdf,0x9c,0x42,0x9d,0x2,
  0xfc,0xee,0xed,0xc7,0x7a,0x1a,0x4c,0x8f,0x63,0x28,0x75,0xeb,0xf6,0x87,0xe1,0x35,
  0x8b,0x33,0x9f,0xd5,0x31,0x28,0x81,0xd5,0xeb,0xa,0x40,0xf4,0x80,0x7a,0x8d,0x2a,
  0x3b,0x60,0x95,0x6f,0x7e,0x8a,0xe3,0x47,0x80,0x29,0xaa,
    // /home/etapadmin/Masaüstü/e-ag-qt6/dds/dds-monitor/icons/unselect.svg
  0x0,0x0,0x2,0x49,
  0x3c,
  0x21,0x44,0x4f,0x43,0x54,0x59,0x50,0x45,0x20,0x73,0x76,0x67,0x20,0x50,0x55,0x42,
  0x4c,0x49,0x43,0x20,0x22,0x2d,0x2f,0x2f,0x57,0x33,0x43,0x2f,0x2f,0x44,0x54,0x44,
  0x20,0x53,0x56,0x47,0x20,0x31,0x2e,0x31,0x2f,0x2f,0x45,0x4e,0x22,0x20,0x22,0x68,
  0x74,0x74,0x70,0x3a,0x2f,0x2f,0x77,0x77,0x77,0x2e,0x77,0x33,0x2e,0x6f,0x72,0x67,
  0x2f,0x47,0x72,0x61,0x70,0x68,0x69,0x63,0x73,0x2f,0x53,0x56,0x47,0x2f,0x31,0x2e,
  0x31,0x2f,0x44,0x54,0x44,0x2f,0x73,0x76,0x67,0x31,0x31,0x2e,0x64,0x74,0x64,0x22,
  0x3e,0xa,0x3c,0x21,0x2d,0x2d,0x20,0x55,0x70,0x6c,0x6f,0x61,0x64,0x65,0x64,0x20,
  0x74,0x6f,0x3a,0x20,0x53,0x56,0x47,0x20,0x52,0x65,0x70,0x6f,0x2c,0x20,0x77,0x77,
  0x77,0x2e,0x73,0x76,0x67,0x72,0x65,0x70,0x6f,0x2e,0x63,0x6f,0x6d,0x2c,0x20,0x54,
  0x72,0x61,0x6e,0x73,0x66,0x6f,0x72,0x6d,0x65,0x64,0x20,0x62,0x79,0x3a,0x20,0x53,
  0x56,0x47,0x20,0x52,0x65,0x70,0x6f,0x20,0x4d,0x69,0x78,0x65,0x72,0x20,0x54,0x6f,
  0x6f,0x6c,0x73,0x20,0x2d,0x2d,0x3e,0xa,0x3c,0x73,0x76,0x67,0x20,0x66,0x69,0x6c,
  0x6c,0x3d,0x22,0x23,0x37,0x37,0x37,0x36,0x37,0x62,0x22,0x20,0x77,0x69,0x64,0x74,
  0x68,0x3d,0x22,0x38,0x30,0x30,0x70,0x78,0x22,0x20,0x68,0x65,0x69,0x67,0x68,0x74,
  0x3d,0x22,0x38,0x30,0x30,0x70,0x78,0x22,0x20,0x76,0x69,0x65,0x77,0x42,0x6f,0x78,
  0x3d,0x22,0x30,0x20,0x30,0x20,0x32,0x34,0x20,0x32,0x34,0x22,0x20,0x78,0x6d,0x6c,
  0x6e,0x73,0x3d,0x22,0x68,0x74,0x74,0x70,0x3a,0x2f,0x2f,0x77,0x77,0x77,0x2e,0x77,
  0x33,0x2e,0x6f,0x72,0x67,0x2f,0x32,0x30,0x30,0x30,0x2f,0x73,0x76,0x67,0x22,0x3e,
  0xa,0xd,0x3c,0x67,0x20,0x69,0x64,0x3d,0x22,0x53,0x56,0x47,0x52,0x65,0x70,0x6f,
  0x5f,0x62,0x67,0x43,0x61,0x72,0x72,0x69,0x65,0x72,0x22,0x20,0x73,0x74,0x72,0x6f,
  0x6b,0x65,0x2d,0x77,0x69,0x64,0x74,0x68,0x3d,0x22,0x30,0x22,0x2f,0x3e,0xa,0xd,
  0x3c,0x67,0x20,0x69,0x64,0x3d,0x22,0x53,0x56,0x47,0x52,0x65,0x70,0x6f,0x5f,0x74,
  0x72,0x61,0x63,0x65,0x72,0x43,0x61,0x72,0x72,0x69,0x65,0x72,0x22,0x20,0x73,0x74,
  0x72,0x6f,0x6b,0x65,0x2d,0x6c,0x69,0x6e,0x65,0x63,0x61,0x70,0x3d,0x22,0x72,0x6f,
  0x75,0x6e,0x64,0x22,0x20,0x73,0x74,0x72,0x6f,0x6b,0x65,0x2d,0x6c,0x69,0x6e,0x65,
  0x6a,0x6f,0x69,0x6e,0x3d,0x22,0x72,0x6f,0x75,0x6e,0x64,0x22,0x2f,0x3e,0xa,0xd,
  0x3c,0x67,0x20,0x69,0x64,0x3d,0x22,0x53,0x56,0x47,0x52,0x65,0x70,0x6f,0x5f,0x69,
  0x63,0x6f,0x6e,0x43,0x61,0x72,0x72,0x69,0x65,0x72,0x22,0x3e,0xa,0xd,0x3c,0x70,
  0x61,0x74,0x68,0x20,0x64,0x3d,0x22,0x4d,0x37,0x20,0x35,0x63,0x2d,0x31,0x2e,0x31,
  0x30,0x33,0x20,0x30,0x2d,0x32,0x20,0x2e,0x38,0x39,0x37,0x2d,0x32,0x20,0x32,0x76,
  0x31,0x30,0x63,0x30,0x20,0x31,0x2e,0x31,0x30,0x33,0x2e,0x38,0x39,0x37,0x20,0x32,
  0x20,0x32,0x20,0x32,0x68,0x31,0x30,0x63,0x31,0x2e,0x31,0x30,0x33,0x20,0x30,0x20,
  0x32,0x2d,0x2e,0x38,0x39,0x37,0x20,0x32,0x2d,0x32,0x56,0x37,0x63,0x30,0x2d,0x31,
  0x2e,0x31,0x30,0x33,0x2d,0x2e,0x38,0x39,0x37,0x2d,0x32,0x2d,0x32,0x2d,0x32,0x48,
  0x37,0x7a,0x6d,0x30,0x20,0x31,0x32,0x56,0x37,0x68,0x31,0x30,0x6c,0x2e,0x30,0x30,
  0x32,0x20,0x31,0x30,0x48,0x37,0x7a,0x22,0x2f,0x3e,0xa,0xd,0x3c,0x2f,0x67,0x3e,
  0xa,0xd,0x3c,0x2f,0x73,0x76,0x67,0x3e,
    // /home/etapadmin/Masaüstü/e-ag-qt6/dds/dds-monitor/icons/sendhome.svg
  0x0,0x0,0x17,0x93,
  0x3c,
  0x3f,0x78,0x6d,0x6c,0x20,0x76,0x65,0x72,0x73,0x69,0x6f,0x6e,0x3d,0x22,0x31,0x2e,
  0x30,0x22,0x20,0x65,0x6e,0x63,0x6f,0x64,0x69,0x6e,0x67,0x3d,0x22,0x55,0x54,0x46,
  0x2d,0x38,0x22,0x20,0x73,0x74,0x61,0x6e,0x64,0x61,0x6c,0x6f,0x6e,0x65,0x3d,0x22,
  0x6e,0x6f,0x22,0x3f,0x3e,0xa,0x3c,0x21,0x2d,0x2d,0x20,0x47,0x65,0x6e,0x65,0x72,
  0x61,0x74,0x6f,0x72,0x3a,0x20,0x41,0x64,0x6f,0x62,0x65,0x20,0x49,0x6c,0x6c,0x75,
  0x73,0x74,0x72,0x61,0x74,0x6f,0x72,0x20,0x31,0x39,0x2e,0x30,0x2e,0x30,0x2c,0x20,
  0x53,0x56,0x47,0x20,0x45,0x78,0x70,0x6f,0x72,0x74,0x20,0x50,0x6c,0x75,0x67,0x2d,
  0x49,0x6e,0x20,0x2e,0x20,0x53,0x56,0x47,0x20,0x56,0x65,0x72,0x73,0x69,0x6f,0x6e,
  0x3a,0x20,0x36,0x2e,0x30,0x30,0x20,0x42,0x75,0x69,0x6c,0x64,0x20,0x30,0x29,0x20,
  0x20,0x2d,0x2d,0x3e,0xa,0xa,0x3c,0x73,0x76,0x67,0xa,0x20,0x20,0x20,0x76,0x65,
  0x72,0x73,0x69,0x6f,0x6e,0x3d,0x22,0x31,0x2e,0x31,0x22,0xa,0x20,0x20,0x20,0x69,
  0x64,0x3d,0x22,0x4c,0x61,0x79,0x65,0x72,0x5f,0x31,0x22,0xa,0x20,0x20,0x20,0x78,
  0x3d,0x22,0x30,0x70,0x78,0x22,0xa,0x20,0x20,0x20,0x79,0x3d,0x22,0x30,0x70,0x78,
  0x22,0xa,0x20,0x20,0x20,0x76,0x69,0x65,0x77,0x42,0x6f,0x78,0x3d,0x22,0x30,0x20,
  0x30,0x20,0x34,0x38,0x39,0x2e,0x37,0x20,0x34,0x38,0x39,0x2e,0x37,0x22,0xa,0x20,
  0x20,0x20,0x73,0x74,0x79,0x6c,0x65,0x3d,0x22,0x65,0x6e,0x61,0x62,0x6c,0x65,0x2d,
  0x62,0x61,0x63,0x6b,0x67,0x72,0x6f,0x75,0x6e,0x64,0x3a,0x6e,0x65,0x77,0x20,0x30,
  0x20,0x30,0x20,0x34,0x38,0x39,0x2e,0x37,0x20,0x34,0x38,0x39,0x2e,0x37,0x3b,0x22,
  0xa,0x20,0x20,0x20,0x78,0x6d,0x6c,0x3a,0x73,0x70,0x61,0x63,0x65,0x3d,0x22,0x70,
  0x72,0x65,0x73,0x65,0x72,0x76,0x65,0x22,0xa,0x20,0x20,0x20,0x73,0x6f,0x64,0x69,
  0x70,0x6f,0x64,0x69,0x3a,0x64,0x6f,0x63,0x6e,0x61,0x6d,0x65,0x3d,0x22,0x73,0x65,
  0x6c,0x65,0x63,0x74,0x63,0x6f,0x70,0x79,0x66,0x69,0x6c,0x65,0x2e,0x73,0x76,0x67,
  0x22,0xa,0x20,0x20,0x20,0x69,0x6e,0x6b,0x73,0x63,0x61,0x70,0x65,0x3a,0x76,0x65,
  0x72,0x73,0x69,0x6f,0x6e,0x3d,0x22,0x31,0x2e,0x32,0x2e,0x32,0x20,0x28,0x62,0x30,
  0x61,0x38,0x34,0x38,0x36,0x35,0x34,0x31,0x2c,0x20,0x32,0x30,0x32,0x32,0x2d,0x31,
  0x32,0x2d,0x30,0x31,0x29,0x22,0xa,0x20,0x20,0x20,0x78,0x6d,0x6c,0x6e,0x73,0x3a,
  0x69,0x6e,0x6b,0x73,0x63,0x61,0x70,0x65,0x3d,0x22,0x68,0x74,0x74,0x70,0x3a,0x2f,
  0x2f,0x77,0x77,0x77,0x2e,0x69,0x6e,0x6b,0x73,0x63,0x61,0x70,0x65,0x2e,0x6f,0x72,
  0x67,0x2f,0x6e,0x61,0x6d,0x65,0x73,0x70,0x61,0x63,0x65,0x73,0x2f,0x69,0x6e,0x6b,
  0x73,0x63,0x61,0x70,0x65,0x22,0xa,0x20,0x20,0x20,0x78,0x6d,0x6c,0x6e,0x73,0x3a,
  0x73,0x6f,0x64,0x69,0x70,0x6f,0x64,0x69,0x3d,0x22,0x68,0x74,0x74,0x70,0x3a,0x2f,
  0x2f,0x73,0x6f,0x64,0x69,0x70,0x6f,0x64,0x69,0x2e,0x73,0x6f,0x75,0x72,0x63,0x65,
  0x66,0x6f,0x72,0x67,0x65,0x2e,0x6e,0x65,0x74,0x2f,0x44,0x54,0x44,0x2f,0x73,0x6f,
  0x64,0x69,0x70,0x6f,0x64,0x69,0x2d,0x30,0x2e,0x64,0x74,0x64,0x22,0xa,0x20,0x20,
  0x20,0x78,0x6d,0x6c,0x6e,0x73,0x3d,0x22,0x68,0x74,0x74,0x70,0x3a,0x2f,0x2f,0x77,
  0x77,0x77,0x2e,0x77,0x33,0x2e,0x6f,0x72,0x67,0x2f,0x32,0x30,0x30,0x30,0x2f,0x73,
  0x76,0x67,0x22,0xa,0x20,0x20,0x20,0x78,0x6d,0x6c,0x6e,0x73,0x3a,0x73,0x76,0x67,
  0x3d,0x22,0x68,0x74,0x74,0x70,0x3a,0x2f,0x2f,0x77,0x77,0x77,0x2e,0x77,0x33,0x2e,
  0x6f,0x72,0x67,0x2f,0x32,0x30,0x30,0x30,0x2f,0x73,0x76,0x67,0x22,0xa,0x20,0x20,
  0x20,0x78,0x6d,0x6c,0x6e,0x73,0x3a,0x72,0x64,0x66,0x3d,0x22,0x68,0x74,0x74,0x70,
  0x3a,0x2f,0x2f,0x77,0x77,0x77,0x2e,0x77,0x33,0x2e,0x6f,0x72,0x67,0x2f,0x31,0x39,
  0x39,0x39,0x2f,0x30,0x32,0x2f,0x32,0x32,0x2d,0x72,0x64,0x66,0x2d,0x73,0x79,0x6e,
  0x74,0x61,0x78,0x2d,0x6e,0x73,0x23,0x22,0xa,0x20,0x20,0x20,0x78,0x6d,0x6c,0x6e,
  0x73,0x3a,0x63,0x63,0x3d,0x22,0x68,0x74,0x74,0x70,0x3a,0x2f,0x2f,0x63,0x72,0x65,
  0x61,0x74,0x69,0x76,0x65,0x63,0x6f,0x6d,0x6d,0x6f,0x6e,0x73,0x2e,0x6f,0x72,0x67,
  0x2f,0x6e,0x73,0x23,0x22,0xa,0x20,0x20,0x20,0x78,0x6d,0x6c,0x6e,0x73,0x3a,0x64,
  0x63,0x3d,0x22,0x68,0x74,0x74,0x70,0x3a,0x2f,0x2f,0x70,0x75,0x72,0x6c,0x2e,0x6f,
  0x72,0x67,0x2f,0x64,0x63,0x2f,0x65,0x6c,0x65,0x6d,0x65,0x6e,0x74,0x73,0x2f,0x31,
  0x2e,0x31,0x2f,0x22,0x3e,0x3c,0x6d,0x65,0x74,0x61,0x64,0x61,0x74,0x61,0xa,0x20,
  0x20,0x20,0x69,0x64,0x3d,0x22,0x6d,0x65,0x74,0x61,0x64,0x61,0x74,0x61,0x35,0x31,
  0x36,0x36,0x22,0x3e,0x3c,0x72,0x64,0x66,0x3a,0x52,0x44,0x46,0x3e,0x3c,0x63,0x63,
  0x3a,0x57,0x6f,0x72,0x6b,0xa,0x20,0x20,0x20,0x20,0x20,0x20,0x20,0x72,0x64,0x66,
  0x3a,0x61,0x62,0x6f,0x75,0x74,0x3d,0x22,0x22,0x3e,0x3c,0x64,0x63,0x3a,0x66,0x6f,
  0x72,0x6d,0x61,0x74,0x3e,0x69,0x6d,0x61,0x67,0x65,0x2f,0x73,0x76,0x67,0x2b,0x78,
  0x6d,0x6c,0x3c,0x2f,0x64,0x63,0x3a,0x66,0x6f,0x72,0x6d,0x61,0x74,0x3e,0x3c,0x64,
  0x63,0x3a,0x74,0x79,0x70,0x65,0xa,0x20,0x20,0x20,0x20,0x20,0x20,0x20,0x20,0x20,
  0x72,0x64,0x66,0x3a,0x72,0x65,0x73,0x6f,0x75,0x72,0x63,0x65,0x3d,0x22,0x68,0x74,
  0x74,0x70,0x3a,0x2f,0x2f,0x70,0x75,0x72,0x6c,0x2e,0x6f,0x72,0x67,0x2f,0x64,0x63,
  0x2f,0x64,0x63,0x6d,0x69,0x74,0x79,0x70,0x65,0x2f,0x53,0x74,0x69,0x6c,0x6c,0x49,
  0x6d,0x61,0x67,0x65,0x22,0x20,0x2f,0x3e,0x3c,0x64,0x63,0x3a,0x74,0x69,0x74,0x6c,
  0x65,0x20,0x2f,0x3e,0x3c,0x2f,0x63,0x63,0x3a,0x57,0x6f,0x72,0x6b,0x3e,0x3c,0x2f,
  0x72,0x64,0x66,0x3a,0x52,0x44,0x46,0x3e,0x3c,0x2f,0x6d,0x65,0x74,0x61,0x64,0x61,
  0x74,0x61,0x3e,0x3c,0x64,0x65,0x66,0x73,0xa,0x20,0x20,0x20,0x69,0x64,0x3d,0x22,
  0x64,0x65,0x66,0x73,0x35,0x31,0x36,0x34,0x22,0x20,0x2f,0x3e,0x3c,0x73,0x6f,0x64,
  0x69,0x70,0x6f,0x64,0x69,0x3a,0x6e,0x61,0x6d,0x65,0x64,0x76,0x69,0x65,0x77,0xa,
  0x20,0x20,0x20,0x70,0x61,0x67,0x65,0x63,0x6f,0x6c,0x6f,0x72,0x3d,0x22,0x23,0x66,
  0x66,0x66,0x66,0x66,0x66,0x22,0xa,0x20,0x20,0x20,0x62,0x6f,0x72,0x64,0x65,0x72,
  0x63,0x6f,0x6c,0x6f,0x72,0x3d,0x22,0x23,0x36,0x36,0x36,0x36,0x36,0x36,0x22,0xa,
  0x20,0x20,0x20,0x62,0x6f,0x72,0x64,0x65,0x72,0x6f,0x70,0x61,0x63,0x69,0x74,0x79,
  0x3d,0x22,0x31,0x22,0xa,0x20,0x20,0x20,0x6f,0x62,0x6a,0x65,0x63,0x74,0x74,0x6f,
  0x6c,0x65,0x72,0x61,0x6e,0x63,0x65,0x3d,0x22,0x31,0x30,0x22,0xa,0x20,0x20,0x20,
  0x67,0x72,0x69,0x64,0x74,0x6f,0x6c,0x65,0x72,0x61,0x6e,0x63,0x65,0x3d,0x22,0x31,
  0x30,0x22,0xa,0x20,0x20,0x20,0x67,0x75,0x69,0x64,0x65,0x74,0x6f,0x6c,0x65,0x72,
  0x61,0x6e,0x63,0x65,0x3d,0x22,0x31,0x30,0x22,0xa,0x20,0x20,0x20,0x69,0x6e,0x6b,
  0x73,0x63,0x61,0x70,0x65,0x3a,0x70,0x61,0x67,0x65,0x6f,0x70,0x61,0x63,0x69,0x74,
  0x79,0x3d,0x22,0x30,0x22,0xa,0x20,0x20,0x20,0x69,0x6e,0x6b,0x73,0x63,0x61,0x70,
  0x65,0x3a,0x70,0x61,0x67,0x65,0x73,0x68,0x61,0x64,0x6f,0x77,0x3d,0x22,0x32,0x22,
  0xa,0x20,0x20,0x20,0x69,0x6e,0x6b,0x73,0x63,0x61,0x70,0x65,0x3a,0x77,0x69,0x6e,
  0x64,0x6f,0x77,0x2d,0x77,0x69,0x64,0x74,0x68,0x3d,0x22,0x31,0x33,0x36,0x36,0x22,
  0xa,0x20,0x20,0x20,0x69,0x6e,0x6b,0x73,0x63,0x61,0x70,0x65,0x3a,0x77,0x69,0x6e,
  0x64,0x6f,0x77,0x2d,0x68,0x65,0x69,0x67,0x68,0x74,0x3d,0x22,0x36,0x36,0x37,0x22,
  0xa,0x20,0x20,0x20,0x69,0x64,0x3d,0x22,0x6e,0x61,0x6d,0x65,0x64,0x76,0x69,0x65,
  0x77,0x35,0x31,0x36,0x32,0x22,0xa,0x20,0x20,0x20,0x73,0x68,0x6f,0x77,0x67,0x72,
  0x69,0x64,0x3d,0x22,0x66,0x61,0x6c,0x73,0x65,0x22,0xa,0x20,0x20,0x20,0x69,0x6e,
  0x6b,0x73,0x63,0x61,0x70,0x65,0x3a,0x7a,0x6f,0x6f,0x6d,0x3d,0x22,0x30,0x2e,0x34,
  0x38,0x31,0x39,0x32,0x37,0x37,0x22,0xa,0x20,0x20,0x20,0x69,0x6e,0x6b,0x73,0x63,
  0x61,0x70,0x65,0x3a,0x63,0x78,0x3d,0x22,0x31,0x36,0x33,0x2e,0x39,0x32,0x35,0x22,
  0xa,0x20,0x20,0x20,0x69,0x6e,0x6b,0x73,0x63,0x61,0x70,0x65,0x3a,0x63,0x79,0x3d,
  0x22,0x32,0x34,0x36,0x2e,0x39,0x32,0x35,0x30,0x31,0x22,0xa,0x20,0x20,0x20,0x69,
  0x6e,0x6b,0x73,0x63,0x61,0x70,0x65,0x3a,0x77,0x69,0x6e,0x64,0x6f,0x77,0x2d,0x78,
  0x3d,0x22,0x30,0x22,0xa,0x20,0x20,0x20,0x69,0x6e,0x6b,0x73,0x63,0x61,0x70,0x65,
  0x3a,0x77,0x69,0x6e,0x64,0x6f,0x77,0x2d,0x79,0x3d,0x22,0x30,0x22,0xa,0x20,0x20,
  0x20,0x69,0x6e,0x6b,0x73,0x63,0x61,0x70,0x65,0x3a,0x77,0x69,0x6e,0x64,0x6f,0x77,
  0x2d,0x6d,0x61,0x78,0x69,0x6d,0x69,0x7a,0x65,0x64,0x3d,0x22,0x31,0x22,0xa,0x20,
  0x20,0x20,0x69,0x6e,0x6b,0x73,0x63,0x61,0x70,0x65,0x3a,0x63,0x75,0x72,0x72,0x65,
  0x6e,0x74,0x2d,0x6c,0x61,0x79,0x65,0x72,0x3d,0x22,0x67,0x35,0x31,0x32,0x39,0x22,
  0xa,0x20,0x20,0x20,0x69,0x6e,0x6b,0x73,0x63,0x61,0x70,0x65,0x3a,0x73,0x68,0x6f,
  0x77,0x70,0x61,0x67,0x65,0x73,0x68,0x61,0x64,0x6f,0x77,0x3d,0x22,0x32,0x22,0xa,
  0x20,0x20,0x20,0x69,0x6e,0x6b,0x73,0x63,0x61,0x70,0x65,0x3a,0x70,0x61,0x67,0x65,
  0x63,0x68,0x65,0x63,0x6b,0x65,0x72,0x62,0x6f,0x61,0x72,0x64,0x3d,0x22,0x30,0x22,
  0xa,0x20,0x20,0x20,0x69,0x6e,0x6b,0x73,0x63,0x61,0x70,0x65,0x3a,0x64,0x65,0x73,
  0x6b,0x63,0x6f,0x6c,0x6f,0x72,0x3d,0x22,0x23,0x64,0x31,0x64,0x31,0x64,0x31,0x22,
  0x20,0x2f,0x3e,0xa,0x3c,0x67,0xa,0x20,0x20,0x20,0x69,0x64,0x3d,0x22,0x67,0x35,
  0x31,0x32,0x39,0x22,0x3e,0xa,0x9,0xa,0x3c,0x67,0xa,0x20,0x20,0x20,0x69,0x64,
  0x3d,0x22,0x67,0x37,0x36,0x35,0x22,0xa,0x20,0x20,0x20,0x74,0x72,0x61,0x6e,0x73,
  0x66,0x6f,0x72,0x6d,0x3d,0x22,0x6d,0x61,0x74,0x72,0x69,0x78,0x28,0x30,0x2e,0x39,
  0x30,0x36,0x37,0x37,0x39,0x36,0x37,0x2c,0x30,0x2c,0x30,0x2c,0x30,0x2e,0x38,0x35,
  0x32,0x32,0x32,0x32,0x34,0x39,0x2c,0x32,0x32,0x2e,0x38,0x32,0x35,0x30,0x30,0x34,
  0x2c,0x2d,0x31,0x32,0x2e,0x38,0x38,0x35,0x38,0x31,0x37,0x29,0x22,0x3e,0x3c,0x67,
  0xa,0x20,0x20,0x20,0x20,0x20,0x69,0x64,0x3d,0x22,0x67,0x35,0x31,0x32,0x37,0x22,
  0xa,0x20,0x20,0x20,0x20,0x20,0x74,0x72,0x61,0x6e,0x73,0x66,0x6f,0x72,0x6d,0x3d,
  0x22,0x74,0x72,0x61,0x6e,0x73,0x6c,0x61,0x74,0x65,0x28,0x34,0x2e,0x38,0x32,0x37,
  0x35,0x32,0x38,0x36,0x65,0x2d,0x38,0x2c,0x2d,0x32,0x2e,0x30,0x37,0x35,0x30,0x30,
  0x30,0x31,0x29,0x22,0x3e,0xa,0x9,0x9,0x3c,0x70,0x61,0x74,0x68,0xa,0x20,0x20,
  0x20,0x69,0x64,0x3d,0x22,0x58,0x4d,0x4c,0x49,0x44,0x5f,0x31,0x32,0x38,0x34,0x5f,
  0x22,0xa,0x20,0x20,0x20,0x73,0x74,0x79,0x6c,0x65,0x3d,0x22,0x66,0x69,0x6c,0x6c,
  0x3a,0x23,0x30,0x30,0x66,0x66,0x30,0x30,0x22,0xa,0x20,0x20,0x20,0x64,0x3d,0x22,
  0x6d,0x20,0x31,0x37,0x2e,0x31,0x2c,0x33,0x35,0x37,0x2e,0x34,0x35,0x20,0x68,0x20,
  0x31,0x30,0x37,0x2e,0x37,0x20,0x63,0x20,0x34,0x2e,0x34,0x2c,0x30,0x20,0x38,0x2e,
  0x31,0x2c,0x33,0x2e,0x36,0x20,0x38,0x2e,0x31,0x2c,0x38,0x2e,0x31,0x20,0x76,0x20,
  0x36,0x35,0x2e,0x38,0x20,0x63,0x20,0x30,0x2c,0x34,0x2e,0x34,0x20,0x2d,0x33,0x2e,
  0x36,0x2c,0x38,0x2e,0x31,0x20,0x2d,0x38,0x2e,0x31,0x2c,0x38,0x2e,0x31,0x20,0x48,
  0x20,0x31,0x37,0x2e,0x31,0x20,0x63,0x20,0x2d,0x34,0x2e,0x34,0x2c,0x30,0x20,0x2d,
  0x38,0x2e,0x31,0x2c,0x2d,0x33,0x2e,0x36,0x20,0x2d,0x38,0x2e,0x31,0x2c,0x2d,0x38,
  0x2e,0x31,0x20,0x76,0x20,0x2d,0x36,0x35,0x2e,0x38,0x20,0x63,0x20,0x30,0x2c,0x2d,
  0x34,0x2e,0x35,0x20,0x33,0x2e,0x37,0x2c,0x2d,0x38,0x2e,0x31,0x20,0x38,0x2e,0x31,
  0x2c,0x2d,0x38,0x2e,0x31,0x20,0x7a,0x22,0xa,0x20,0x20,0x20,0x69,0x6e,0x6b,0x73,
  0x63,0x61,0x70,0x65,0x3a,0x63,0x6f,0x6e,0x6e,0x65,0x63,0x74,0x6f,0x72,0x2d,0x63,
  0x75,0x72,0x76,0x61,0x74,0x75,0x72,0x65,0x3d,0x22,0x30,0x22,0x20,0x2f,0x3e,0xa,
  0x9,0x9,0x3c,0x70,0x61,0x74,0x68,0xa,0x20,0x20,0x20,0x69,0x64,0x3d,0x22,0x58,
  0x4d,0x4c,0x49,0x44,0x5f,0x31,0x32,0x38,0x32,0x5f,0x22,0xa,0x20,0x20,0x20,0x73,
  0x74,0x79,0x6c,0x65,0x3d,0x22,0x66,0x69,0x6c,0x6c,0x3a,0x23,0x66,0x66,0x66,0x66,
  0x66,0x66,0x22,0xa,0x20,0x20,0x20,0x64,0x3d,0x22,0x6d,0x20,0x31,0x39,0x32,0x2e,
  0x37,0x37,0x35,0x2c,0x33,0x34,0x39,0x2e,0x31,0x35,0x20,0x68,0x20,0x31,0x30,0x37,
  0x2e,0x37,0x20,0x63,0x20,0x34,0x2e,0x34,0x2c,0x30,0x20,0x38,0x2e,0x31,0x2c,0x33,
  0x2e,0x36,0x20,0x38,0x2e,0x31,0x2c,0x38,0x2e,0x31,0x20,0x76,0x20,0x36,0x35,0x2e,
  0x38,0x20,0x63,0x20,0x30,0x2c,0x34,0x2e,0x34,0x20,0x2d,0x33,0x2e,0x36,0x2c,0x38,
  0x2e,0x31,0x20,0x2d,0x38,0x2e,0x31,0x2c,0x38,0x2e,0x31,0x20,0x68,0x20,0x2d,0x31,
  0x30,0x37,0x2e,0x37,0x20,0x63,0x20,0x2d,0x34,0x2e,0x34,0x2c,0x30,0x20,0x2d,0x38,
  0x2e,0x31,0x2c,0x2d,0x33,0x2e,0x36,0x20,0x2d,0x38,0x2e,0x31,0x2c,0x2d,0x38,0x2e,
  0x31,0x20,0x76,0x20,0x2d,0x36,0x35,0x2e,0x38,0x20,0x63,0x20,0x30,0x2e,0x31,0x2c,
  0x2d,0x34,0x2e,0x35,0x20,0x33,0x2e,0x37,0x2c,0x2d,0x38,0x2e,0x31,0x20,0x38,0x2e,
  0x31,0x2c,0x2d,0x38,0x2e,0x31,0x20,0x7a,0x22,0xa,0x20,0x20,0x20,0x69,0x6e,0x6b,
  0x73,0x63,0x61,0x70,0x65,0x3a,0x63,0x6f,0x6e,0x6e,0x65,0x63,0x74,0x6f,0x72,0x2d,
  0x63,0x75,0x72,0x76,0x61,0x74,0x75,0x72,0x65,0x3d,0x22,0x30,0x22,0x20,0x2f,0x3e,
  0xa,0x9,0x9,0x3c,0x70,0x61,0x74,0x68,0xa,0x20,0x20,0x20,0x64,0x3d,0x22,0x6d,
  0x20,0x31,0x31,0x36,0x2e,0x36,0x2c,0x34,0x34,0x38,0x2e,0x34,0x35,0x20,0x63,0x20,
  0x31,0x34,0x2c,0x30,0x20,0x32,0x35,0x2e,0x33,0x2c,0x2d,0x31,0x31,0x2e,0x34,0x20,
  0x32,0x35,0x2e,0x33,0x2c,0x2d,0x32,0x35,0x2e,0x33,0x20,0x76,0x20,0x2d,0x34,0x39,
  0x2e,0x34,0x20,0x63,0x20,0x30,0x2c,0x2d,0x31,0x34,0x20,0x2d,0x31,0x31,0x2e,0x34,
  0x2c,0x2d,0x32,0x35,0x2e,0x33,0x20,0x2d,0x32,0x35,0x2e,0x33,0x2c,0x2d,0x32,0x35,
  0x2e,0x33,0x20,0x48,0x20,0x38,0x30,0x20,0x76,0x20,0x2d,0x36,0x37,0x2e,0x38,0x20,
  0x68,0x20,0x31,0x35,0x35,0x2e,0x38,0x20,0x76,0x20,0x36,0x37,0x2e,0x38,0x20,0x68,
  0x20,0x2d,0x33,0x36,0x2e,0x36,0x20,0x63,0x20,0x2d,0x31,0x34,0x2c,0x30,0x20,0x2d,
  0x32,0x35,0x2e,0x33,0x2c,0x31,0x31,0x2e,0x34,0x20,0x2d,0x32,0x35,0x2e,0x33,0x2c,
  0x32,0x35,0x2e,0x33,0x20,0x76,0x20,0x34,0x39,0x2e,0x34,0x20,0x63,0x20,0x30,0x2c,
  0x31,0x34,0x20,0x31,0x31,0x2e,0x34,0x2c,0x32,0x35,0x2e,0x33,0x20,0x32,0x35,0x2e,
  0x33,0x2c,0x32,0x35,0x2e,0x33,0x20,0x68,0x20,0x39,0x31,0x2e,0x33,0x20,0x63,0x20,
  0x31,0x34,0x2c,0x30,0x20,0x32,0x35,0x2e,0x33,0x2c,0x2d,0x31,0x31,0x2e,0x34,0x20,
  0x32,0x35,0x2e,0x33,0x2c,0x2d,0x32,0x35,0x2e,0x33,0x20,0x76,0x20,0x2d,0x34,0x39,
  0x2e,0x34,0x20,0x63,0x20,0x30,0x2c,0x2d,0x31,0x34,0x20,0x2d,0x31,0x31,0x2e,0x34,
  0x2c,0x2d,0x32,0x35,0x2e,0x33,0x20,0x2d,0x32,0x35,0x2e,0x33,0x2c,0x2d,0x32,0x35,
  0x2e,0x33,0x20,0x68,0x20,0x2d,0x33,0x36,0x2e,0x36,0x20,0x76,0x20,0x2d,0x36,0x37,
  0x2e,0x38,0x20,0x68,0x20,0x31,0x35,0x35,0x2e,0x38,0x20,0x76,0x20,0x36,0x37,0x2e,
  0x38,0x20,0x68,0x20,0x2d,0x33,0x36,0x2e,0x36,0x20,0x63,0x20,0x2d,0x31,0x34,0x2c,
  0x30,0x20,0x2d,0x32,0x35,0x2e,0x33,0x2c,0x31,0x31,0x2e,0x34,0x20,0x2d,0x32,0x35,
  0x2e,0x33,0x2c,0x32,0x35,0x2e,0x33,0x20,0x76,0x20,0x34,0x39,0x2e,0x34,0x20,0x63,
  0x20,0x30,0x2c,0x31,0x34,0x20,0x31,0x31,0x2e,0x34,0x2c,0x32,0x35,0x2e,0x33,0x20,
  0x32,0x35,0x2e,0x33,0x2c,0x32,0x35,0x2e,0x33,0x20,0x68,0x20,0x39,0x31,0x2e,0x33,
  0x20,0x63,0x20,0x31,0x34,0x2c,0x30,0x20,0x32,0x35,0x2e,0x33,0x2c,0x2d,0x31,0x31,
  0x2e,0x34,0x20,0x32,0x35,0x2e,0x33,0x2c,0x2d,0x32,0x35,0x2e,0x33,0x20,0x76,0x20,
  0x2d,0x34,0x39,0x2e,0x34,0x20,0x63,0x20,0x30,0x2c,0x2d,0x31,0x34,0x20,0x2d,0x31,
  0x31,0x2e,0x34,0x2c,0x2d,0x32,0x35,0x2e,0x33,0x20,0x2d,0x32,0x35,0x2e,0x33,0x2c,
  0x2d,0x32,0x35,0x2e,0x33,0x20,0x68,0x20,0x2d,0x33,0x36,0x2e,0x35,0x20,0x76,0x20,
  0x2d,0x37,0x36,0x2e,0x38,0x20,0x63,0x20,0x30,0x2c,0x2d,0x35,0x20,0x2d,0x34,0x2e,
  0x31,0x2c,0x2d,0x39,0x2e,0x31,0x20,0x2d,0x39,0x2e,0x31,0x2c,0x2d,0x39,0x2e,0x31,
  0x20,0x48,0x20,0x32,0x35,0x34,0x20,0x76,0x20,0x2d,0x34,0x37,0x2e,0x33,0x20,0x68,
  0x20,0x37,0x34,0x20,0x63,0x20,0x31,0x38,0x2e,0x33,0x2c,0x30,0x20,0x33,0x33,0x2e,
  0x32,0x2c,0x2d,0x31,0x34,0x2e,0x39,0x20,0x33,0x33,0x2e,0x32,0x2c,0x2d,0x33,0x33,
  0x2e,0x32,0x20,0x56,0x20,0x37,0x34,0x2e,0x34,0x35,0x20,0x63,0x20,0x30,0x2c,0x2d,
  0x31,0x38,0x2e,0x33,0x20,0x2d,0x31,0x34,0x2e,0x39,0x2c,0x2d,0x33,0x33,0x2e,0x32,
  0x20,0x2d,0x33,0x33,0x2e,0x32,0x2c,0x2d,0x33,0x33,0x2e,0x32,0x20,0x48,0x20,0x31,
  0x36,0x31,0x2e,0x38,0x20,0x63,0x20,0x2d,0x31,0x38,0x2e,0x33,0x2c,0x30,0x20,0x2d,
  0x33,0x33,0x2e,0x32,0x2c,0x31,0x34,0x2e,0x39,0x20,0x2d,0x33,0x33,0x2e,0x32,0x2c,
  0x33,0x33,0x2e,0x32,0x20,0x76,0x20,0x31,0x30,0x37,0x2e,0x35,0x20,0x63,0x20,0x30,
  0x2c,0x31,0x38,0x2e,0x33,0x20,0x31,0x34,0x2e,0x39,0x2c,0x33,0x33,0x2e,0x32,0x20,
  0x33,0x33,0x2e,0x32,0x2c,0x33,0x33,0x2e,0x32,0x20,0x68,0x20,0x37,0x34,0x20,0x76,
  0x20,0x34,0x37,0x2e,0x33,0x20,0x48,0x20,0x37,0x30,0x2e,0x39,0x20,0x63,0x20,0x2d,
  0x35,0x2c,0x30,0x20,0x2d,0x39,0x2e,0x31,0x2c,0x34,0x2e,0x31,0x20,0x2d,0x39,0x2e,
  0x31,0x2c,0x39,0x2e,0x31,0x20,0x76,0x20,0x37,0x36,0x2e,0x38,0x20,0x48,0x20,0x32,
  0x35,0x2e,0x33,0x20,0x63,0x20,0x2d,0x31,0x34,0x2c,0x30,0x20,0x2d,0x32,0x35,0x2e,
  0x33,0x2c,0x31,0x31,0x2e,0x34,0x20,0x2d,0x32,0x35,0x2e,0x33,0x2c,0x32,0x35,0x2e,
  0x33,0x20,0x76,0x20,0x34,0x39,0x2e,0x34,0x20,0x63,0x20,0x30,0x2c,0x31,0x34,0x20,
  0x31,0x31,0x2e,0x34,0x2c,0x32,0x35,0x2e,0x33,0x20,0x32,0x35,0x2e,0x33,0x2c,0x32,
  0x35,0x2e,0x33,0x20,0x68,0x20,0x39,0x31,0x2e,0x33,0x20,0x63,0x20,0x30,0x2c,0x30,
  0x20,0x30,0x2c,0x30,0x2e,0x31,0x20,0x30,0x2c,0x30,0x2e,0x31,0x20,0x7a,0x20,0x6d,
  0x20,0x31,0x38,0x31,0x2e,0x31,0x2c,0x2d,0x37,0x34,0x2e,0x37,0x20,0x76,0x20,0x34,
  0x39,0x2e,0x34,0x20,0x63,0x20,0x30,0x2c,0x34,0x20,0x2d,0x33,0x2e,0x32,0x2c,0x37,
  0x2e,0x32,0x20,0x2d,0x37,0x2e,0x32,0x2c,0x37,0x2e,0x32,0x20,0x68,0x20,0x2d,0x39,
  0x31,0x2e,0x33,0x20,0x63,0x20,0x2d,0x34,0x2c,0x30,0x20,0x2d,0x37,0x2e,0x32,0x2c,
  0x2d,0x33,0x2e,0x32,0x20,0x2d,0x37,0x2e,0x32,0x2c,0x2d,0x37,0x2e,0x32,0x20,0x76,
  0x20,0x2d,0x34,0x39,0x2e,0x34,0x20,0x63,0x20,0x30,0x2c,0x2d,0x34,0x20,0x33,0x2e,
  0x32,0x2c,0x2d,0x37,0x2e,0x32,0x20,0x37,0x2e,0x32,0x2c,0x2d,0x37,0x2e,0x32,0x20,
  0x68,0x20,0x39,0x31,0x2e,0x33,0x20,0x63,0x20,0x34,0x2c,0x2d,0x30,0x2e,0x31,0x20,
  0x37,0x2e,0x32,0x2c,0x33,0x2e,0x32,0x20,0x37,0x2e,0x32,0x2c,0x37,0x2e,0x32,0x20,
  0x7a,0x20,0x6d,0x20,0x31,0x37,0x34,0x2c,0x30,0x20,0x76,0x20,0x34,0x39,0x2e,0x34,
  0x20,0x63,0x20,0x30,0x2c,0x34,0x20,0x2d,0x33,0x2e,0x32,0x2c,0x37,0x2e,0x32,0x20,
  0x2d,0x37,0x2e,0x32,0x2c,0x37,0x2e,0x32,0x20,0x68,0x20,0x2d,0x39,0x31,0x2e,0x33,
  0x20,0x63,0x20,0x2d,0x34,0x2c,0x30,0x20,0x2d,0x37,0x2e,0x32,0x2c,0x2d,0x33,0x2e,
  0x32,0x20,0x2d,0x37,0x2e,0x32,0x2c,0x2d,0x37,0x2e,0x32,0x20,0x76,0x20,0x2d,0x34,
  0x39,0x2e,0x34,0x20,0x63,0x20,0x30,0x2c,0x2d,0x34,0x20,0x33,0x2e,0x32,0x2c,0x2d,
  0x37,0x2e,0x32,0x20,0x37,0x2e,0x32,0x2c,0x2d,0x37,0x2e,0x32,0x20,0x68,0x20,0x39,
  0x31,0x2e,0x33,0x20,0x63,0x20,0x34,0x2c,0x2d,0x30,0x2e,0x31,0x20,0x37,0x2e,0x32,
  0x2c,0x33,0x2e,0x32,0x20,0x37,0x2e,0x32,0x2c,0x37,0x2e,0x32,0x20,0x7a,0x20,0x6d,
  0x20,0x2d,0x33,0x32,0x35,0x2c,0x2d,0x31,0x39,0x31,0x2e,0x38,0x20,0x56,0x20,0x37,
  0x34,0x2e,0x34,0x35,0x20,0x63,0x20,0x30,0x2c,0x2d,0x38,0x2e,0x33,0x20,0x36,0x2e,
  0x38,0x2c,0x2d,0x31,0x35,0x2e,0x31,0x20,0x31,0x35,0x2e,0x31,0x2c,0x2d,0x31,0x35,
  0x2e,0x31,0x20,0x48,0x20,0x33,0x32,0x38,0x20,0x63,0x20,0x38,0x2e,0x33,0x2c,0x30,
  0x20,0x31,0x35,0x2e,0x31,0x2c,0x36,0x2e,0x38,0x20,0x31,0x35,0x2e,0x31,0x2c,0x31,
  0x35,0x2e,0x31,0x20,0x76,0x20,0x31,0x30,0x37,0x2e,0x35,0x20,0x63,0x20,0x30,0x2c,
  0x38,0x2e,0x33,0x20,0x2d,0x36,0x2e,0x38,0x2c,0x31,0x35,0x2e,0x31,0x20,0x2d,0x31,
  0x35,0x2e,0x31,0x2c,0x31,0x35,0x2e,0x31,0x20,0x48,0x20,0x31,0x36,0x31,0x2e,0x38,
  0x20,0x63,0x20,0x2d,0x38,0x2e,0x33,0x2c,0x30,0x20,0x2d,0x31,0x35,0x2e,0x31,0x2c,
  0x2d,0x36,0x2e,0x38,0x20,0x2d,0x31,0x35,0x2e,0x31,0x2c,0x2d,0x31,0x35,0x2e,0x31,
  0x20,0x7a,0x20,0x4d,0x20,0x31,0x38,0x2e,0x31,0x2c,0x34,0x32,0x33,0x2e,0x31,0x35,
  0x20,0x76,0x20,0x2d,0x34,0x39,0x2e,0x34,0x20,0x63,0x20,0x30,0x2c,0x2d,0x34,0x20,
  0x33,0x2e,0x32,0x2c,0x2d,0x37,0x2e,0x32,0x20,0x37,0x2e,0x32,0x2c,0x2d,0x37,0x2e,
  0x32,0x20,0x68,0x20,0x39,0x31,0x2e,0x33,0x20,0x63,0x20,0x34,0x2c,0x30,0x20,0x37,
  0x2e,0x32,0x2c,0x33,0x2e,0x32,0x20,0x37,0x2e,0x32,0x2c,0x37,0x2e,0x32,0x20,0x76,
  0x20,0x34,0x39,0x2e,0x34,0x20,0x63,0x20,0x30,0x2c,0x34,0x20,0x2d,0x33,0x2e,0x32,
  0x2c,0x37,0x2e,0x32,0x20,0x2d,0x37,0x2e,0x32,0x2c,0x37,0x2e,0x32,0x20,0x48,0x20,
  0x32,0x35,0x2e,0x33,0x20,0x63,0x20,0x2d,0x34,0x2c,0x30,0x20,0x2d,0x37,0x2e,0x32,
  0x2c,0x2d,0x33,0x2e,0x32,0x20,0x2d,0x37,0x2e,0x32,0x2c,0x2d,0x37,0x2e,0x32,0x20,
  0x7a,0x22,0xa,0x20,0x20,0x20,0x69,0x64,0x3d,0x22,0x70,0x61,0x74,0x68,0x35,0x31,
  0x32,0x35,0x22,0xa,0x20,0x20,0x20,0x69,0x6e,0x6b,0x73,0x63,0x61,0x70,0x65,0x3a,
  0x63,0x6f,0x6e,0x6e,0x65,0x63,0x74,0x6f,0x72,0x2d,0x63,0x75,0x72,0x76,0x61,0x74,
  0x75,0x72,0x65,0x3d,0x22,0x30,0x22,0x20,0x2f,0x3e,0xa,0x9,0x3c,0x2f,0x67,0x3e,
  0x3c,0x70,0x61,0x74,0x68,0xa,0x20,0x20,0x20,0x20,0x20,0x69,0x64,0x3d,0x22,0x58,
  0x4d,0x4c,0x49,0x44,0x5f,0x31,0x32,0x38,0x32,0x5f,0x2d,0x30,0x22,0xa,0x20,0x20,
  0x20,0x20,0x20,0x73,0x74,0x79,0x6c,0x65,0x3d,0x22,0x66,0x69,0x6c,0x6c,0x3a,0x23,
  0x30,0x30,0x66,0x66,0x30,0x30,0x3b,0x73,0x74,0x72,0x6f,0x6b,0x65,0x2d,0x77,0x69,
  0x64,0x74,0x68,0x3a,0x30,0x2e,0x38,0x30,0x39,0x38,0x35,0x22,0xa,0x20,0x20,0x20,
  0x20,0x20,0x64,0x3d,0x22,0x6d,0x20,0x33,0x37,0x32,0x2e,0x37,0x32,0x39,0x31,0x31,
  0x2c,0x33,0x36,0x35,0x2e,0x30,0x35,0x30,0x30,0x31,0x20,0x68,0x20,0x39,0x31,0x2e,
  0x34,0x36,0x36,0x37,0x38,0x20,0x63,0x20,0x33,0x2e,0x37,0x33,0x36,0x38,0x2c,0x30,
  0x20,0x36,0x2e,0x38,0x37,0x39,0x31,0x31,0x2c,0x32,0x2e,0x37,0x38,0x30,0x31,0x32,
  0x20,0x36,0x2e,0x38,0x37,0x39,0x31,0x31,0x2c,0x36,0x2e,0x32,0x35,0x35,0x32,0x37,
  0x20,0x76,0x20,0x35,0x30,0x2e,0x38,0x31,0x34,0x34,0x36,0x20,0x63,0x20,0x30,0x2c,
  0x33,0x2e,0x33,0x39,0x37,0x39,0x32,0x20,0x2d,0x33,0x2e,0x30,0x35,0x37,0x33,0x39,
  0x2c,0x36,0x2e,0x32,0x35,0x35,0x32,0x37,0x20,0x2d,0x36,0x2e,0x38,0x37,0x39,0x31,
  0x31,0x2c,0x36,0x2e,0x32,0x35,0x35,0x32,0x37,0x20,0x68,0x20,0x2d,0x39,0x31,0x2e,
  0x34,0x36,0x36,0x37,0x38,0x20,0x63,0x20,0x2d,0x33,0x2e,0x37,0x33,0x36,0x38,0x2c,
  0x30,0x20,0x2d,0x36,0x2e,0x38,0x37,0x39,0x31,0x31,0x2c,0x2d,0x32,0x2e,0x37,0x38,
  0x30,0x31,0x32,0x20,0x2d,0x36,0x2e,0x38,0x37,0x39,0x31,0x31,0x2c,0x2d,0x36,0x2e,
  0x32,0x35,0x35,0x32,0x37,0x20,0x76,0x20,0x2d,0x35,0x30,0x2e,0x38,0x31,0x34,0x34,
  0x36,0x20,0x63,0x20,0x30,0x2e,0x30,0x38,0x34,0x39,0x2c,0x2d,0x33,0x2e,0x34,0x37,
  0x35,0x31,0x35,0x20,0x33,0x2e,0x31,0x34,0x32,0x33,0x31,0x2c,0x2d,0x36,0x2e,0x32,
  0x35,0x35,0x32,0x37,0x20,0x36,0x2e,0x38,0x37,0x39,0x31,0x31,0x2c,0x2d,0x36,0x2e,
  0x32,0x35,0x35,0x32,0x37,0x20,0x7a,0x22,0xa,0x20,0x20,0x20,0x20,0x20,0x69,0x6e,
  0x6b,0x73,0x63,0x61,0x70,0x65,0x3a,0x63,0x6f,0x6e,0x6e,0x65,0x63,0x74,0x6f,0x72,
  0x2d,0x63,0x75,0x72,0x76,0x61,0x74,0x75,0x72,0x65,0x3d,0x22,0x30,0x22,0x20,0x2f,
  0x3e,0x3c,0x67,0xa,0x20,0x20,0x20,0x20,0x20,0x74,0x72,0x61,0x6e,0x73,0x66,0x6f,
  0x72,0x6d,0x3d,0x22,0x6d,0x61,0x74,0x72,0x69,0x78,0x28,0x32,0x2e,0x32,0x33,0x37,
  0x30,0x31,0x39,0x33,0x2c,0x30,0x2c,0x30,0x2c,0x32,0x2e,0x30,0x33,0x37,0x35,0x2c,
  0x31,0x38,0x39,0x2e,0x31,0x32,0x31,0x36,0x34,0x2c,0x36,0x37,0x2e,0x33,0x33,0x38,
  0x38,0x38,0x39,0x29,0x22,0xa,0x20,0x20,0x20,0x20,0x20,0x69,0x64,0x3d,0x22,0x67,
  0x36,0x22,0x3e,0x3c,0x70,0x61,0x74,0x68,0xa,0x20,0x20,0x20,0x20,0x20,0x20,0x20,
  0x69,0x6e,0x6b,0x73,0x63,0x61,0x70,0x65,0x3a,0x63,0x6f,0x6e,0x6e,0x65,0x63,0x74,
  0x6f,0x72,0x2d,0x63,0x75,0x72,0x76,0x61,0x74,0x75,0x72,0x65,0x3d,0x22,0x30,0x22,
  0xa,0x20,0x20,0x20,0x20,0x20,0x20,0x20,0x64,0x3d,0x22,0x4d,0x20,0x31,0x38,0x2e,
  0x38,0x38,0x2c,0x30,0x2e,0x32,0x38,0x39,0x20,0x43,0x20,0x31,0x38,0x2e,0x36,0x39,
  0x32,0x2c,0x30,0x2e,0x31,0x30,0x34,0x20,0x31,0x38,0x2e,0x34,0x34,0x2c,0x30,0x20,
  0x31,0x38,0x2e,0x31,0x37,0x37,0x2c,0x30,0x20,0x48,0x20,0x32,0x20,0x43,0x20,0x31,
  0x2e,0x34,0x34,0x37,0x2c,0x30,0x20,0x31,0x2c,0x30,0x2e,0x34,0x34,0x37,0x20,0x31,
  0x2c,0x31,0x20,0x76,0x20,0x33,0x30,0x20,0x63,0x20,0x30,0x2c,0x30,0x2e,0x35,0x35,
  0x33,0x20,0x30,0x2e,0x34,0x34,0x37,0x2c,0x31,0x20,0x31,0x2c,0x31,0x20,0x68,0x20,
  0x32,0x32,0x20,0x63,0x20,0x30,0x2e,0x35,0x35,0x33,0x2c,0x30,0x20,0x31,0x2c,0x2d,
  0x30,0x2e,0x34,0x34,0x37,0x20,0x31,0x2c,0x2d,0x31,0x20,0x56,0x20,0x36,0x2e,0x37,
  0x35,0x35,0x20,0x43,0x20,0x32,0x35,0x2c,0x36,0x2e,0x34,0x38,0x37,0x20,0x32,0x34,
  0x2e,0x38,0x39,0x33,0x2c,0x36,0x2e,0x32,0x33,0x32,0x20,0x32,0x34,0x2e,0x37,0x30,
  0x33,0x2c,0x36,0x2e,0x30,0x34,0x34,0x20,0x5a,0x20,0x6d,0x20,0x32,0x2e,0x36,0x38,
  0x37,0x2c,0x35,0x2e,0x35,0x39,0x34,0x20,0x48,0x20,0x31,0x39,0x2e,0x30,0x35,0x33,
  0x20,0x56,0x20,0x33,0x2e,0x33,0x39,0x37,0x20,0x5a,0x20,0x4d,0x20,0x33,0x2c,0x33,
  0x30,0x20,0x56,0x20,0x32,0x20,0x68,0x20,0x31,0x34,0x2e,0x30,0x35,0x34,0x20,0x76,
  0x20,0x34,0x2e,0x38,0x38,0x33,0x20,0x63,0x20,0x30,0x2c,0x30,0x2e,0x35,0x35,0x33,
  0x20,0x30,0x2e,0x34,0x34,0x37,0x2c,0x31,0x20,0x31,0x2c,0x31,0x20,0x48,0x20,0x32,
  0x33,0x20,0x56,0x20,0x33,0x30,0x20,0x5a,0x22,0xa,0x20,0x20,0x20,0x20,0x20,0x20,
  0x20,0x69,0x64,0x3d,0x22,0x70,0x61,0x74,0x68,0x32,0x22,0xa,0x20,0x20,0x20,0x20,
  0x20,0x20,0x20,0x73,0x74,0x79,0x6c,0x65,0x3d,0x22,0x66,0x69,0x6c,0x6c,0x3a,0x23,
  0x30,0x30,0x30,0x30,0x66,0x66,0x22,0x20,0x2f,0x3e,0x3c,0x70,0x61,0x74,0x68,0xa,
  0x20,0x20,0x20,0x20,0x20,0x20,0x20,0x69,0x6e,0x6b,0x73,0x63,0x61,0x70,0x65,0x3a,
  0x63,0x6f,0x6e,0x6e,0x65,0x63,0x74,0x6f,0x72,0x2d,0x63,0x75,0x72,0x76,0x61,0x74,
  0x75,0x72,0x65,0x3d,0x22,0x30,0x22,0xa,0x20,0x20,0x20,0x20,0x20,0x20,0x20,0x64,
  0x3d,0x22,0x4d,0x20,0x35,0x32,0x2e,0x37,0x30,0x33,0x2c,0x32,0x38,0x2e,0x30,0x34,
  0x34,0x20,0x34,0x36,0x2e,0x38,0x38,0x2c,0x32,0x32,0x2e,0x32,0x38,0x39,0x20,0x43,
  0x20,0x34,0x36,0x2e,0x36,0x39,0x32,0x2c,0x32,0x32,0x2e,0x31,0x30,0x34,0x20,0x34,
  0x36,0x2e,0x34,0x33,0x39,0x2c,0x32,0x32,0x20,0x34,0x36,0x2e,0x31,0x37,0x37,0x2c,
  0x32,0x32,0x20,0x48,0x20,0x33,0x30,0x20,0x63,0x20,0x2d,0x30,0x2e,0x35,0x35,0x33,
  0x2c,0x30,0x20,0x2d,0x31,0x2c,0x30,0x2e,0x34,0x34,0x37,0x20,0x2d,0x31,0x2c,0x31,
  0x20,0x76,0x20,0x33,0x30,0x20,0x63,0x20,0x30,0x2c,0x30,0x2e,0x35,0x35,0x33,0x20,
  0x30,0x2e,0x34,0x34,0x37,0x2c,0x31,0x20,0x31,0x2c,0x31,0x20,0x68,0x20,0x32,0x32,
  0x20,0x63,0x20,0x30,0x2e,0x35,0x35,0x33,0x2c,0x30,0x20,0x31,0x2c,0x2d,0x30,0x2e,
  0x34,0x34,0x37,0x20,0x31,0x2c,0x2d,0x31,0x20,0x56,0x20,0x32,0x38,0x2e,0x37,0x35,
  0x35,0x20,0x63,0x20,0x30,0x2c,0x2d,0x30,0x2e,0x32,0x36,0x38,0x20,0x2d,0x30,0x2e,
  0x31,0x30,0x37,0x2c,0x2d,0x30,0x2e,0x35,0x32,0x34,0x20,0x2d,0x30,0x2e,0x32,0x39,
  0x37,0x2c,0x2d,0x30,0x2e,0x37,0x31,0x31,0x20,0x7a,0x20,0x4d,0x20,0x34,0x39,0x2e,
  0x35,0x36,0x37,0x2c,0x32,0x37,0x2e,0x38,0x38,0x33,0x20,0x48,0x20,0x34,0x37,0x2e,
  0x30,0x35,0x33,0x20,0x56,0x20,0x32,0x35,0x2e,0x33,0x39,0x37,0x20,0x5a,0x20,0x4d,
  0x20,0x33,0x31,0x2c,0x35,0x32,0x20,0x56,0x20,0x32,0x34,0x20,0x68,0x20,0x31,0x34,
  0x2e,0x30,0x35,0x34,0x20,0x76,0x20,0x34,0x2e,0x38,0x38,0x33,0x20,0x63,0x20,0x30,
  0x2c,0x30,0x2e,0x35,0x35,0x33,0x20,0x30,0x2e,0x34,0x34,0x37,0x2c,0x31,0x20,0x31,
  0x2c,0x31,0x20,0x48,0x20,0x35,0x31,0x20,0x56,0x20,0x35,0x32,0x20,0x5a,0x22,0xa,
  0x20,0x20,0x20,0x20,0x20,0x20,0x20,0x69,0x64,0x3d,0x22,0x70,0x61,0x74,0x68,0x34,
  0x22,0xa,0x20,0x20,0x20,0x20,0x20,0x20,0x20,0x73,0x74,0x79,0x6c,0x65,0x3d,0x22,
  0x66,0x69,0x6c,0x6c,0x3a,0x23,0x30,0x30,0x30,0x30,0x66,0x66,0x22,0x20,0x2f,0x3e,
  0x3c,0x2f,0x67,0x3e,0x3c,0x2f,0x67,0x3e,0x3c,0x74,0x65,0x78,0x74,0xa,0x20,0x20,
  0x20,0x78,0x6d,0x6c,0x3a,0x73,0x70,0x61,0x63,0x65,0x3d,0x22,0x70,0x72,0x65,0x73,
  0x65,0x72,0x76,0x65,0x22,0xa,0x20,0x20,0x20,0x73,0x74,0x79,0x6c,0x65,0x3d,0x22,
  0x66,0x6f,0x6e,0x74,0x2d,0x73,0x74,0x79,0x6c,0x65,0x3a,0x6e,0x6f,0x72,0x6d,0x61,
  0x6c,0x3b,0x66,0x6f,0x6e,0x74,0x2d,0x77,0x65,0x69,0x67,0x68,0x74,0x3a,0x6e,0x6f,
  0x72,0x6d,0x61,0x6c,0x3b,0x66,0x6f,0x6e,0x74,0x2d,0x73,0x69,0x7a,0x65,0x3a,0x38,
  0x37,0x2e,0x38,0x36,0x70,0x78,0x3b,0x6c,0x69,0x6e,0x65,0x2d,0x68,0x65,0x69,0x67,
  0x68,0x74,0x3a,0x31,0x2e,0x32,0x35,0x3b,0x66,0x6f,0x6e,0x74,0x2d,0x66,0x61,0x6d,
  0x69,0x6c,0x79,0x3a,0x73,0x61,0x6e,0x73,0x2d,0x73,0x65,0x72,0x69,0x66,0x3b,0x6c,
  0x65,0x74,0x74,0x65,0x72,0x2d,0x73,0x70,0x61,0x63,0x69,0x6e,0x67,0x3a,0x30,0x70,
  0x78,0x3b,0x77,0x6f,0x72,0x64,0x2d,0x73,0x70,0x61,0x63,0x69,0x6e,0x67,0x3a,0x30,
  0x70,0x78,0x3b,0x66,0x69,0x6c,0x6c,0x3a,0x23,0x30,0x30,0x30,0x30,0x33,0x33,0x3b,
  0x66,0x69,0x6c,0x6c,0x2d,0x6f,0x70,0x61,0x63,0x69,0x74,0x79,0x3a,0x31,0x3b,0x73,
  0x74,0x72,0x6f,0x6b,0x65,0x3a,0x6e,0x6f,0x6e,0x65,0x3b,0x73,0x74,0x72,0x6f,0x6b,
  0x65,0x2d,0x77,0x69,0x64,0x74,0x68,0x3a,0x32,0x2e,0x31,0x39,0x36,0x35,0x22,0xa,
  0x20,0x20,0x20,0x78,0x3d,0x22,0x31,0x39,0x36,0x2e,0x39,0x36,0x38,0x31,0x37,0x22,
  0xa,0x20,0x20,0x20,0x79,0x3d,0x22,0x33,0x35,0x34,0x2e,0x38,0x31,0x30,0x39,0x34,
  0x22,0xa,0x20,0x20,0x20,0x69,0x64,0x3d,0x22,0x74,0x65,0x78,0x74,0x38,0x36,0x30,
  0x2d,0x33,0x22,0xa,0x20,0x20,0x20,0x74,0x72,0x61,0x6e,0x73,0x66,0x6f,0x72,0x6d,
  0x3d,0x22,0x73,0x63,0x61,0x6c,0x65,0x28,0x30,0x2e,0x37,0x34,0x39,0x32,0x36,0x37,
  0x37,0x39,0x2c,0x31,0x2e,0x33,0x33,0x34,0x36,0x33,0x36,0x33,0x29,0x22,0x3e,0x3c,
  0x74,0x73,0x70,0x61,0x6e,0xa,0x20,0x20,0x20,0x20,0x20,0x73,0x6f,0x64,0x69,0x70,
  0x6f,0x64,0x69,0x3a,0x72,0x6f,0x6c,0x65,0x3d,0x22,0x6c,0x69,0x6e,0x65,0x22,0xa,
  0x20,0x20,0x20,0x20,0x20,0x69,0x64,0x3d,0x22,0x74,0x73,0x70,0x61,0x6e,0x38,0x35,
  0x38,0x2d,0x36,0x22,0xa,0x20,0x20,0x20,0x20,0x20,0x78,0x3d,0x22,0x31,0x39,0x36,
  0x2e,0x39,0x36,0x38,0x31,0x37,0x22,0xa,0x20,0x20,0x20,0x20,0x20,0x79,0x3d,0x22,
  0x33,0x35,0x34,0x2e,0x38,0x31,0x30,0x39,0x34,0x22,0xa,0x20,0x20,0x20,0x20,0x20,
  0x73,0x74,0x79,0x6c,0x65,0x3d,0x22,0x66,0x6f,0x6e,0x74,0x2d,0x73,0x74,0x79,0x6c,
  0x65,0x3a,0x6e,0x6f,0x72,0x6d,0x61,0x6c,0x3b,0x66,0x6f,0x6e,0x74,0x2d,0x76,0x61,
  0x72,0x69,0x61,0x6e,0x74,0x3a,0x6e,0x6f,0x72,0x6d,0x61,0x6c,0x3b,0x66,0x6f,0x6e,
  0x74,0x2d,0x77,0x65,0x69,0x67,0x68,0x74,0x3a,0x62,0x6f,0x6c,0x64,0x3b,0x66,0x6f,
  0x6e,0x74,0x2d,0x73,0x74,0x72,0x65,0x74,0x63,0x68,0x3a,0x6e,0x6f,0x72,0x6d,0x61,
  0x6c,0x3b,0x66,0x6f,0x6e,0x74,0x2d,0x66,0x61,0x6d,0x69,0x6c,0x79,0x3a,0x73,0x61,
  0x6e,0x73,0x2d,0x73,0x65,0x72,0x69,0x66,0x3b,0x2d,0x69,0x6e,0x6b,0x73,0x63,0x61,
  0x70,0x65,0x2d,0x66,0x6f,0x6e,0x74,0x2d,0x73,0x70,0x65,0x63,0x69,0x66,0x69,0x63,
  0x61,0x74,0x69,0x6f,0x6e,0x3a,0x27,0x73,0x61,0x6e,0x73,0x2d,0x73,0x65,0x72,0x69,
  0x66,0x20,0x42,0x6f,0x6c,0x64,0x27,0x3b,0x66,0x69,0x6c,0x6c,0x3a,0x23,0x30,0x30,
  0x30,0x30,0x33,0x33,0x3b,0x73,0x74,0x72,0x6f,0x6b,0x65,0x2d,0x77,0x69,0x64,0x74,
  0x68,0x3a,0x32,0x2e,0x31,0x39,0x36,0x35,0x22,0x3e,0x48,0x6f,0x6d,0x65,0x3c,0x2f,
  0x74,0x73,0x70,0x61,0x6e,0x3e,0x3c,0x2f,0x74,0x65,0x78,0x74,0x3e,0x3c,0x2f,0x67,
  0x3e,0xa,0x3c,0x67,0xa,0x20,0x20,0x20,0x69,0x64,0x3d,0x22,0x67,0x35,0x31,0x33,
  0x31,0x22,0x3e,0xa,0x3c,0x2f,0x67,0x3e,0xa,0x3c,0x67,0xa,0x20,0x20,0x20,0x69,
  0x64,0x3d,0x22,0x67,0x35,0x31,0x33,0x33,0x22,0x3e,0xa,0x3c,0x2f,0x67,0x3e,0xa,
  0x3c,0x67,0xa,0x20,0x20,0x20,0x69,0x64,0x3d,0x22,0x67,0x35,0x31,0x33,0x35,0x22,
  0x3e,0xa,0x3c,0x2f,0x67,0x3e,0xa,0x3c,0x67,0xa,0x20,0x20,0x20,0x69,0x64,0x3d,
  0x22,0x67,0x35,0x31,0x33,0x37,0x22,0x3e,0xa,0x3c,0x2f,0x67,0x3e,0xa,0x3c,0x67,
  0xa,0x20,0x20,0x20,0x69,0x64,0x3d,0x22,0x67,0x35,0x31,0x33,0x39,0x22,0x3e,0xa,
  0x3c,0x2f,0x67,0x3e,0xa,0x3c,0x67,0xa,0x20,0x20,0x20,0x69,0x64,0x3d,0x22,0x67,
  0x35,0x31,0x34,0x31,0x22,0x3e,0xa,0x3c,0x2f,0x67,0x3e,0xa,0x3c,0x67,0xa,0x20,
  0x20,0x20,0x69,0x64,0x3d,0x22,0x67,0x35,0x31,0x34,0x33,0x22,0x3e,0xa,0x3c,0x2f,
  0x67,0x3e,0xa,0x3c,0x67,0xa,0x20,0x20,0x20,0x69,0x64,0x3d,0x22,0x67,0x35,0x31,
  0x34,0x35,0x22,0x3e,0xa,0x3c,0x2f,0x67,0x3e,0xa,0x3c,0x67,0xa,0x20,0x20,0x20,
  0x69,0x64,0x3d,0x22,0x67,0x35,0x31,0x34,0x37,0x22,0x3e,0xa,0x3c,0x2f,0x67,0x3e,
  0xa,0x3c,0x67,0xa,0x20,0x20,0x20,0x69,0x64,0x3d,0x22,0x67,0x35,0x31,0x34,0x39,
  0x22,0x3e,0xa,0x3c,0x2f,0x67,0x3e,0xa,0x3c,0x67,0xa,0x20,0x20,0x20,0x69,0x64,
  0x3d,0x22,0x67,0x35,0x31,0x35,0x31,0x22,0x3e,0xa,0x3c,0x2f,0x67,0x3e,0xa,0x3c,
  0x67,0xa,0x20,0x20,0x20,0x69,0x64,0x3d,0x22,0x67,0x35,0x31,0x35,0x33,0x22,0x3e,
  0xa,0x3c,0x2f,0x67,0x3e,0xa,0x3c,0x67,0xa,0x20,0x20,0x20,0x69,0x64,0x3d,0x22,
  0x67,0x35,0x31,0x35,0x35,0x22,0x3e,0xa,0x3c,0x2f,0x67,0x3e,0xa,0x3c,0x67,0xa,
  0x20,0x20,0x20,0x69,0x64,0x3d,0x22,0x67,0x35,0x31,0x35,0x37,0x22,0x3e,0xa,0x3c,
  0x2f,0x67,0x3e,0xa,0x3c,0x67,0xa,0x20,0x20,0x20,0x69,0x64,0x3d,0x22,0x67,0x35,
  0x31,0x35,0x39,0x22,0x3e,0xa,0x3c,0x2f,0x67,0x3e,0xa,0x3c,0x2f,0x73,0x76,0x67,
  0x3e,0xa,
    // /home/etapadmin/Masaüstü/e-ag-qt6/dds/dds-monitor/icons/sendcustom.svg
  0x0,0x0,0x12,0x37,
  0x3c,
  0x3f,0x78,0x6d,0x6c,0x20,0x76,0x65,0x72,0x73,0x69,0x6f,0x6e,0x3d,0x22,0x31,0x2e,
  0x30,0x22,0x20,0x65,0x6e,0x63,0x6f,0x64,0x69,0x6e,0x67,0x3d,0x22,0x55,0x54,0x46,
  0x2d,0x38,0x22,0x20,0x73,0x74,0x61,0x6e,0x64,0x61,0x6c,0x6f,0x6e,0x65,0x3d,0x22,
  0x6e,0x6f,0x22,0x3f,0x3e,0xa,0x3c,0x21,0x2d,0x2d,0x20,0x47,0x65,0x6e,0x65,0x72,
  0x61,0x74,0x6f,0x72,0x3a,0x20,0x41,0x64,0x6f,0x62,0x65,0x20,0x49,0x6c,0x6c,0x75,
  0x73,0x74,0x72,0x61,0x74,0x6f,0x72,0x20,0x31,0x39,0x2e,0x30,0x2e,0x30,0x2c,0x20,
  0x53,0x56,0x47,0x20,0x45,0x78,0x70,0x6f,0x72,0x74,0x20,0x50,0x6c,0x75,0x67,0x2d,
  0x49,0x6e,0x20,0x2e,0x20,0x53,0x56,0x47,0x20,0x56,0x65,0x72,0x73,0x69,0x6f,0x6e,
  0x3a,0x20,0x36,0x2e,0x30,0x30,0x20,0x42,0x75,0x69,0x6c,0x64,0x20,0x30,0x29,0x20,
  0x20,0x2d,0x2d,0x3e,0xa,0xa,0x3c,0x73,0x76,0x67,0xa,0x20,0x20,0x20,0x76,0x65,
  0x72,0x73,0x69,0x6f,0x6e,0x3d,0x22,0x31,0x2e,0x31,0x22,0xa,0x20,0x20,0x20,0x69,
  0x64,0x3d,0x22,0x4c,0x61,0x79,0x65,0x72,0x5f,0x31,0x22,0xa,0x20,0x20,0x20,0x78,
  0x3d,0x22,0x30,0x70,0x78,0x22,0xa,0x20,0x20,0x20,0x79,0x3d,0x22,0x30,0x70,0x78,
  0x22,0xa,0x20,0x20,0x20,0x76,0x69,0x65,0x77,0x42,0x6f,0x78,0x3d,0x22,0x30,0x20,
  0x30,0x20,0x34,0x38,0x39,0x2e,0x38,0x20,0x34,0x38,0x39,0x2e,0x38,0x22,0xa,0x20,
  0x20,0x20,0x73,0x74,0x79,0x6c,0x65,0x3d,0x22,0x65,0x6e,0x61,0x62,0x6c,0x65,0x2d,
  0x62,0x61,0x63,0x6b,0x67,0x72,0x6f,0x75,0x6e,0x64,0x3a,0x6e,0x65,0x77,0x20,0x30,
  0x20,0x30,0x20,0x34,0x38,0x39,0x2e,0x38,0x20,0x34,0x38,0x39,0x2e,0x38,0x3b,0x22,
  0xa,0x20,0x20,0x20,0x78,0x6d,0x6c,0x3a,0x73,0x70,0x61,0x63,0x65,0x3d,0x22,0x70,
  0x72,0x65,0x73,0x65,0x72,0x76,0x65,0x22,0xa,0x20,0x20,0x20,0x73,0x6f,0x64,0x69,
  0x70,0x6f,0x64,0x69,0x3a,0x64,0x6f,0x63,0x6e,0x61,0x6d,0x65,0x3d,0x22,0x73,0x65,
  0x6e,0x64,0x63,0x75,0x73,0x74,0x6f,0x6d,0x2e,0x73,0x76,0x67,0x22,0xa,0x20,0x20,
  0x20,0x69,0x6e,0x6b,0x73,0x63,0x61,0x70,0x65,0x3a,0x76,0x65,0x72,0x73,0x69,0x6f,
  0x6e,0x3d,0x22,0x31,0x2e,0x32,0x2e,0x32,0x20,0x28,0x62,0x30,0x61,0x38,0x34,0x38,
  0x36,0x35,0x34,0x31,0x2c,0x20,0x32,0x30,0x32,0x32,0x2d,0x31,0x32,0x2d,0x30,0x31,
  0x29,0x22,0xa,0x20,0x20,0x20,0x78,0x6d,0x6c,0x6e,0x73,0x3a,0x69,0x6e,0x6b,0x73,
  0x63,0x61,0x70,0x65,0x3d,0x22,0x68,0x74,0x74,0x70,0x3a,0x2f,0x2f,0x77,0x77,0x77,
  0x2e,0x69,0x6e,0x6b,0x73,0x63,0x61,0x70,0x65,0x2e,0x6f,0x72,0x67,0x2f,0x6e,0x61,
  0x6d,0x65,0x73,0x70,0x61,0x63,0x65,0x73,0x2f,0x69,0x6e,0x6b,0x73,0x63,0x61,0x70,
  0x65,0x22,0xa,0x20,0x20,0x20,0x78,0x6d,0x6c,0x6e,0x73,0x3a,0x73,0x6f,0x64,0x69,
  0x70,0x6f,0x64,0x69,0x3d,0x22,0x68,0x74,0x74,0x70,0x3a,0x2f,0x2f,0x73,0x6f,0x64,
  0x69,0x70,0x6f,0x64,0x69,0x2e,0x73,0x6f,0x75,0x72,0x63,0x65,0x66,0x6f,0x72,0x67,
  0x65,0x2e,0x6e,0x65,0x74,0x2f,0x44,0x54,0x44,0x2f,0x73,0x6f,0x64,0x69,0x70,0x6f,
  0x64,0x69,0x2d,0x30,0x2e,0x64,0x74,0x64,0x22,0xa,0x20,0x20,0x20,0x78,0x6d,0x6c,
  0x6e,0x73,0x3d,0x22,0x68,0x74,0x74,0x70,0x3a,0x2f,0x2f,0x77,0x77,0x77,0x2e,0x77,
  0x33,0x2e,0x6f,0x72,0x67,0x2f,0x32,0x30,0x30,0x30,0x2f,0x73,0x76,0x67,0x22,0xa,
  0x20,0x20,0x20,0x78,0x6d,0x6c,0x6e,0x73,0x3a,0x73,0x76,0x67,0x3d,0x22,0x68,0x74,
  0x74,0x70,0x3a,0x2f,0x2f,0x77,0x77,0x77,0x2e,0x77,0x33,0x2e,0x6f,0x72,0x67,0x2f,
  0x32,0x30,0x30,0x30,0x2f,0x73,0x76,0x67,0x22,0xa,0x20,0x20,0x20,0x78,0x6d,0x6c,
  0x6e,0x73,0x3a,0x72,0x64,0x66,0x3d,0x22,0x68,0x74,0x74,0x70,0x3a,0x2f,0x2f,0x77,
  0x77,0x77,0x2e,0x77,0x33,0x2e,0x6f,0x72,0x67,0x2f,0x31,0x39,0x39,0x39,0x2f,0x30,
  0x32,0x2f,0x32,0x32,0x2d,0x72,0x64,0x66,0x2d,0x73,0x79,0x6e,0x74,0x61,0x78,0x2d,
  0x6e,0x73,0x23,0x22,0xa,0x20,0x20,0x20,0x78,0x6d,0x6c,0x6e,0x73,0x3a,0x63,0x63,
  0x3d,0x22,0x68,0x74,0x74,0x70,0x3a,0x2f,0x2f,0x63,0x72,0x65,0x61,0x74,0x69,0x76,
  0x65,0x63,0x6f,0x6d,0x6d,0x6f,0x6e,0x73,0x2e,0x6f,0x72,0x67,0x2f,0x6e,0x73,0x23,
  0x22,0xa,0x20,0x20,0x20,0x78,0x6d,0x6c,0x6e,0x73,0x3a,0x64,0x63,0x3d,0x22,0x68,
  0x74,0x74,0x70,0x3a,0x2f,0x2f,0x70,0x75,0x72,0x6c,0x2e,0x6f,0x72,0x67,0x2f,0x64,
  0x63,0x2f,0x65,0x6c,0x65,0x6d,0x65,0x6e,0x74,0x73,0x2f,0x31,0x2e,0x31,0x2f,0x22,
  0x3e,0x3c,0x6d,0x65,0x74,0x61,0x64,0x61,0x74,0x61,0xa,0x20,0x20,0x20,0x69,0x64,
  0x3d,0x22,0x6d,0x65,0x74,0x61,0x64,0x61,0x74,0x61,0x34,0x38,0x22,0x3e,0x3c,0x72,
  0x64,0x66,0x3a,0x52,0x44,0x46,0x3e,0x3c,0x63,0x63,0x3a,0x57,0x6f,0x72,0x6b,0xa,
  0x20,0x20,0x20,0x20,0x20,0x20,0x20,0x72,0x64,0x66,0x3a,0x61,0x62,0x6f,0x75,0x74,
  0x3d,0x22,0x22,0x3e,0x3c,0x64,0x63,0x3a,0x66,0x6f,0x72,0x6d,0x61,0x74,0x3e,0x69,
  0x6d,0x61,0x67,0x65,0x2f,0x73,0x76,0x67,0x2b,0x78,0x6d,0x6c,0x3c,0x2f,0x64,0x63,
  0x3a,0x66,0x6f,0x72,0x6d,0x61,0x74,0x3e,0x3c,0x64,0x63,0x3a,0x74,0x79,0x70,0x65,
  0xa,0x20,0x20,0x20,0x20,0x20,0x20,0x20,0x20,0x20,0x72,0x64,0x66,0x3a,0x72,0x65,
  0x73,0x6f,0x75,0x72,0x63,0x65,0x3d,0x22,0x68,0x74,0x74,0x70,0x3a,0x2f,0x2f,0x70,
  0x75,0x72,0x6c,0x2e,0x6f,0x72,0x67,0x2f,0x64,0x63,0x2f,0x64,0x63,0x6d,0x69,0x74,
  0x79,0x70,0x65,0x2f,0x53,0x74,0x69,0x6c,0x6c,0x49,0x6d,0x61,0x67,0x65,0x22,0x20,
  0x2f,0x3e,0x3c,0x2f,0x63,0x63,0x3a,0x57,0x6f,0x72,0x6b,0x3e,0x3c,0x2f,0x72,0x64,
  0x66,0x3a,0x52,0x44,0x46,0x3e,0x3c,0x2f,0x6d,0x65,0x74,0x61,0x64,0x61,0x74,0x61,
  0x3e,0x3c,0x64,0x65,0x66,0x73,0xa,0x20,0x20,0x20,0x69,0x64,0x3d,0x22,0x64,0x65,
  0x66,0x73,0x34,0x36,0x22,0x20,0x2f,0x3e,0x3c,0x73,0x6f,0x64,0x69,0x70,0x6f,0x64,
  0x69,0x3a,0x6e,0x61,0x6d,0x65,0x64,0x76,0x69,0x65,0x77,0xa,0x20,0x20,0x20,0x70,
  0x61,0x67,0x65,0x63,0x6f,0x6c,0x6f,0x72,0x3d,0x22,0x23,0x66,0x66,0x66,0x66,0x66,
  0x66,0x22,0xa,0x20,0x20,0x20,0x62,0x6f,0x72,0x64,0x65,0x72,0x63,0x6f,0x6c,0x6f,
  0x72,0x3d,0x22,0x23,0x36,0x36,0x36,0x36,0x36,0x36,0x22,0xa,0x20,0x20,0x20,0x62,
  0x6f,0x72,0x64,0x65,0x72,0x6f,0x70,0x61,0x63,0x69,0x74,0x79,0x3d,0x22,0x31,0x22,
  0xa,0x20,0x20,0x20,0x6f,0x62,0x6a,0x65,0x63,0x74,0x74,0x6f,0x6c,0x65,0x72,0x61,
  0x6e,0x63,0x65,0x3d,0x22,0x31,0x30,0x22,0xa,0x20,0x20,0x20,0x67,0x72,0x69,0x64,
  0x74,0x6f,0x6c,0x65,0x72,0x61,0x6e,0x63,0x65,0x3d,0x22,0x31,0x30,0x22,0xa,0x20,
  0x20,0x20,0x67,0x75,0x69,0x64,0x65,0x74,0x6f,0x6c,0x65,0x72,0x61,0x6e,0x63,0x65,
  0x3d,0x22,0x31,0x30,0x22,0xa,0x20,0x20,0x20,0x69,0x6e,0x6b,0x73,0x63,0x61,0x70,
  0x65,0x3a,0x70,0x61,0x67,0x65,0x6f,0x70,0x61,0x63,0x69,0x74,0x79,0x3d,0x22,0x30,
  0x22,0xa,0x20,0x20,0x20,0x69,0x6e,0x6b,0x73,0x63,0x61,0x70,0x65,0x3a,0x70,0x61,
  0x67,0x65,0x73,0x68,0x61,0x64,0x6f,0x77,0x3d,0x22,0x32,0x22,0xa,0x20,0x20,0x20,
  0x69,0x6e,0x6b,0x73,0x63,0x61,0x70,0x65,0x3a,0x77,0x69,0x6e,0x64,0x6f,0x77,0x2d,
  0x77,0x69,0x64,0x74,0x68,0x3d,0x22,0x31,0x33,0x36,0x36,0x22,0xa,0x20,0x20,0x20,
  0x69,0x6e,0x6b,0x73,0x63,0x61,0x70,0x65,0x3a,0x77,0x69,0x6e,0x64,0x6f,0x77,0x2d,
  0x68,0x65,0x69,0x67,0x68,0x74,0x3d,0x22,0x36,0x36,0x37,0x22,0xa,0x20,0x20,0x20,
  0x69,0x64,0x3d,0x22,0x6e,0x61,0x6d,0x65,0x64,0x76,0x69,0x65,0x77,0x34,0x34,0x22,
  0xa,0x20,0x20,0x20,0x73,0x68,0x6f,0x77,0x67,0x72,0x69,0x64,0x3d,0x22,0x66,0x61,
  0x6c,0x73,0x65,0x22,0xa,0x20,0x20,0x20,0x69,0x6e,0x6b,0x73,0x63,0x61,0x70,0x65,
  0x3a,0x7a,0x6f,0x6f,0x6d,0x3d,0x22,0x30,0x2e,0x34,0x38,0x31,0x38,0x32,0x39,0x33,
  0x33,0x22,0xa,0x20,0x20,0x20,0x69,0x6e,0x6b,0x73,0x63,0x61,0x70,0x65,0x3a,0x63,
  0x78,0x3d,0x22,0x32,0x32,0x36,0x2e,0x32,0x32,0x31,0x31,0x38,0x22,0xa,0x20,0x20,
  0x20,0x69,0x6e,0x6b,0x73,0x63,0x61,0x70,0x65,0x3a,0x63,0x79,0x3d,0x22,0x32,0x34,
  0x34,0x2e,0x38,0x39,0x39,0x39,0x39,0x22,0xa,0x20,0x20,0x20,0x69,0x6e,0x6b,0x73,
  0x63,0x61,0x70,0x65,0x3a,0x77,0x69,0x6e,0x64,0x6f,0x77,0x2d,0x78,0x3d,0x22,0x30,
  0x22,0xa,0x20,0x20,0x20,0x69,0x6e,0x6b,0x73,0x63,0x61,0x70,0x65,0x3a,0x77,0x69,
  0x6e,0x64,0x6f,0x77,0x2d,0x79,0x3d,0x22,0x30,0x22,0xa,0x20,0x20,0x20,0x69,0x6e,
  0x6b,0x73,0x63,0x61,0x70,0x65,0x3a,0x77,0x69,0x6e,0x64,0x6f,0x77,0x2d,0x6d,0x61,
  0x78,0x69,0x6d,0x69,0x7a,0x65,0x64,0x3d,0x22,0x31,0x22,0xa,0x20,0x20,0x20,0x69,
  0x6e,0x6b,0x73,0x63,0x61,0x70,0x65,0x3a,0x63,0x75,0x72,0x72,0x65,0x6e,0x74,0x2d,
  0x6c,0x61,0x79,0x65,0x72,0x3d,0x22,0x4c,0x61,0x79,0x65,0x72,0x5f,0x31,0x22,0xa,
  0x20,0x20,0x20,0x69,0x6e,0x6b,0x73,0x63,0x61,0x70,0x65,0x3a,0x73,0x68,0x6f,0x77,
  0x70,0x61,0x67,0x65,0x73,0x68,0x61,0x64,0x6f,0x77,0x3d,0x22,0x32,0x22,0xa,0x20,
  0x20,0x20,0x69,0x6e,0x6b,0x73,0x63,0x61,0x70,0x65,0x3a,0x70,0x61,0x67,0x65,0x63,
  0x68,0x65,0x63,0x6b,0x65,0x72,0x62,0x6f,0x61,0x72,0x64,0x3d,0x22,0x30,0x22,0xa,
  0x20,0x20,0x20,0x69,0x6e,0x6b,0x73,0x63,0x61,0x70,0x65,0x3a,0x64,0x65,0x73,0x6b,
  0x63,0x6f,0x6c,0x6f,0x72,0x3d,0x22,0x23,0x64,0x31,0x64,0x31,0x64,0x31,0x22,0x20,
  0x2f,0x3e,0xa,0x3c,0x67,0xa,0x20,0x20,0x20,0x69,0x64,0x3d,0x22,0x67,0x31,0x31,
  0x22,0xa,0x20,0x20,0x20,0x74,0x72,0x61,0x6e,0x73,0x66,0x6f,0x72,0x6d,0x3d,0x22,
  0x6d,0x61,0x74,0x72,0x69,0x78,0x28,0x30,0x2e,0x38,0x39,0x38,0x33,0x30,0x35,0x30,
  0x39,0x2c,0x30,0x2c,0x30,0x2c,0x30,0x2e,0x37,0x39,0x30,0x31,0x34,0x39,0x33,0x2c,
  0x32,0x34,0x2e,0x39,0x30,0x35,0x30,0x37,0x37,0x2c,0x2d,0x31,0x30,0x2e,0x38,0x37,
  0x30,0x32,0x38,0x29,0x22,0x3e,0xa,0x9,0x3c,0x67,0xa,0x20,0x20,0x20,0x69,0x64,
  0x3d,0x22,0x67,0x39,0x22,0x3e,0xa,0x9,0x9,0x3c,0x70,0x61,0x74,0x68,0xa,0x20,
  0x20,0x20,0x69,0x64,0x3d,0x22,0x58,0x4d,0x4c,0x49,0x44,0x5f,0x32,0x30,0x34,0x39,
  0x5f,0x22,0xa,0x20,0x20,0x20,0x73,0x74,0x79,0x6c,0x65,0x3d,0x22,0x66,0x69,0x6c,
  0x6c,0x3a,0x23,0x33,0x63,0x39,0x32,0x63,0x61,0x22,0xa,0x20,0x20,0x20,0x64,0x3d,
  0x22,0x4d,0x20,0x33,0x34,0x30,0x2c,0x32,0x31,0x31,0x2e,0x39,0x20,0x48,0x20,0x31,
  0x34,0x39,0x2e,0x36,0x20,0x63,0x20,0x2d,0x36,0x2e,0x36,0x2c,0x30,0x20,0x2d,0x31,
  0x32,0x2c,0x2d,0x35,0x2e,0x34,0x20,0x2d,0x31,0x32,0x2c,0x2d,0x31,0x32,0x20,0x56,
  0x20,0x36,0x38,0x2e,0x31,0x20,0x63,0x20,0x30,0x2c,0x2d,0x36,0x2e,0x36,0x20,0x35,
  0x2e,0x34,0x2c,0x2d,0x31,0x32,0x20,0x31,0x32,0x2c,0x2d,0x31,0x32,0x20,0x48,0x20,
  0x33,0x34,0x30,0x20,0x63,0x20,0x36,0x2e,0x36,0x2c,0x30,0x20,0x31,0x32,0x2c,0x35,
  0x2e,0x34,0x20,0x31,0x32,0x2c,0x31,0x32,0x20,0x76,0x20,0x31,0x33,0x31,0x2e,0x38,
  0x20,0x63,0x20,0x30,0x2c,0x36,0x2e,0x36,0x20,0x2d,0x35,0x2e,0x34,0x2c,0x31,0x32,
  0x20,0x2d,0x31,0x32,0x2c,0x31,0x32,0x20,0x7a,0x22,0x20,0x2f,0x3e,0xa,0x9,0x9,
  0x3c,0x70,0x61,0x74,0x68,0xa,0x20,0x20,0x20,0x64,0x3d,0x22,0x6d,0x20,0x32,0x35,
  0x2e,0x33,0x2c,0x34,0x34,0x32,0x2e,0x37,0x20,0x68,0x20,0x39,0x31,0x2e,0x32,0x20,
  0x63,0x20,0x31,0x34,0x2c,0x30,0x20,0x32,0x35,0x2e,0x33,0x2c,0x2d,0x31,0x31,0x2e,
  0x34,0x20,0x32,0x35,0x2e,0x33,0x2c,0x2d,0x32,0x35,0x2e,0x33,0x20,0x56,0x20,0x33,
  0x36,0x38,0x20,0x63,0x20,0x30,0x2c,0x2d,0x31,0x34,0x20,0x2d,0x31,0x31,0x2e,0x34,
  0x2c,0x2d,0x32,0x35,0x2e,0x33,0x20,0x2d,0x32,0x35,0x2e,0x33,0x2c,0x2d,0x32,0x35,
  0x2e,0x33,0x20,0x48,0x20,0x38,0x30,0x20,0x56,0x20,0x33,0x30,0x30,0x20,0x63,0x20,
  0x30,0x2c,0x2d,0x37,0x2e,0x35,0x20,0x36,0x2e,0x31,0x2c,0x2d,0x31,0x33,0x2e,0x37,
  0x20,0x31,0x33,0x2e,0x37,0x2c,0x2d,0x31,0x33,0x2e,0x37,0x20,0x68,0x20,0x31,0x34,
  0x32,0x2e,0x31,0x20,0x76,0x20,0x35,0x36,0x2e,0x34,0x20,0x68,0x20,0x2d,0x33,0x36,
  0x2e,0x35,0x20,0x63,0x20,0x2d,0x31,0x34,0x2c,0x30,0x20,0x2d,0x32,0x35,0x2e,0x33,
  0x2c,0x31,0x31,0x2e,0x34,0x20,0x2d,0x32,0x35,0x2e,0x33,0x2c,0x32,0x35,0x2e,0x33,
  0x20,0x76,0x20,0x34,0x39,0x2e,0x34,0x20,0x63,0x20,0x30,0x2c,0x31,0x34,0x20,0x31,
  0x31,0x2e,0x34,0x2c,0x32,0x35,0x2e,0x33,0x20,0x32,0x35,0x2e,0x33,0x2c,0x32,0x35,
  0x2e,0x33,0x20,0x68,0x20,0x39,0x31,0x2e,0x32,0x20,0x63,0x20,0x31,0x34,0x2c,0x30,
  0x20,0x32,0x35,0x2e,0x33,0x2c,0x2d,0x31,0x31,0x2e,0x34,0x20,0x32,0x35,0x2e,0x33,
  0x2c,0x2d,0x32,0x35,0x2e,0x33,0x20,0x56,0x20,0x33,0x36,0x38,0x20,0x63,0x20,0x30,
  0x2c,0x2d,0x31,0x34,0x20,0x2d,0x31,0x31,0x2e,0x34,0x2c,0x2d,0x32,0x35,0x2e,0x33,
  0x20,0x2d,0x32,0x35,0x2e,0x33,0x2c,0x2d,0x32,0x35,0x2e,0x33,0x20,0x48,0x20,0x32,
  0x35,0x34,0x20,0x76,0x20,0x2d,0x35,0x36,0x2e,0x34,0x20,0x68,0x20,0x31,0x34,0x32,
  0x2e,0x31,0x20,0x63,0x20,0x37,0x2e,0x35,0x2c,0x30,0x20,0x31,0x33,0x2e,0x37,0x2c,
  0x36,0x2e,0x31,0x20,0x31,0x33,0x2e,0x37,0x2c,0x31,0x33,0x2e,0x37,0x20,0x76,0x20,
  0x34,0x32,0x2e,0x37,0x20,0x68,0x20,0x2d,0x33,0x36,0x2e,0x35,0x20,0x63,0x20,0x2d,
  0x31,0x34,0x2c,0x30,0x20,0x2d,0x32,0x35,0x2e,0x33,0x2c,0x31,0x31,0x2e,0x34,0x20,
  0x2d,0x32,0x35,0x2e,0x33,0x2c,0x32,0x35,0x2e,0x33,0x20,0x76,0x20,0x34,0x39,0x2e,
  0x34,0x20,0x63,0x20,0x30,0x2c,0x31,0x34,0x20,0x31,0x31,0x2e,0x34,0x2c,0x32,0x35,
  0x2e,0x33,0x20,0x32,0x35,0x2e,0x33,0x2c,0x32,0x35,0x2e,0x33,0x20,0x68,0x20,0x39,
  0x31,0x2e,0x32,0x20,0x63,0x20,0x31,0x34,0x2c,0x30,0x20,0x32,0x35,0x2e,0x33,0x2c,
  0x2d,0x31,0x31,0x2e,0x34,0x20,0x32,0x35,0x2e,0x33,0x2c,0x2d,0x32,0x35,0x2e,0x33,
  0x20,0x56,0x20,0x33,0x36,0x38,0x20,0x63,0x20,0x30,0x2c,0x2d,0x31,0x34,0x20,0x2d,
  0x31,0x31,0x2e,0x34,0x2c,0x2d,0x32,0x35,0x2e,0x33,0x20,0x2d,0x32,0x35,0x2e,0x33,
  0x2c,0x2d,0x32,0x35,0x2e,0x33,0x20,0x48,0x20,0x34,0x32,0x38,0x20,0x56,0x20,0x33,
  0x30,0x30,0x20,0x63,0x20,0x30,0x2c,0x2d,0x31,0x37,0x2e,0x35,0x20,0x2d,0x31,0x34,
  0x2e,0x33,0x2c,0x2d,0x33,0x31,0x2e,0x38,0x20,0x2d,0x33,0x31,0x2e,0x38,0x2c,0x2d,
  0x33,0x31,0x2e,0x38,0x20,0x48,0x20,0x32,0x35,0x33,0x2e,0x39,0x20,0x76,0x20,0x2d,
  0x34,0x37,0x2e,0x33,0x20,0x68,0x20,0x37,0x34,0x20,0x63,0x20,0x31,0x38,0x2e,0x33,
  0x2c,0x30,0x20,0x33,0x33,0x2e,0x32,0x2c,0x2d,0x31,0x34,0x2e,0x39,0x20,0x33,0x33,
  0x2e,0x32,0x2c,0x2d,0x33,0x33,0x2e,0x32,0x20,0x56,0x20,0x38,0x30,0x2e,0x33,0x20,
  0x43,0x20,0x33,0x36,0x31,0x2e,0x31,0x2c,0x36,0x32,0x20,0x33,0x34,0x36,0x2e,0x32,
  0x2c,0x34,0x37,0x2e,0x31,0x20,0x33,0x32,0x37,0x2e,0x39,0x2c,0x34,0x37,0x2e,0x31,
  0x20,0x48,0x20,0x31,0x36,0x31,0x2e,0x38,0x20,0x63,0x20,0x2d,0x31,0x38,0x2e,0x33,
  0x2c,0x30,0x20,0x2d,0x33,0x33,0x2e,0x32,0x2c,0x31,0x34,0x2e,0x39,0x20,0x2d,0x33,
  0x33,0x2e,0x32,0x2c,0x33,0x33,0x2e,0x32,0x20,0x76,0x20,0x31,0x30,0x37,0x2e,0x34,
  0x20,0x63,0x20,0x30,0x2c,0x31,0x38,0x2e,0x33,0x20,0x31,0x34,0x2e,0x39,0x2c,0x33,
  0x33,0x2e,0x32,0x20,0x33,0x33,0x2e,0x32,0x2c,0x33,0x33,0x2e,0x32,0x20,0x68,0x20,
  0x37,0x34,0x20,0x76,0x20,0x34,0x37,0x2e,0x32,0x20,0x48,0x20,0x39,0x33,0x2e,0x37,
  0x20,0x63,0x20,0x2d,0x31,0x37,0x2e,0x35,0x2c,0x30,0x20,0x2d,0x33,0x31,0x2e,0x38,
  0x2c,0x31,0x34,0x2e,0x33,0x20,0x2d,0x33,0x31,0x2e,0x38,0x2c,0x33,0x31,0x2e,0x38,
  0x20,0x76,0x20,0x34,0x32,0x2e,0x37,0x20,0x48,0x20,0x32,0x35,0x2e,0x33,0x20,0x43,
  0x20,0x31,0x31,0x2e,0x33,0x2c,0x33,0x34,0x32,0x2e,0x36,0x20,0x30,0x2c,0x33,0x35,
  0x34,0x20,0x30,0x2c,0x33,0x36,0x37,0x2e,0x39,0x20,0x76,0x20,0x34,0x39,0x2e,0x34,
  0x20,0x63,0x20,0x30,0x2c,0x31,0x34,0x2e,0x31,0x20,0x31,0x31,0x2e,0x34,0x2c,0x32,
  0x35,0x2e,0x34,0x20,0x32,0x35,0x2e,0x33,0x2c,0x32,0x35,0x2e,0x34,0x20,0x7a,0x20,
  0x4d,0x20,0x32,0x39,0x37,0x2e,0x36,0x2c,0x33,0x36,0x38,0x20,0x76,0x20,0x34,0x39,
  0x2e,0x34,0x20,0x63,0x20,0x30,0x2c,0x34,0x20,0x2d,0x33,0x2e,0x32,0x2c,0x37,0x2e,
  0x32,0x20,0x2d,0x37,0x2e,0x32,0x2c,0x37,0x2e,0x32,0x20,0x68,0x20,0x2d,0x39,0x31,
  0x2e,0x32,0x20,0x63,0x20,0x2d,0x34,0x2c,0x30,0x20,0x2d,0x37,0x2e,0x32,0x2c,0x2d,
  0x33,0x2e,0x32,0x20,0x2d,0x37,0x2e,0x32,0x2c,0x2d,0x37,0x2e,0x32,0x20,0x56,0x20,
  0x33,0x36,0x38,0x20,0x63,0x20,0x30,0x2c,0x2d,0x34,0x20,0x33,0x2e,0x32,0x2c,0x2d,
  0x37,0x2e,0x32,0x20,0x37,0x2e,0x32,0x2c,0x2d,0x37,0x2e,0x32,0x20,0x68,0x20,0x39,
  0x31,0x2e,0x32,0x20,0x63,0x20,0x34,0x2c,0x30,0x20,0x37,0x2e,0x32,0x2c,0x33,0x2e,
  0x33,0x20,0x37,0x2e,0x32,0x2c,0x37,0x2e,0x32,0x20,0x7a,0x20,0x6d,0x20,0x31,0x37,
  0x33,0x2e,0x39,0x2c,0x30,0x20,0x76,0x20,0x34,0x39,0x2e,0x34,0x20,0x63,0x20,0x30,
  0x2c,0x34,0x20,0x2d,0x33,0x2e,0x32,0x2c,0x37,0x2e,0x32,0x20,0x2d,0x37,0x2e,0x32,
  0x2c,0x37,0x2e,0x32,0x20,0x68,0x20,0x2d,0x39,0x31,0x2e,0x32,0x20,0x63,0x20,0x2d,
  0x34,0x2c,0x30,0x20,0x2d,0x37,0x2e,0x32,0x2c,0x2d,0x33,0x2e,0x32,0x20,0x2d,0x37,
  0x2e,0x32,0x2c,0x2d,0x37,0x2e,0x32,0x20,0x56,0x20,0x33,0x36,0x38,0x20,0x63,0x20,
  0x30,0x2c,0x2d,0x34,0x20,0x33,0x2e,0x32,0x2c,0x2d,0x37,0x2e,0x32,0x20,0x37,0x2e,
  0x32,0x2c,0x2d,0x37,0x2e,0x32,0x20,0x68,0x20,0x39,0x31,0x2e,0x32,0x20,0x63,0x20,
  0x33,0x2e,0x39,0x2c,0x30,0x20,0x37,0x2e,0x32,0x2c,0x33,0x2e,0x33,0x20,0x37,0x2e,
  0x32,0x2c,0x37,0x2e,0x32,0x20,0x7a,0x20,0x4d,0x20,0x31,0x34,0x36,0x2e,0x37,0x2c,
  0x31,0x38,0x37,0x2e,0x37,0x20,0x56,0x20,0x38,0x30,0x2e,0x33,0x20,0x63,0x20,0x30,
  0x2c,0x2d,0x38,0x2e,0x33,0x20,0x36,0x2e,0x38,0x2c,0x2d,0x31,0x35,0x2e,0x31,0x20,
  0x31,0x35,0x2e,0x31,0x2c,0x2d,0x31,0x35,0x2e,0x31,0x20,0x68,0x20,0x31,0x36,0x36,
  0x20,0x63,0x20,0x38,0x2e,0x33,0x2c,0x30,0x20,0x31,0x35,0x2e,0x31,0x2c,0x36,0x2e,
  0x38,0x20,0x31,0x35,0x2e,0x31,0x2c,0x31,0x35,0x2e,0x31,0x20,0x76,0x20,0x31,0x30,
  0x37,0x2e,0x34,0x20,0x63,0x20,0x30,0x2c,0x38,0x2e,0x33,0x20,0x2d,0x36,0x2e,0x38,
  0x2c,0x31,0x35,0x2e,0x31,0x20,0x2d,0x31,0x35,0x2e,0x31,0x2c,0x31,0x35,0x2e,0x31,
  0x20,0x68,0x20,0x2d,0x31,0x36,0x36,0x20,0x63,0x20,0x2d,0x38,0x2e,0x34,0x2c,0x30,
  0x20,0x2d,0x31,0x35,0x2e,0x31,0x2c,0x2d,0x36,0x2e,0x38,0x20,0x2d,0x31,0x35,0x2e,
  0x31,0x2c,0x2d,0x31,0x35,0x2e,0x31,0x20,0x7a,0x20,0x4d,0x20,0x31,0x38,0x2e,0x31,
  0x2c,0x33,0x36,0x38,0x20,0x63,0x20,0x30,0x2c,0x2d,0x34,0x20,0x33,0x2e,0x32,0x2c,
  0x2d,0x37,0x2e,0x32,0x20,0x37,0x2e,0x32,0x2c,0x2d,0x37,0x2e,0x32,0x20,0x68,0x20,
  0x39,0x31,0x2e,0x32,0x20,0x63,0x20,0x34,0x2c,0x30,0x20,0x37,0x2e,0x32,0x2c,0x33,
  0x2e,0x32,0x20,0x37,0x2e,0x32,0x2c,0x37,0x2e,0x32,0x20,0x76,0x20,0x34,0x39,0x2e,
  0x34,0x20,0x63,0x20,0x30,0x2c,0x34,0x20,0x2d,0x33,0x2e,0x32,0x2c,0x37,0x2e,0x32,
  0x20,0x2d,0x37,0x2e,0x32,0x2c,0x37,0x2e,0x32,0x20,0x48,0x20,0x32,0x35,0x2e,0x33,
  0x20,0x63,0x20,0x2d,0x34,0x2c,0x30,0x20,0x2d,0x37,0x2e,0x32,0x2c,0x2d,0x33,0x2e,
  0x32,0x20,0x2d,0x37,0x2e,0x32,0x2c,0x2d,0x37,0x2e,0x32,0x20,0x30,0x2c,0x30,0x20,
  0x30,0x2c,0x2d,0x34,0x39,0x2e,0x34,0x20,0x30,0x2c,0x2d,0x34,0x39,0x2e,0x34,0x20,
  0x7a,0x22,0xa,0x20,0x20,0x20,0x69,0x64,0x3d,0x22,0x70,0x61,0x74,0x68,0x33,0x22,
  0x20,0x2f,0x3e,0xa,0x9,0x9,0x3c,0x70,0x61,0x74,0x68,0xa,0x20,0x20,0x20,0x64,
  0x3d,0x22,0x6d,0x20,0x31,0x39,0x37,0x2e,0x31,0x2c,0x31,0x32,0x32,0x2e,0x31,0x20,
  0x68,0x20,0x39,0x35,0x2e,0x34,0x20,0x63,0x20,0x35,0x2c,0x30,0x20,0x39,0x2e,0x31,
  0x2c,0x2d,0x34,0x2e,0x31,0x20,0x39,0x2e,0x31,0x2c,0x2d,0x39,0x2e,0x31,0x20,0x30,
  0x2c,0x2d,0x35,0x20,0x2d,0x34,0x2e,0x31,0x2c,0x2d,0x39,0x2e,0x31,0x20,0x2d,0x39,
  0x2e,0x31,0x2c,0x2d,0x39,0x2e,0x31,0x20,0x68,0x20,0x2d,0x39,0x35,0x2e,0x34,0x20,
  0x63,0x20,0x2d,0x35,0x2c,0x30,0x20,0x2d,0x39,0x2e,0x31,0x2c,0x34,0x2e,0x31,0x20,
  0x2d,0x39,0x2e,0x31,0x2c,0x39,0x2e,0x31,0x20,0x30,0x2c,0x35,0x20,0x34,0x2e,0x31,
  0x2c,0x39,0x2e,0x31,0x20,0x39,0x2e,0x31,0x2c,0x39,0x2e,0x31,0x20,0x7a,0x22,0xa,
  0x20,0x20,0x20,0x69,0x64,0x3d,0x22,0x70,0x61,0x74,0x68,0x35,0x22,0x20,0x2f,0x3e,
  0xa,0x9,0x9,0x3c,0x70,0x61,0x74,0x68,0xa,0x20,0x20,0x20,0x64,0x3d,0x22,0x6d,
  0x20,0x33,0x30,0x31,0x2e,0x36,0x2c,0x31,0x35,0x34,0x2e,0x39,0x20,0x63,0x20,0x30,
  0x2c,0x2d,0x35,0x20,0x2d,0x34,0x2e,0x31,0x2c,0x2d,0x39,0x2e,0x31,0x20,0x2d,0x39,
  0x2e,0x31,0x2c,0x2d,0x39,0x2e,0x31,0x20,0x68,0x20,0x2d,0x39,0x35,0x2e,0x34,0x20,
  0x63,0x20,0x2d,0x35,0x2c,0x30,0x20,0x2d,0x39,0x2e,0x31,0x2c,0x34,0x2e,0x31,0x20,
  0x2d,0x39,0x2e,0x31,0x2c,0x39,0x2e,0x31,0x20,0x30,0x2c,0x35,0x20,0x34,0x2e,0x31,
  0x2c,0x39,0x2e,0x31,0x20,0x39,0x2e,0x31,0x2c,0x39,0x2e,0x31,0x20,0x68,0x20,0x39,
  0x35,0x2e,0x34,0x20,0x63,0x20,0x35,0x2c,0x30,0x20,0x39,0x2e,0x31,0x2c,0x2d,0x34,
  0x2e,0x31,0x20,0x39,0x2e,0x31,0x2c,0x2d,0x39,0x2e,0x31,0x20,0x7a,0x22,0xa,0x20,
  0x20,0x20,0x69,0x64,0x3d,0x22,0x70,0x61,0x74,0x68,0x37,0x22,0x20,0x2f,0x3e,0xa,
  0x9,0x3c,0x2f,0x67,0x3e,0xa,0x3c,0x2f,0x67,0x3e,0xa,0x3c,0x67,0xa,0x20,0x20,
  0x20,0x69,0x64,0x3d,0x22,0x67,0x31,0x33,0x22,0x3e,0xa,0x3c,0x2f,0x67,0x3e,0xa,
  0x3c,0x67,0xa,0x20,0x20,0x20,0x69,0x64,0x3d,0x22,0x67,0x31,0x35,0x22,0x3e,0xa,
  0x3c,0x2f,0x67,0x3e,0xa,0x3c,0x67,0xa,0x20,0x20,0x20,0x69,0x64,0x3d,0x22,0x67,
  0x31,0x37,0x22,0x3e,0xa,0x3c,0x2f,0x67,0x3e,0xa,0x3c,0x67,0xa,0x20,0x20,0x20,
  0x69,0x64,0x3d,0x22,0x67,0x31,0x39,0x22,0x3e,0xa,0x3c,0x2f,0x67,0x3e,0xa,0x3c,
  0x67,0xa,0x20,0x20,0x20,0x69,0x64,0x3d,0x22,0x67,0x32,0x31,0x22,0x3e,0xa,0x3c,
  0x2f,0x67,0x3e,0xa,0x3c,0x67,0xa,0x20,0x20,0x20,0x69,0x64,0x3d,0x22,0x67,0x32,
  0x33,0x22,0x3e,0xa,0x3c,0x2f,0x67,0x3e,0xa,0x3c,0x67,0xa,0x20,0x20,0x20,0x69,
  0x64,0x3d,0x22,0x67,0x32,0x35,0x22,0x3e,0xa,0x3c,0x2f,0x67,0x3e,0xa,0x3c,0x67,
  0xa,0x20,0x20,0x20,0x69,0x64,0x3d,0x22,0x67,0x32,0x37,0x22,0x3e,0xa,0x3c,0x2f,
  0x67,0x3e,0xa,0x3c,0x67,0xa,0x20,0x20,0x20,0x69,0x64,0x3d,0x22,0x67,0x32,0x39,
  0x22,0x3e,0xa,0x3c,0x2f,0x67,0x3e,0xa,0x3c,0x67,0xa,0x20,0x20,0x20,0x69,0x64,
  0x3d,0x22,0x67,0x33,0x31,0x22,0x3e,0xa,0x3c,0x2f,0x67,0x3e,0xa,0x3c,0x67,0xa,
  0x20,0x20,0x20,0x69,0x64,0x3d,0x22,0x67,0x33,0x33,0x22,0x3e,0xa,0x3c,0x2f,0x67,
  0x3e,0xa,0x3c,0x67,0xa,0x20,0x20,0x20,0x69,0x64,0x3d,0x22,0x67,0x33,0x35,0x22,
  0x3e,0xa,0x3c,0x2f,0x67,0x3e,0xa,0x3c,0x67,0xa,0x20,0x20,0x20,0x69,0x64,0x3d,
  0x22,0x67,0x33,0x37,0x22,0x3e,0xa,0x3c,0x2f,0x67,0x3e,0xa,0x3c,0x67,0xa,0x20,
  0x20,0x20,0x69,0x64,0x3d,0x22,0x67,0x33,0x39,0x22,0x3e,0xa,0x3c,0x2f,0x67,0x3e,
  0xa,0x3c,0x67,0xa,0x20,0x20,0x20,0x69,0x64,0x3d,0x22,0x67,0x34,0x31,0x22,0x3e,
  0xa,0x3c,0x2f,0x67,0x3e,0xa,0xa,0x3c,0x74,0x65,0x78,0x74,0xa,0x20,0x20,0x20,
  0x78,0x6d,0x6c,0x3a,0x73,0x70,0x61,0x63,0x65,0x3d,0x22,0x70,0x72,0x65,0x73,0x65,
  0x72,0x76,0x65,0x22,0xa,0x20,0x20,0x20,0x73,0x74,0x79,0x6c,0x65,0x3d,0x22,0x66,
  0x6f,0x6e,0x74,0x2d,0x73,0x74,0x79,0x6c,0x65,0x3a,0x6e,0x6f,0x72,0x6d,0x61,0x6c,
  0x3b,0x66,0x6f,0x6e,0x74,0x2d,0x77,0x65,0x69,0x67,0x68,0x74,0x3a,0x6e,0x6f,0x72,
  0x6d,0x61,0x6c,0x3b,0x66,0x6f,0x6e,0x74,0x2d,0x73,0x69,0x7a,0x65,0x3a,0x39,0x31,
  0x2e,0x33,0x33,0x34,0x39,0x70,0x78,0x3b,0x6c,0x69,0x6e,0x65,0x2d,0x68,0x65,0x69,
  0x67,0x68,0x74,0x3a,0x31,0x2e,0x32,0x35,0x3b,0x66,0x6f,0x6e,0x74,0x2d,0x66,0x61,
  0x6d,0x69,0x6c,0x79,0x3a,0x73,0x61,0x6e,0x73,0x2d,0x73,0x65,0x72,0x69,0x66,0x3b,
  0x6c,0x65,0x74,0x74,0x65,0x72,0x2d,0x73,0x70,0x61,0x63,0x69,0x6e,0x67,0x3a,0x30,
  0x70,0x78,0x3b,0x77,0x6f,0x72,0x64,0x2d,0x73,0x70,0x61,0x63,0x69,0x6e,0x67,0x3a,
  0x30,0x70,0x78,0x3b,0x66,0x69,0x6c,0x6c,0x3a,0x23,0x30,0x30,0x30,0x30,0x33,0x33,
  0x3b,0x66,0x69,0x6c,0x6c,0x2d,0x6f,0x70,0x61,0x63,0x69,0x74,0x79,0x3a,0x31,0x3b,
  0x73,0x74,0x72,0x6f,0x6b,0x65,0x3a,0x6e,0x6f,0x6e,0x65,0x3b,0x73,0x74,0x72,0x6f,
  0x6b,0x65,0x2d,0x77,0x69,0x64,0x74,0x68,0x3a,0x32,0x2e,0x32,0x38,0x33,0x33,0x37,
  0x22,0xa,0x20,0x20,0x20,0x78,0x3d,0x22,0x33,0x31,0x38,0x2e,0x39,0x35,0x35,0x30,
  0x35,0x22,0xa,0x20,0x20,0x20,0x79,0x3d,0x22,0x33,0x32,0x39,0x2e,0x36,0x31,0x32,
  0x38,0x32,0x22,0xa,0x20,0x20,0x20,0x69,0x64,0x3d,0x22,0x74,0x65,0x78,0x74,0x38,
  0x36,0x30,0x2d,0x33,0x22,0xa,0x20,0x20,0x20,0x74,0x72,0x61,0x6e,0x73,0x66,0x6f,
  0x72,0x6d,0x3d,0x22,0x73,0x63,0x61,0x6c,0x65,0x28,0x30,0x2e,0x37,0x32,0x30,0x37,
  0x36,0x31,0x37,0x31,0x2c,0x31,0x2e,0x33,0x38,0x37,0x34,0x32,0x31,0x31,0x29,0x22,
  0x3e,0x3c,0x74,0x73,0x70,0x61,0x6e,0xa,0x20,0x20,0x20,0x20,0x20,0x73,0x6f,0x64,
  0x69,0x70,0x6f,0x64,0x69,0x3a,0x72,0x6f,0x6c,0x65,0x3d,0x22,0x6c,0x69,0x6e,0x65,
  0x22,0xa,0x20,0x20,0x20,0x20,0x20,0x69,0x64,0x3d,0x22,0x74,0x73,0x70,0x61,0x6e,
  0x38,0x35,0x38,0x2d,0x36,0x22,0xa,0x20,0x20,0x20,0x20,0x20,0x78,0x3d,0x22,0x33,
  0x31,0x38,0x2e,0x39,0x35,0x35,0x30,0x35,0x22,0xa,0x20,0x20,0x20,0x20,0x20,0x79,
  0x3d,0x22,0x33,0x32,0x39,0x2e,0x36,0x31,0x32,0x38,0x32,0x22,0xa,0x20,0x20,0x20,
  0x20,0x20,0x73,0x74,0x79,0x6c,0x65,0x3d,0x22,0x66,0x6f,0x6e,0x74,0x2d,0x73,0x74,
  0x79,0x6c,0x65,0x3a,0x6e,0x6f,0x72,0x6d,0x61,0x6c,0x3b,0x66,0x6f,0x6e,0x74,0x2d,
  0x76,0x61,0x72,0x69,0x61,0x6e,0x74,0x3a,0x6e,0x6f,0x72,0x6d,0x61,0x6c,0x3b,0x66,
  0x6f,0x6e,0x74,0x2d,0x77,0x65,0x69,0x67,0x68,0x74,0x3a,0x62,0x6f,0x6c,0x64,0x3b,
  0x66,0x6f,0x6e,0x74,0x2d,0x73,0x74,0x72,0x65,0x74,0x63,0x68,0x3a,0x6e,0x6f,0x72,
  0x6d,0x61,0x6c,0x3b,0x66,0x6f,0x6e,0x74,0x2d,0x66,0x61,0x6d,0x69,0x6c,0x79,0x3a,
  0x73,0x61,0x6e,0x73,0x2d,0x73,0x65,0x72,0x69,0x66,0x3b,0x2d,0x69,0x6e,0x6b,0x73,
  0x63,0x61,0x70,0x65,0x2d,0x66,0x6f,0x6e,0x74,0x2d,0x73,0x70,0x65,0x63,0x69,0x66,
  0x69,0x63,0x61,0x74,0x69,0x6f,0x6e,0x3a,0x27,0x73,0x61,0x6e,0x73,0x2d,0x73,0x65,
  0x72,0x69,0x66,0x20,0x42,0x6f,0x6c,0x64,0x27,0x3b,0x66,0x69,0x6c,0x6c,0x3a,0x23,
  0x30,0x30,0x30,0x30,0x33,0x33,0x3b,0x73,0x74,0x72,0x6f,0x6b,0x65,0x2d,0x77,0x69,
  0x64,0x74,0x68,0x3a,0x32,0x2e,0x32,0x38,0x33,0x33,0x37,0x22,0x3e,0x3f,0x3c,0x2f,
  0x74,0x73,0x70,0x61,0x6e,0x3e,0x3c,0x2f,0x74,0x65,0x78,0x74,0x3e,0xa,0xa,0x3c,
  0x2f,0x73,0x76,0x67,0x3e,0xa,
    // /home/etapadmin/Masaüstü/e-ag-qt6/dds/dds-monitor/icons/settings.svg
  0x0,0x0,0x13,0x30,
  0x3c,
  0x3f,0x78,0x6d,0x6c,0x20,0x76,0x65,0x72,0x73,0x69,0x6f,0x6e,0x3d,0x22,0x31,0x2e,
  0x30,0x22,0x20,0x65,0x6e,0x63,0x6f,0x64,0x69,0x6e,0x67,0x3d,0x22,0x55,0x54,0x46,
  0x2d,0x38,0x22,0x20,0x73,0x74,0x61,0x6e,0x64,0x61,0x6c,0x6f,0x6e,0x65,0x3d,0x22,
  0x6e,0x6f,0x22,0x3f,0x3e,0xa,0x3c,0x21,0x2d,0x2d,0x20,0x47,0x65,0x6e,0x65,0x72,
  0x61,0x74,0x6f,0x72,0x3a,0x20,0x41,0x64,0x6f,0x62,0x65,0x20,0x49,0x6c,0x6c,0x75,
  0x73,0x74,0x72,0x61,0x74,0x6f,0x72,0x20,0x31,0x39,0x2e,0x30,0x2e,0x30,0x2c,0x20,
  0x53,0x56,0x47,0x20,0x45,0x78,0x70,0x6f,0x72,0x74,0x20,0x50,0x6c,0x75,0x67,0x2d,
  0x49,0x6e,0x20,0x2e,0x20,0x53,0x56,0x47,0x20,0x56,0x65,0x72,0x73,0x69,0x6f,0x6e,
  0x3a,0x20,0x36,0x2e,0x30,0x30,0x20,0x42,0x75,0x69,0x6c,0x64,0x20,0x30,0x29,0x20,
  0x20,0x2d,0x2d,0x3e,0xa,0xa,0x3c,0x73,0x76,0x67,0xa,0x20,0x20,0x20,0x78,0x6d,
  0x6c,0x6e,0x73,0x3a,0x64,0x63,0x3d,0x22,0x68,0x74,0x74,0x70,0x3a,0x2f,0x2f,0x70,
  0x75,0x72,0x6c,0x2e,0x6f,0x72,0x67,0x2f,0x64,0x63,0x2f,0x65,0x6c,0x65,0x6d,0x65,
  0x6e,0x74,0x73,0x2f,0x31,0x2e,0x31,0x2f,0x22,0xa,0x20,0x20,0x20,0x78,0x6d,0x6c,
  0x6e,0x73,0x3a,0x63,0x63,0x3d,0x22,0x68,0x74,0x74,0x70,0x3a,0x2f,0x2f,0x63,0x72,
  0x65,0x61,0x74,0x69,0x76,0x65,0x63,0x6f,0x6d,0x6d,0x6f,0x6e,0x73,0x2e,0x6f,0x72,
  0x67,0x2f,0x6e,0x73,0x23,0x22,0xa,0x20,0x20,0x20,0x78,0x6d,0x6c,0x6e,0x73,0x3a,
  0x72,0x64,0x66,0x3d,0x22,0x68,0x74,0x74,0x70,0x3a,0x2f,0x2f,0x77,0x77,0x77,0x2e,
  0x77,0x33,0x2e,0x6f,0x72,0x67,0x2f,0x31,0x39,0x39,0x39,0x2f,0x30,0x32,0x2f,0x32,
  0x32,0x2d,0x72,0x64,0x66,0x2d,0x73,0x79,0x6e,0x74,0x61,0x78,0x2d,0x6e,0x73,0x23,
  0x22,0xa,0x20,0x20,0x20,0x78,0x6d,0x6c,0x6e,0x73,0x3a,0x73,0x76,0x67,0x3d,0x22,
  0x68,0x74,0x74,0x70,0x3a,0x2f,0x2f,0x77,0x77,0x77,0x2e,0x77,0x33,0x2e,0x6f,0x72,
  0x67,0x2f,0x32,0x30,0x30,0x30,0x2f,0x73,0x76,0x67,0x22,0xa,0x20,0x20,0x20,0x78,
  0x6d,0x6c,0x6e,0x73,0x3d,0x22,0x68,0x74,0x74,0x70,0x3a,0x2f,0x2f,0x77,0x77,0x77,
  0x2e,0x77,0x33,0x2e,0x6f,0x72,0x67,0x2f,0x32,0x30,0x30,0x30,0x2f,0x73,0x76,0x67,
  0x22,0xa,0x20,0x20,0x20,0x78,0x6d,0x6c,0x6e,0x73,0x3a,0x73,0x6f,0x64,0x69,0x70,
  0x6f,0x64,0x69,0x3d,0x22,0x68,0x74,0x74,0x70,0x3a,0x2f,0x2f,0x73,0x6f,0x64,0x69,
  0x70,0x6f,0x64,0x69,0x2e,0x73,0x6f,0x75,0x72,0x63,0x65,0x66,0x6f,0x72,0x67,0x65,
  0x2e,0x6e,0x65,0x74,0x2f,0x44,0x54,0x44,0x2f,0x73,0x6f,0x64,0x69,0x70,0x6f,0x64,
  0x69,0x2d,0x30,0x2e,0x64,0x74,0x64,0x22,0xa,0x20,0x20,0x20,0x78,0x6d,0x6c,0x6e,
  0x73,0x3a,0x69,0x6e,0x6b,0x73,0x63,0x61,0x70,0x65,0x3d,0x22,0x68,0x74,0x74,0x70,
  0x3a,0x2f,0x2f,0x77,0x77,0x77,0x2e,0x69,0x6e,0x6b,0x73,0x63,0x61,0x70,0x65,0x2e,
  0x6f,0x72,0x67,0x2f,0x6e,0x61,0x6d,0x65,0x73,0x70,0x61,0x63,0x65,0x73,0x2f,0x69,
  0x6e,0x6b,0x73,0x63,0x61,0x70,0x65,0x22,0xa,0x20,0x20,0x20,0x76,0x65,0x72,0x73,
  0x69,0x6f,0x6e,0x3d,0x22,0x31,0x2e,0x31,0x22,0xa,0x20,0x20,0x20,0x69,0x64,0x3d,
  0x22,0x4c,0x61,0x79,0x65,0x72,0x5f,0x31,0x22,0xa,0x20,0x20,0x20,0x78,0x3d,0x22,
  0x30,0x70,0x78,0x22,0xa,0x20,0x20,0x20,0x79,0x3d,0x22,0x30,0x70,0x78,0x22,0xa,
  0x20,0x20,0x20,0x76,0x69,0x65,0x77,0x42,0x6f,0x78,0x3d,0x22,0x30,0x20,0x30,0x20,
  0x35,0x31,0x32,0x20,0x35,0x31,0x32,0x22,0xa,0x20,0x20,0x20,0x73,0x74,0x79,0x6c,
  0x65,0x3d,0x22,0x65,0x6e,0x61,0x62,0x6c,0x65,0x2d,0x62,0x61,0x63,0x6b,0x67,0x72,
  0x6f,0x75,0x6e,0x64,0x3a,0x6e,0x65,0x77,0x20,0x30,0x20,0x30,0x20,0x35,0x31,0x32,
  0x20,0x35,0x31,0x32,0x3b,0x22,0xa,0x20,0x20,0x20,0x78,0x6d,0x6c,0x3a,0x73,0x70,
  0x61,0x63,0x65,0x3d,0x22,0x70,0x72,0x65,0x73,0x65,0x72,0x76,0x65,0x22,0xa,0x20,
  0x20,0x20,0x73,0x6f,0x64,0x69,0x70,0x6f,0x64,0x69,0x3a,0x64,0x6f,0x63,0x6e,0x61,
  0x6d,0x65,0x3d,0x22,0x73,0x65,0x74,0x74,0x69,0x6e,0x67,0x73,0x2d,0x67,0x65,0x61,
  0x72,0x2d,0x73,0x76,0x67,0x72,0x65,0x70,0x6f,0x2d,0x63,0x6f,0x6d,0x2e,0x73,0x76,
  0x67,0x22,0xa,0x20,0x20,0x20,0x69,0x6e,0x6b,0x73,0x63,0x61,0x70,0x65,0x3a,0x76,
  0x65,0x72,0x73,0x69,0x6f,0x6e,0x3d,0x22,0x30,0x2e,0x39,0x32,0x2e,0x34,0x20,0x28,
  0x35,0x64,0x61,0x36,0x38,0x39,0x63,0x33,0x31,0x33,0x2c,0x20,0x32,0x30,0x31,0x39,
  0x2d,0x30,0x31,0x2d,0x31,0x34,0x29,0x22,0x3e,0x3c,0x6d,0x65,0x74,0x61,0x64,0x61,
  0x74,0x61,0xa,0x20,0x20,0x20,0x69,0x64,0x3d,0x22,0x6d,0x65,0x74,0x61,0x64,0x61,
  0x74,0x61,0x34,0x35,0x22,0x3e,0x3c,0x72,0x64,0x66,0x3a,0x52,0x44,0x46,0x3e,0x3c,
  0x63,0x63,0x3a,0x57,0x6f,0x72,0x6b,0xa,0x20,0x20,0x20,0x20,0x20,0x20,0x20,0x72,
  0x64,0x66,0x3a,0x61,0x62,0x6f,0x75,0x74,0x3d,0x22,0x22,0x3e,0x3c,0x64,0x63,0x3a,
  0x66,0x6f,0x72,0x6d,0x61,0x74,0x3e,0x69,0x6d,0x61,0x67,0x65,0x2f,0x73,0x76,0x67,
  0x2b,0x78,0x6d,0x6c,0x3c,0x2f,0x64,0x63,0x3a,0x66,0x6f,0x72,0x6d,0x61,0x74,0x3e,
  0x3c,0x64,0x63,0x3a,0x74,0x79,0x70,0x65,0xa,0x20,0x20,0x20,0x20,0x20,0x20,0x20,
  0x20,0x20,0x72,0x64,0x66,0x3a,0x72,0x65,0x73,0x6f,0x75,0x72,0x63,0x65,0x3d,0x22,
  0x68,0x74,0x74,0x70,0x3a,0x2f,0x2f,0x70,0x75,0x72,0x6c,0x2e,0x6f,0x72,0x67,0x2f,
  0x64,0x63,0x2f,0x64,0x63,0x6d,0x69,0x74,0x79,0x70,0x65,0x2f,0x53,0x74,0x69,0x6c,
  0x6c,0x49,0x6d,0x61,0x67,0x65,0x22,0x20,0x2f,0x3e,0x3c,0x2f,0x63,0x63,0x3a,0x57,
  0x6f,0x72,0x6b,0x3e,0x3c,0x2f,0x72,0x64,0x66,0x3a,0x52,0x44,0x46,0x3e,0x3c,0x2f,
  0x6d,0x65,0x74,0x61,0x64,0x61,0x74,0x61,0x3e,0x3c,0x64,0x65,0x66,0x73,0xa,0x20,
  0x20,0x20,0x69,0x64,0x3d,0x22,0x64,0x65,0x66,0x73,0x34,0x33,0x22,0x20,0x2f,0x3e,
  0x3c,0x73,0x6f,0x64,0x69,0x70,0x6f,0x64,0x69,0x3a,0x6e,0x61,0x6d,0x65,0x64,0x76,
  0x69,0x65,0x77,0xa,0x20,0x20,0x20,0x70,0x61,0x67,0x65,0x63,0x6f,0x6c,0x6f,0x72,
  0x3d,0x22,0x23,0x66,0x66,0x66,0x66,0x66,0x66,0x22,0xa,0x20,0x20,0x20,0x62,0x6f,
  0x72,0x64,0x65,0x72,0x63,0x6f,0x6c,0x6f,0x72,0x3d,0x22,0x23,0x36,0x36,0x36,0x36,
  0x36,0x36,0x22,0xa,0x20,0x20,0x20,0x62,0x6f,0x72,0x64,0x65,0x72,0x6f,0x70,0x61,
  0x63,0x69,0x74,0x79,0x3d,0x22,0x31,0x22,0xa,0x20,0x20,0x20,0x6f,0x62,0x6a,0x65,
  0x63,0x74,0x74,0x6f,0x6c,0x65,0x72,0x61,0x6e,0x63,0x65,0x3d,0x22,0x31,0x30,0x22,
  0xa,0x20,0x20,0x20,0x67,0x72,0x69,0x64,0x74,0x6f,0x6c,0x65,0x72,0x61,0x6e,0x63,
  0x65,0x3d,0x22,0x31,0x30,0x22,0xa,0x20,0x20,0x20,0x67,0x75,0x69,0x64,0x65,0x74,
  0x6f,0x6c,0x65,0x72,0x61,0x6e,0x63,0x65,0x3d,0x22,0x31,0x30,0x22,0xa,0x20,0x20,
  0x20,0x69,0x6e,0x6b,0x73,0x63,0x61,0x70,0x65,0x3a,0x70,0x61,0x67,0x65,0x6f,0x70,
  0x61,0x63,0x69,0x74,0x79,0x3d,0x22,0x30,0x22,0xa,0x20,0x20,0x20,0x69,0x6e,0x6b,
  0x73,0x63,0x61,0x70,0x65,0x3a,0x70,0x61,0x67,0x65,0x73,0x68,0x61,0x64,0x6f,0x77,
  0x3d,0x22,0x32,0x22,0xa,0x20,0x20,0x20,0x69,0x6e,0x6b,0x73,0x63,0x61,0x70,0x65,
  0x3a,0x77,0x69,0x6e,0x64,0x6f,0x77,0x2d,0x77,0x69,0x64,0x74,0x68,0x3d,0x22,0x37,
  0x37,0x30,0x22,0xa,0x20,0x20,0x20,0x69,0x6e,0x6b,0x73,0x63,0x61,0x70,0x65,0x3a,
  0x77,0x69,0x6e,0x64,0x6f,0x77,0x2d,0x68,0x65,0x69,0x67,0x68,0x74,0x3d,0x22,0x34,
  0x38,0x30,0x22,0xa,0x20,0x20,0x20,0x69,0x64,0x3d,0x22,0x6e,0x61,0x6d,0x65,0x64,
  0x76,0x69,0x65,0x77,0x34,0x31,0x22,0xa,0x20,0x20,0x20,0x73,0x68,0x6f,0x77,0x67,
  0x72,0x69,0x64,0x3d,0x22,0x66,0x61,0x6c,0x73,0x65,0x22,0xa,0x20,0x20,0x20,0x69,
  0x6e,0x6b,0x73,0x63,0x61,0x70,0x65,0x3a,0x7a,0x6f,0x6f,0x6d,0x3d,0x22,0x30,0x2e,
  0x34,0x36,0x30,0x39,0x33,0x37,0x35,0x22,0xa,0x20,0x20,0x20,0x69,0x6e,0x6b,0x73,
  0x63,0x61,0x70,0x65,0x3a,0x63,0x78,0x3d,0x22,0x36,0x37,0x36,0x2e,0x38,0x38,0x31,
  0x33,0x36,0x22,0xa,0x20,0x20,0x20,0x69,0x6e,0x6b,0x73,0x63,0x61,0x70,0x65,0x3a,
  0x63,0x79,0x3d,0x22,0x32,0x35,0x36,0x22,0xa,0x20,0x20,0x20,0x69,0x6e,0x6b,0x73,
  0x63,0x61,0x70,0x65,0x3a,0x77,0x69,0x6e,0x64,0x6f,0x77,0x2d,0x78,0x3d,0x22,0x30,
  0x22,0xa,0x20,0x20,0x20,0x69,0x6e,0x6b,0x73,0x63,0x61,0x70,0x65,0x3a,0x77,0x69,
  0x6e,0x64,0x6f,0x77,0x2d,0x79,0x3d,0x22,0x30,0x22,0xa,0x20,0x20,0x20,0x69,0x6e,
  0x6b,0x73,0x63,0x61,0x70,0x65,0x3a,0x77,0x69,0x6e,0x64,0x6f,0x77,0x2d,0x6d,0x61,
  0x78,0x69,0x6d,0x69,0x7a,0x65,0x64,0x3d,0x22,0x30,0x22,0xa,0x20,0x20,0x20,0x69,
  0x6e,0x6b,0x73,0x63,0x61,0x70,0x65,0x3a,0x63,0x75,0x72,0x72,0x65,0x6e,0x74,0x2d,
  0x6c,0x61,0x79,0x65,0x72,0x3d,0x22,0x4c,0x61,0x79,0x65,0x72,0x5f,0x31,0x22,0x20,
  0x2f,0x3e,0xa,0x3c,0x70,0x61,0x74,0x68,0xa,0x20,0x20,0x20,0x73,0x74,0x79,0x6c,
  0x65,0x3d,0x22,0x66,0x69,0x6c,0x6c,0x3a,0x23,0x62,0x34,0x65,0x32,0x66,0x66,0x22,
  0xa,0x20,0x20,0x20,0x64,0x3d,0x22,0x4d,0x34,0x39,0x39,0x2e,0x32,0x2c,0x32,0x39,
  0x34,0x2e,0x34,0x76,0x2d,0x37,0x36,0x2e,0x38,0x68,0x2d,0x35,0x35,0x2e,0x32,0x37,
  0x63,0x2d,0x34,0x2e,0x38,0x39,0x38,0x2d,0x32,0x33,0x2e,0x39,0x37,0x39,0x2d,0x31,
  0x34,0x2e,0x34,0x30,0x34,0x2d,0x34,0x36,0x2e,0x39,0x30,0x38,0x2d,0x32,0x37,0x2e,
  0x39,0x30,0x34,0x2d,0x36,0x37,0x2e,0x33,0x32,0x38,0x6c,0x33,0x39,0x2e,0x30,0x38,
  0x33,0x2d,0x33,0x39,0x2e,0x30,0x39,0x31,0x6c,0x2d,0x35,0x34,0x2e,0x32,0x39,0x38,
  0x2d,0x35,0x34,0x2e,0x33,0x30,0x36,0x20,0x20,0x6c,0x2d,0x33,0x39,0x2e,0x30,0x38,
  0x33,0x2c,0x33,0x39,0x2e,0x30,0x39,0x31,0x63,0x2d,0x32,0x30,0x2e,0x34,0x32,0x2d,
  0x31,0x33,0x2e,0x35,0x2d,0x34,0x33,0x2e,0x33,0x35,0x38,0x2d,0x32,0x33,0x2e,0x30,
  0x30,0x36,0x2d,0x36,0x37,0x2e,0x33,0x32,0x38,0x2d,0x32,0x37,0x2e,0x38,0x38,0x37,
  0x56,0x31,0x32,0x2e,0x38,0x68,0x2d,0x37,0x36,0x2e,0x38,0x76,0x35,0x35,0x2e,0x32,
  0x37,0x39,0x63,0x2d,0x32,0x33,0x2e,0x39,0x37,0x2c,0x34,0x2e,0x38,0x39,0x2d,0x34,
  0x36,0x2e,0x39,0x30,0x38,0x2c,0x31,0x34,0x2e,0x33,0x38,0x37,0x2d,0x36,0x37,0x2e,
  0x33,0x33,0x37,0x2c,0x32,0x37,0x2e,0x38,0x38,0x37,0x20,0x20,0x6c,0x2d,0x33,0x39,
  0x2e,0x30,0x38,0x33,0x2d,0x33,0x39,0x2e,0x30,0x39,0x31,0x6c,0x2d,0x35,0x34,0x2e,
  0x32,0x39,0x38,0x2c,0x35,0x34,0x2e,0x33,0x30,0x36,0x6c,0x33,0x39,0x2e,0x30,0x38,
  0x33,0x2c,0x33,0x39,0x2e,0x30,0x39,0x31,0x63,0x2d,0x31,0x33,0x2e,0x35,0x2c,0x32,
  0x30,0x2e,0x34,0x32,0x2d,0x32,0x32,0x2e,0x39,0x39,0x37,0x2c,0x34,0x33,0x2e,0x33,
  0x35,0x38,0x2d,0x32,0x37,0x2e,0x39,0x30,0x34,0x2c,0x36,0x37,0x2e,0x33,0x32,0x38,
  0x48,0x31,0x32,0x2e,0x38,0x76,0x37,0x36,0x2e,0x38,0x68,0x35,0x35,0x2e,0x32,0x37,
  0x20,0x20,0x63,0x34,0x2e,0x38,0x39,0x38,0x2c,0x32,0x33,0x2e,0x39,0x37,0x39,0x2c,
  0x31,0x34,0x2e,0x34,0x30,0x34,0x2c,0x34,0x36,0x2e,0x39,0x30,0x38,0x2c,0x32,0x37,
  0x2e,0x39,0x30,0x34,0x2c,0x36,0x37,0x2e,0x33,0x32,0x38,0x6c,0x2d,0x33,0x39,0x2e,
  0x30,0x38,0x33,0x2c,0x33,0x39,0x2e,0x30,0x39,0x31,0x6c,0x35,0x34,0x2e,0x32,0x39,
  0x38,0x2c,0x35,0x34,0x2e,0x32,0x39,0x38,0x6c,0x33,0x39,0x2e,0x30,0x38,0x33,0x2d,
  0x33,0x39,0x2e,0x30,0x38,0x33,0x63,0x32,0x30,0x2e,0x34,0x33,0x37,0x2c,0x31,0x33,
  0x2e,0x35,0x30,0x38,0x2c,0x34,0x33,0x2e,0x33,0x36,0x36,0x2c,0x32,0x33,0x2e,0x30,
  0x30,0x36,0x2c,0x36,0x37,0x2e,0x33,0x33,0x37,0x2c,0x32,0x37,0x2e,0x38,0x39,0x35,
  0x20,0x20,0x76,0x35,0x35,0x2e,0x32,0x37,0x68,0x37,0x36,0x2e,0x38,0x76,0x2d,0x35,
  0x35,0x2e,0x32,0x37,0x39,0x63,0x32,0x33,0x2e,0x39,0x37,0x2d,0x34,0x2e,0x38,0x39,
  0x2c,0x34,0x36,0x2e,0x38,0x39,0x39,0x2d,0x31,0x34,0x2e,0x33,0x38,0x37,0x2c,0x36,
  0x37,0x2e,0x33,0x33,0x37,0x2d,0x32,0x37,0x2e,0x38,0x39,0x35,0x6c,0x33,0x39,0x2e,
  0x30,0x38,0x33,0x2c,0x33,0x39,0x2e,0x30,0x38,0x33,0x6c,0x35,0x34,0x2e,0x32,0x39,
  0x38,0x2d,0x35,0x34,0x2e,0x32,0x39,0x38,0x6c,0x2d,0x33,0x39,0x2e,0x30,0x38,0x33,
  0x2d,0x33,0x39,0x2e,0x30,0x39,0x31,0x20,0x20,0x63,0x31,0x33,0x2e,0x35,0x2d,0x32,
  0x30,0x2e,0x34,0x32,0x2c,0x32,0x32,0x2e,0x39,0x39,0x37,0x2d,0x34,0x33,0x2e,0x33,
  0x35,0x38,0x2c,0x32,0x37,0x2e,0x39,0x30,0x34,0x2d,0x36,0x37,0x2e,0x33,0x32,0x38,
  0x48,0x34,0x39,0x39,0x2e,0x32,0x56,0x32,0x39,0x34,0x2e,0x34,0x7a,0x20,0x4d,0x32,
  0x35,0x36,0x2c,0x33,0x37,0x31,0x2e,0x32,0x63,0x2d,0x36,0x33,0x2e,0x36,0x32,0x35,
  0x2c,0x30,0x2d,0x31,0x31,0x35,0x2e,0x32,0x2d,0x35,0x31,0x2e,0x35,0x37,0x35,0x2d,
  0x31,0x31,0x35,0x2e,0x32,0x2d,0x31,0x31,0x35,0x2e,0x32,0x53,0x31,0x39,0x32,0x2e,
  0x33,0x37,0x35,0x2c,0x31,0x34,0x30,0x2e,0x38,0x2c,0x32,0x35,0x36,0x2c,0x31,0x34,
  0x30,0x2e,0x38,0x20,0x20,0x53,0x33,0x37,0x31,0x2e,0x32,0x2c,0x31,0x39,0x32,0x2e,
  0x33,0x37,0x35,0x2c,0x33,0x37,0x31,0x2e,0x32,0x2c,0x32,0x35,0x36,0x53,0x33,0x31,
  0x39,0x2e,0x36,0x32,0x35,0x2c,0x33,0x37,0x31,0x2e,0x32,0x2c,0x32,0x35,0x36,0x2c,
  0x33,0x37,0x31,0x2e,0x32,0x7a,0x22,0xa,0x20,0x20,0x20,0x69,0x64,0x3d,0x22,0x70,
  0x61,0x74,0x68,0x32,0x22,0x20,0x2f,0x3e,0xa,0x3c,0x67,0xa,0x20,0x20,0x20,0x69,
  0x64,0x3d,0x22,0x67,0x38,0x22,0x3e,0xa,0x9,0x3c,0x70,0x61,0x74,0x68,0xa,0x20,
  0x20,0x20,0x73,0x74,0x79,0x6c,0x65,0x3d,0x22,0x66,0x69,0x6c,0x6c,0x3a,0x23,0x39,
  0x39,0x63,0x63,0x66,0x66,0x3b,0x73,0x74,0x72,0x6f,0x6b,0x65,0x3a,0x23,0x30,0x30,
  0x30,0x30,0x30,0x30,0x3b,0x73,0x74,0x72,0x6f,0x6b,0x65,0x2d,0x6f,0x70,0x61,0x63,
  0x69,0x74,0x79,0x3a,0x31,0x22,0xa,0x20,0x20,0x20,0x64,0x3d,0x22,0x4d,0x34,0x38,
  0x36,0x2e,0x34,0x2c,0x32,0x30,0x34,0x2e,0x38,0x68,0x2d,0x33,0x32,0x2e,0x32,0x39,
  0x39,0x63,0x2d,0x34,0x2e,0x37,0x37,0x39,0x2d,0x31,0x38,0x2e,0x34,0x36,0x36,0x2d,
  0x31,0x32,0x2e,0x31,0x33,0x34,0x2d,0x33,0x36,0x2e,0x32,0x33,0x33,0x2d,0x32,0x31,
  0x2e,0x38,0x32,0x2d,0x35,0x32,0x2e,0x36,0x37,0x36,0x6c,0x32,0x32,0x2e,0x38,0x33,
  0x35,0x2d,0x32,0x32,0x2e,0x38,0x34,0x34,0x20,0x20,0x20,0x63,0x31,0x30,0x2e,0x30,
  0x30,0x31,0x2d,0x31,0x30,0x2e,0x30,0x30,0x31,0x2c,0x31,0x30,0x2e,0x30,0x30,0x31,
  0x2d,0x32,0x36,0x2e,0x32,0x30,0x36,0x2c,0x30,0x2d,0x33,0x36,0x2e,0x32,0x30,0x37,
  0x4c,0x34,0x31,0x38,0x2e,0x39,0x31,0x2c,0x35,0x36,0x2e,0x38,0x36,0x36,0x63,0x2d,
  0x34,0x2e,0x38,0x30,0x34,0x2d,0x34,0x2e,0x38,0x30,0x34,0x2d,0x31,0x31,0x2e,0x33,
  0x31,0x35,0x2d,0x37,0x2e,0x35,0x30,0x31,0x2d,0x31,0x38,0x2e,0x30,0x39,0x39,0x2d,
  0x37,0x2e,0x35,0x30,0x31,0x63,0x2d,0x36,0x2e,0x37,0x39,0x33,0x2c,0x30,0x2d,0x31,
  0x33,0x2e,0x33,0x30,0x33,0x2c,0x32,0x2e,0x36,0x39,0x37,0x2d,0x31,0x38,0x2e,0x30,
  0x39,0x39,0x2c,0x37,0x2e,0x35,0x30,0x31,0x20,0x20,0x20,0x4c,0x33,0x35,0x39,0x2e,
  0x38,0x36,0x38,0x2c,0x37,0x39,0x2e,0x37,0x31,0x63,0x2d,0x31,0x36,0x2e,0x34,0x33,
  0x35,0x2d,0x39,0x2e,0x36,0x37,0x37,0x2d,0x33,0x34,0x2e,0x32,0x30,0x32,0x2d,0x31,
  0x37,0x2e,0x30,0x33,0x33,0x2d,0x35,0x32,0x2e,0x36,0x36,0x38,0x2d,0x32,0x31,0x2e,
  0x38,0x31,0x31,0x56,0x32,0x35,0x2e,0x36,0x63,0x30,0x2d,0x31,0x34,0x2e,0x31,0x34,
  0x2d,0x31,0x31,0x2e,0x34,0x36,0x2d,0x32,0x35,0x2e,0x36,0x2d,0x32,0x35,0x2e,0x36,
  0x2d,0x32,0x35,0x2e,0x36,0x68,0x2d,0x35,0x31,0x2e,0x32,0x63,0x2d,0x31,0x34,0x2e,
  0x31,0x34,0x2c,0x30,0x2d,0x32,0x35,0x2e,0x36,0x2c,0x31,0x31,0x2e,0x34,0x36,0x2d,
  0x32,0x35,0x2e,0x36,0x2c,0x32,0x35,0x2e,0x36,0x20,0x20,0x20,0x76,0x33,0x32,0x2e,
  0x32,0x39,0x39,0x63,0x2d,0x31,0x38,0x2e,0x34,0x36,0x36,0x2c,0x34,0x2e,0x37,0x37,
  0x39,0x2d,0x33,0x36,0x2e,0x32,0x33,0x33,0x2c,0x31,0x32,0x2e,0x31,0x33,0x34,0x2d,
  0x35,0x32,0x2e,0x36,0x37,0x36,0x2c,0x32,0x31,0x2e,0x38,0x32,0x6c,0x2d,0x32,0x32,
  0x2e,0x38,0x33,0x35,0x2d,0x32,0x32,0x2e,0x38,0x34,0x34,0x63,0x2d,0x34,0x2e,0x38,
  0x30,0x34,0x2d,0x34,0x2e,0x38,0x30,0x34,0x2d,0x31,0x31,0x2e,0x33,0x31,0x35,0x2d,
  0x37,0x2e,0x35,0x30,0x31,0x2d,0x31,0x38,0x2e,0x30,0x39,0x39,0x2d,0x37,0x2e,0x35,
  0x30,0x31,0x20,0x20,0x20,0x63,0x2d,0x36,0x2e,0x37,0x38,0x34,0x2c,0x30,0x2d,0x31,
  0x33,0x2e,0x33,0x30,0x33,0x2c,0x32,0x2e,0x36,0x39,0x37,0x2d,0x31,0x38,0x2e,0x30,
  0x39,0x39,0x2c,0x37,0x2e,0x35,0x30,0x31,0x4c,0x35,0x36,0x2e,0x38,0x38,0x33,0x2c,
  0x39,0x33,0x2e,0x30,0x38,0x32,0x63,0x2d,0x31,0x30,0x2e,0x30,0x30,0x31,0x2c,0x31,
  0x30,0x2e,0x30,0x30,0x31,0x2d,0x31,0x30,0x2e,0x30,0x30,0x31,0x2c,0x32,0x36,0x2e,
  0x32,0x30,0x36,0x2c,0x30,0x2c,0x33,0x36,0x2e,0x32,0x30,0x37,0x6c,0x32,0x32,0x2e,
  0x38,0x34,0x34,0x2c,0x32,0x32,0x2e,0x38,0x34,0x34,0x20,0x20,0x20,0x63,0x2d,0x39,
  0x2e,0x36,0x39,0x34,0x2c,0x31,0x36,0x2e,0x34,0x33,0x35,0x2d,0x31,0x37,0x2e,0x30,
  0x35,0x2c,0x33,0x34,0x2e,0x32,0x30,0x32,0x2d,0x32,0x31,0x2e,0x38,0x32,0x38,0x2c,
  0x35,0x32,0x2e,0x36,0x36,0x38,0x48,0x32,0x35,0x2e,0x36,0x43,0x31,0x31,0x2e,0x34,
  0x36,0x2c,0x32,0x30,0x34,0x2e,0x38,0x2c,0x30,0x2c,0x32,0x31,0x36,0x2e,0x32,0x36,
  0x2c,0x30,0x2c,0x32,0x33,0x30,0x2e,0x34,0x76,0x35,0x31,0x2e,0x32,0x63,0x30,0x2c,
  0x31,0x34,0x2e,0x31,0x34,0x2c,0x31,0x31,0x2e,0x34,0x36,0x2c,0x32,0x35,0x2e,0x36,
  0x2c,0x32,0x35,0x2e,0x36,0x2c,0x32,0x35,0x2e,0x36,0x68,0x33,0x32,0x2e,0x32,0x39,
  0x39,0x20,0x20,0x20,0x63,0x34,0x2e,0x37,0x37,0x39,0x2c,0x31,0x38,0x2e,0x34,0x36,
  0x36,0x2c,0x31,0x32,0x2e,0x31,0x33,0x34,0x2c,0x33,0x36,0x2e,0x32,0x33,0x33,0x2c,
  0x32,0x31,0x2e,0x38,0x32,0x2c,0x35,0x32,0x2e,0x36,0x37,0x36,0x4c,0x35,0x36,0x2e,
  0x38,0x37,0x35,0x2c,0x33,0x38,0x32,0x2e,0x37,0x32,0x63,0x2d,0x31,0x30,0x2e,0x30,
  0x30,0x31,0x2c,0x31,0x30,0x2e,0x30,0x30,0x31,0x2d,0x31,0x30,0x2e,0x30,0x30,0x31,
  0x2c,0x32,0x36,0x2e,0x32,0x30,0x36,0x2c,0x30,0x2c,0x33,0x36,0x2e,0x32,0x30,0x37,
  0x6c,0x33,0x36,0x2e,0x32,0x30,0x37,0x2c,0x33,0x36,0x2e,0x32,0x30,0x37,0x20,0x20,
  0x20,0x63,0x35,0x2e,0x30,0x30,0x31,0x2c,0x35,0x2e,0x30,0x30,0x31,0x2c,0x31,0x31,
  0x2e,0x35,0x35,0x34,0x2c,0x37,0x2e,0x35,0x30,0x31,0x2c,0x31,0x38,0x2e,0x30,0x39,
  0x39,0x2c,0x37,0x2e,0x35,0x30,0x31,0x73,0x31,0x33,0x2e,0x31,0x30,0x37,0x2d,0x32,
  0x2e,0x35,0x2c,0x31,0x38,0x2e,0x30,0x39,0x39,0x2d,0x37,0x2e,0x35,0x30,0x31,0x6c,
  0x32,0x32,0x2e,0x38,0x34,0x34,0x2d,0x32,0x32,0x2e,0x38,0x34,0x34,0x63,0x31,0x36,
  0x2e,0x34,0x34,0x34,0x2c,0x39,0x2e,0x36,0x38,0x35,0x2c,0x33,0x34,0x2e,0x32,0x31,
  0x2c,0x31,0x37,0x2e,0x30,0x35,0x2c,0x35,0x32,0x2e,0x36,0x37,0x36,0x2c,0x32,0x31,
  0x2e,0x38,0x32,0x76,0x33,0x32,0x2e,0x32,0x39,0x20,0x20,0x20,0x63,0x30,0x2c,0x31,
  0x34,0x2e,0x31,0x34,0x2c,0x31,0x31,0x2e,0x34,0x36,0x2c,0x32,0x35,0x2e,0x36,0x2c,
  0x32,0x35,0x2e,0x36,0x2c,0x32,0x35,0x2e,0x36,0x68,0x35,0x31,0x2e,0x32,0x63,0x31,
  0x34,0x2e,0x31,0x34,0x2c,0x30,0x2c,0x32,0x35,0x2e,0x36,0x2d,0x31,0x31,0x2e,0x34,
  0x36,0x2c,0x32,0x35,0x2e,0x36,0x2d,0x32,0x35,0x2e,0x36,0x76,0x2d,0x33,0x32,0x2e,
  0x32,0x39,0x39,0x63,0x31,0x38,0x2e,0x34,0x36,0x36,0x2d,0x34,0x2e,0x37,0x37,0x39,
  0x2c,0x33,0x36,0x2e,0x32,0x33,0x33,0x2d,0x31,0x32,0x2e,0x31,0x33,0x34,0x2c,0x35,
  0x32,0x2e,0x36,0x37,0x36,0x2d,0x32,0x31,0x2e,0x38,0x32,0x6c,0x32,0x32,0x2e,0x38,
  0x34,0x34,0x2c,0x32,0x32,0x2e,0x38,0x34,0x34,0x20,0x20,0x20,0x63,0x35,0x2e,0x30,
  0x30,0x31,0x2c,0x35,0x2e,0x30,0x30,0x31,0x2c,0x31,0x31,0x2e,0x35,0x35,0x34,0x2c,
  0x37,0x2e,0x35,0x30,0x31,0x2c,0x31,0x38,0x2e,0x30,0x39,0x39,0x2c,0x37,0x2e,0x35,
  0x30,0x31,0x63,0x36,0x2e,0x35,0x34,0x35,0x2c,0x30,0x2c,0x31,0x33,0x2e,0x31,0x30,
  0x37,0x2d,0x32,0x2e,0x35,0x2c,0x31,0x38,0x2e,0x30,0x39,0x39,0x2d,0x37,0x2e,0x35,
  0x30,0x31,0x6c,0x33,0x36,0x2e,0x31,0x39,0x38,0x2d,0x33,0x36,0x2e,0x32,0x30,0x37,
  0x63,0x31,0x30,0x2e,0x30,0x30,0x31,0x2d,0x31,0x30,0x2e,0x30,0x30,0x31,0x2c,0x31,
  0x30,0x2e,0x30,0x30,0x31,0x2d,0x32,0x36,0x2e,0x32,0x30,0x36,0x2c,0x30,0x2d,0x33,
  0x36,0x2e,0x32,0x30,0x37,0x20,0x20,0x20,0x6c,0x2d,0x32,0x32,0x2e,0x38,0x33,0x35,
  0x2d,0x32,0x32,0x2e,0x38,0x34,0x34,0x63,0x39,0x2e,0x36,0x38,0x35,0x2d,0x31,0x36,
  0x2e,0x34,0x34,0x34,0x2c,0x31,0x37,0x2e,0x30,0x34,0x31,0x2d,0x33,0x34,0x2e,0x32,
  0x31,0x2c,0x32,0x31,0x2e,0x38,0x32,0x2d,0x35,0x32,0x2e,0x36,0x37,0x36,0x48,0x34,
  0x38,0x36,0x2e,0x34,0x63,0x31,0x34,0x2e,0x31,0x34,0x2c,0x30,0x2c,0x32,0x35,0x2e,
  0x36,0x2d,0x31,0x31,0x2e,0x34,0x36,0x2c,0x32,0x35,0x2e,0x36,0x2d,0x32,0x35,0x2e,
  0x36,0x76,0x2d,0x35,0x31,0x2e,0x32,0x20,0x20,0x20,0x43,0x35,0x31,0x32,0x2c,0x32,
  0x31,0x36,0x2e,0x32,0x36,0x2c,0x35,0x30,0x30,0x2e,0x35,0x34,0x2c,0x32,0x30,0x34,
  0x2e,0x38,0x2c,0x34,0x38,0x36,0x2e,0x34,0x2c,0x32,0x30,0x34,0x2e,0x38,0x7a,0x20,
  0x4d,0x34,0x38,0x36,0x2e,0x34,0x2c,0x32,0x38,0x31,0x2e,0x36,0x68,0x2d,0x35,0x33,
  0x2e,0x32,0x33,0x39,0x63,0x2d,0x34,0x2e,0x33,0x35,0x32,0x2c,0x33,0x30,0x2e,0x33,
  0x32,0x37,0x2d,0x31,0x36,0x2e,0x32,0x33,0x39,0x2c,0x35,0x38,0x2e,0x31,0x33,0x38,
  0x2d,0x33,0x33,0x2e,0x37,0x39,0x32,0x2c,0x38,0x31,0x2e,0x35,0x37,0x6c,0x33,0x37,
  0x2e,0x36,0x34,0x31,0x2c,0x33,0x37,0x2e,0x36,0x34,0x31,0x20,0x20,0x20,0x6c,0x2d,
  0x33,0x36,0x2e,0x32,0x30,0x37,0x2c,0x33,0x36,0x2e,0x32,0x30,0x37,0x6c,0x2d,0x33,
  0x37,0x2e,0x36,0x34,0x31,0x2d,0x33,0x37,0x2e,0x36,0x34,0x31,0x63,0x2d,0x32,0x33,
  0x2e,0x34,0x33,0x33,0x2c,0x31,0x37,0x2e,0x35,0x34,0x35,0x2d,0x35,0x31,0x2e,0x32,
  0x34,0x33,0x2c,0x32,0x39,0x2e,0x34,0x34,0x2d,0x38,0x31,0x2e,0x35,0x37,0x2c,0x33,
  0x33,0x2e,0x37,0x39,0x32,0x56,0x34,0x38,0x36,0x2e,0x34,0x68,0x2d,0x35,0x31,0x2e,
  0x32,0x76,0x2d,0x35,0x33,0x2e,0x32,0x33,0x39,0x20,0x20,0x20,0x63,0x2d,0x33,0x30,
  0x2e,0x33,0x32,0x37,0x2d,0x34,0x2e,0x33,0x35,0x32,0x2d,0x35,0x38,0x2e,0x31,0x33,
  0x38,0x2d,0x31,0x36,0x2e,0x32,0x33,0x39,0x2d,0x38,0x31,0x2e,0x35,0x37,0x2d,0x33,
  0x33,0x2e,0x37,0x39,0x32,0x6c,0x2d,0x33,0x37,0x2e,0x36,0x34,0x31,0x2c,0x33,0x37,
  0x2e,0x36,0x34,0x31,0x6c,0x2d,0x33,0x36,0x2e,0x32,0x30,0x37,0x2d,0x33,0x36,0x2e,
  0x32,0x30,0x37,0x6c,0x33,0x37,0x2e,0x36,0x34,0x31,0x2d,0x33,0x37,0x2e,0x36,0x34,
  0x31,0x63,0x2d,0x31,0x37,0x2e,0x35,0x34,0x35,0x2d,0x32,0x33,0x2e,0x34,0x33,0x33,
  0x2d,0x32,0x39,0x2e,0x34,0x34,0x2d,0x35,0x31,0x2e,0x32,0x34,0x33,0x2d,0x33,0x33,
  0x2e,0x37,0x39,0x32,0x2d,0x38,0x31,0x2e,0x35,0x37,0x20,0x20,0x20,0x48,0x32,0x35,
  0x2e,0x36,0x76,0x2d,0x35,0x31,0x2e,0x32,0x68,0x35,0x33,0x2e,0x32,0x33,0x39,0x63,
  0x34,0x2e,0x33,0x35,0x32,0x2d,0x33,0x30,0x2e,0x33,0x32,0x37,0x2c,0x31,0x36,0x2e,
  0x32,0x33,0x39,0x2d,0x35,0x38,0x2e,0x31,0x33,0x38,0x2c,0x33,0x33,0x2e,0x37,0x39,
  0x32,0x2d,0x38,0x31,0x2e,0x35,0x37,0x6c,0x2d,0x33,0x37,0x2e,0x36,0x34,0x31,0x2d,
  0x33,0x37,0x2e,0x36,0x34,0x31,0x6c,0x33,0x36,0x2e,0x32,0x30,0x37,0x2d,0x33,0x36,
  0x2e,0x32,0x30,0x37,0x6c,0x33,0x37,0x2e,0x36,0x34,0x31,0x2c,0x33,0x37,0x2e,0x36,
  0x34,0x31,0x20,0x20,0x20,0x63,0x32,0x33,0x2e,0x34,0x33,0x33,0x2d,0x31,0x37,0x2e,
  0x35,0x34,0x35,0x2c,0x35,0x31,0x2e,0x32,0x34,0x33,0x2d,0x32,0x39,0x2e,0x34,0x34,
  0x2c,0x38,0x31,0x2e,0x35,0x37,0x2d,0x33,0x33,0x2e,0x37,0x38,0x33,0x56,0x32,0x35,
  0x2e,0x36,0x68,0x35,0x31,0x2e,0x32,0x76,0x35,0x33,0x2e,0x32,0x33,0x39,0x63,0x33,
  0x30,0x2e,0x33,0x32,0x37,0x2c,0x34,0x2e,0x33,0x35,0x32,0x2c,0x35,0x38,0x2e,0x31,
  0x33,0x38,0x2c,0x31,0x36,0x2e,0x32,0x33,0x39,0x2c,0x38,0x31,0x2e,0x35,0x37,0x2c,
  0x33,0x33,0x2e,0x37,0x38,0x33,0x6c,0x33,0x37,0x2e,0x36,0x34,0x31,0x2d,0x33,0x37,
  0x2e,0x36,0x34,0x31,0x6c,0x33,0x36,0x2e,0x32,0x30,0x37,0x2c,0x33,0x36,0x2e,0x32,
  0x30,0x37,0x20,0x20,0x20,0x6c,0x2d,0x33,0x37,0x2e,0x36,0x34,0x31,0x2c,0x33,0x37,
  0x2e,0x36,0x34,0x31,0x63,0x31,0x37,0x2e,0x35,0x34,0x35,0x2c,0x32,0x33,0x2e,0x34,
  0x33,0x33,0x2c,0x32,0x39,0x2e,0x34,0x34,0x2c,0x35,0x31,0x2e,0x32,0x34,0x33,0x2c,
  0x33,0x33,0x2e,0x37,0x39,0x32,0x2c,0x38,0x31,0x2e,0x35,0x37,0x48,0x34,0x38,0x36,
  0x2e,0x34,0x56,0x32,0x38,0x31,0x2e,0x36,0x7a,0x22,0xa,0x20,0x20,0x20,0x69,0x64,
  0x3d,0x22,0x70,0x61,0x74,0x68,0x34,0x22,0x20,0x2f,0x3e,0xa,0x9,0x3c,0x70,0x61,
  0x74,0x68,0xa,0x20,0x20,0x20,0x73,0x74,0x79,0x6c,0x65,0x3d,0x22,0x66,0x69,0x6c,
  0x6c,0x3a,0x23,0x39,0x39,0x63,0x63,0x66,0x66,0x3b,0x73,0x74,0x72,0x6f,0x6b,0x65,
  0x3a,0x23,0x30,0x30,0x30,0x30,0x30,0x30,0x3b,0x73,0x74,0x72,0x6f,0x6b,0x65,0x2d,
  0x6f,0x70,0x61,0x63,0x69,0x74,0x79,0x3a,0x31,0x22,0xa,0x20,0x20,0x20,0x64,0x3d,
  0x22,0x4d,0x32,0x35,0x36,0x2c,0x31,0x32,0x38,0x63,0x2d,0x37,0x30,0x2e,0x36,0x39,
  0x2c,0x30,0x2d,0x31,0x32,0x38,0x2c,0x35,0x37,0x2e,0x33,0x31,0x2d,0x31,0x32,0x38,
  0x2c,0x31,0x32,0x38,0x73,0x35,0x37,0x2e,0x33,0x31,0x2c,0x31,0x32,0x38,0x2c,0x31,
  0x32,0x38,0x2c,0x31,0x32,0x38,0x73,0x31,0x32,0x38,0x2d,0x35,0x37,0x2e,0x33,0x31,
  0x2c,0x31,0x32,0x38,0x2d,0x31,0x32,0x38,0x53,0x33,0x32,0x36,0x2e,0x36,0x39,0x2c,
  0x31,0x32,0x38,0x2c,0x32,0x35,0x36,0x2c,0x31,0x32,0x38,0x7a,0x20,0x20,0x20,0x20,
  0x4d,0x32,0x35,0x36,0x2c,0x33,0x35,0x38,0x2e,0x34,0x63,0x2d,0x35,0x36,0x2e,0x34,
  0x36,0x35,0x2c,0x30,0x2d,0x31,0x30,0x32,0x2e,0x34,0x2d,0x34,0x35,0x2e,0x39,0x33,
  0x35,0x2d,0x31,0x30,0x32,0x2e,0x34,0x2d,0x31,0x30,0x32,0x2e,0x34,0x53,0x31,0x39,
  0x39,0x2e,0x35,0x33,0x35,0x2c,0x31,0x35,0x33,0x2e,0x36,0x2c,0x32,0x35,0x36,0x2c,
  0x31,0x35,0x33,0x2e,0x36,0x53,0x33,0x35,0x38,0x2e,0x34,0x2c,0x31,0x39,0x39,0x2e,
  0x35,0x33,0x35,0x2c,0x33,0x35,0x38,0x2e,0x34,0x2c,0x32,0x35,0x36,0x53,0x33,0x31,
  0x32,0x2e,0x34,0x36,0x35,0x2c,0x33,0x35,0x38,0x2e,0x34,0x2c,0x32,0x35,0x36,0x2c,
  0x33,0x35,0x38,0x2e,0x34,0x7a,0x22,0xa,0x20,0x20,0x20,0x69,0x64,0x3d,0x22,0x70,
  0x61,0x74,0x68,0x36,0x22,0x20,0x2f,0x3e,0xa,0x3c,0x2f,0x67,0x3e,0xa,0x3c,0x67,
  0xa,0x20,0x20,0x20,0x69,0x64,0x3d,0x22,0x67,0x31,0x30,0x22,0x3e,0xa,0x3c,0x2f,
  0x67,0x3e,0xa,0x3c,0x67,0xa,0x20,0x20,0x20,0x69,0x64,0x3d,0x22,0x67,0x31,0x32,
  0x22,0x3e,0xa,0x3c,0x2f,0x67,0x3e,0xa,0x3c,0x67,0xa,0x20,0x20,0x20,0x69,0x64,
  0x3d,0x22,0x67,0x31,0x34,0x22,0x3e,0xa,0x3c,0x2f,0x67,0x3e,0xa,0x3c,0x67,0xa,
  0x20,0x20,0x20,0x69,0x64,0x3d,0x22,0x67,0x31,0x36,0x22,0x3e,0xa,0x3c,0x2f,0x67,
  0x3e,0xa,0x3c,0x67,0xa,0x20,0x20,0x20,0x69,0x64,0x3d,0x22,0x67,0x31,0x38,0x22,
  0x3e,0xa,0x3c,0x2f,0x67,0x3e,0xa,0x3c,0x67,0xa,0x20,0x20,0x20,0x69,0x64,0x3d,
  0x22,0x67,0x32,0x30,0x22,0x3e,0xa,0x3c,0x2f,0x67,0x3e,0xa,0x3c,0x67,0xa,0x20,
  0x20,0x20,0x69,0x64,0x3d,0x22,0x67,0x32,0x32,0x22,0x3e,0xa,0x3c,0x2f,0x67,0x3e,
  0xa,0x3c,0x67,0xa,0x20,0x20,0x20,0x69,0x64,0x3d,0x22,0x67,0x32,0x34,0x22,0x3e,
  0xa,0x3c,0x2f,0x67,0x3e,0xa,0x3c,0x67,0xa,0x20,0x20,0x20,0x69,0x64,0x3d,0x22,
  0x67,0x32,0x36,0x22,0x3e,0xa,0x3c,0x2f,0x67,0x3e,0xa,0x3c,0x67,0xa,0x20,0x20,
  0x20,0x69,0x64,0x3d,0x22,0x67,0x32,0x38,0x22,0x3e,0xa,0x3c,0x2f,0x67,0x3e,0xa,
  0x3c,0x67,0xa,0x20,0x20,0x20,0x69,0x64,0x3d,0x22,0x67,0x33,0x30,0x22,0x3e,0xa,
  0x3c,0x2f,0x67,0x3e,0xa,0x3c,0x67,0xa,0x20,0x20,0x20,0x69,0x64,0x3d,0x22,0x67,
  0x33,0x32,0x22,0x3e,0xa,0x3c,0x2f,0x67,0x3e,0xa,0x3c,0x67,0xa,0x20,0x20,0x20,
  0x69,0x64,0x3d,0x22,0x67,0x33,0x34,0x22,0x3e,0xa,0x3c,0x2f,0x67,0x3e,0xa,0x3c,
  0x67,0xa,0x20,0x20,0x20,0x69,0x64,0x3d,0x22,0x67,0x33,0x36,0x22,0x3e,0xa,0x3c,
  0x2f,0x67,0x3e,0xa,0x3c,0x67,0xa,0x20,0x20,0x20,0x69,0x64,0x3d,0x22,0x67,0x33,
  0x38,0x22,0x3e,0xa,0x3c,0x2f,0x67,0x3e,0xa,0x3c,0x2f,0x73,0x76,0x67,0x3e,
    // /home/etapadmin/Masaüstü/e-ag-qt6/dds/dds-monitor/icons/getdesktop.svg
  0x0,0x0,0x9,0x14,
  0x28,
  0xb5,0x2f,0xfd,0x60,0xdf,0x20,0x55,0x48,0x0,0x7a,0x53,0xe4,0xe,0x29,0xf0,0x4e,
  0x8a,0x1e,0x1c,0xc,0xfd,0x51,0x35,0x9e,0xff,0x74,0xb4,0xac,0xbd,0x2a,0xec,0x33,
  0xfa,0x9,0xa2,0xf,0x2e,0xe,0x0,0x57,0x48,0x64,0x4a,0xf6,0x87,0x6b,0x8c,0xbe,
  0xc7,0x19,0x78,0x3e,0x15,0x5f,0x9,0xfa,0x0,0xf6,0x0,0xcb,0x0,0x94,0x36,0x4,
  0xa2,0x1c,0xe7,0x9c,0xbf,0x5,0xb2,0x20,0x76,0x2d,0xc1,0x84,0x4,0x8e,0x65,0x27,
  0xb6,0x10,0x5b,0xa9,0xca,0xad,0xd8,0xa9,0x9c,0x8,0x75,0x99,0x2d,0x16,0x8b,0xe3,
  0x28,0x28,0x96,0x25,0x51,0x54,0x13,0x43,0xbb,0xe6,0xdd,0xdc,0x9d,0xb3,0xa6,0x1f,
  0x8c,0xf3,0xcd,0xc7,0x3d,0x6,0x30,0x67,0x57,0x58,0xca,0x53,0xab,0x87,0x89,0x27,
  0x6b,0x5d,0x2c,0xe5,0x5a,0xf,0x95,0x85,0x2c,0x1b,0x99,0x3c,0x53,0xbd,0x90,0x82,
  0x62,0x2f,0xca,0x56,0x96,0xa2,0xd4,0x87,0x52,0x29,0xa,0x30,0x8b,0x9d,0x14,0xd0,
  0x54,0xb9,0x54,0xe4,0xa1,0x3e,0x8f,0x66,0xa5,0xc7,0x33,0x59,0x9,0xc2,0xaa,0x64,
  0x7c,0xfc,0xe,0x32,0xc7,0x2e,0x2,0x8b,0x8d,0x2e,0x88,0xb,0xc5,0x31,0x8c,0x8b,
  0x5,0xca,0x42,0x3c,0xe,0x18,0x6,0x14,0x31,0xcd,0x58,0x22,0x72,0x55,0x8b,0x44,
  0xa2,0xa1,0x35,0xc6,0x18,0x1c,0x83,0xa4,0xa8,0x82,0x80,0x39,0xc7,0x91,0x29,0x1c,
  0x98,0x4d,0xd,0x5a,0xa4,0x22,0x41,0x60,0x16,0x75,0x29,0x17,0x5,0x8c,0x81,0x83,
  0x4,0xd6,0x38,0x76,0x4c,0x9b,0x59,0x55,0x45,0x92,0x1a,0x30,0xfb,0xb8,0xd0,0x1,
  0xa6,0xa0,0xae,0xf5,0x50,0x76,0xb2,0xc,0x58,0x6b,0x1,0x16,0x89,0x6,0x3,0xcc,
  0x9d,0x18,0x86,0x9d,0xae,0xf4,0x40,0xd3,0x63,0x55,0x8c,0x99,0x6d,0xc1,0x4,0xa,
  0xc,0x23,0x32,0x45,0xd0,0xad,0x93,0x65,0x8c,0xe3,0x66,0x18,0xd3,0x8d,0x2a,0xca,
  0x5e,0x4c,0x9a,0x5c,0xc,0x2c,0x2,0xdd,0x8e,0x36,0x9b,0x26,0xa3,0xf3,0x6b,0x5c,
  0xbd,0xfe,0x9b,0x1f,0x7e,0x33,0x99,0x7e,0x3f,0x90,0x58,0xf,0x65,0x1,0x20,0xd1,
  0x60,0xed,0xf3,0x8,0x50,0x40,0x66,0x84,0xa1,0x59,0xf,0xb0,0xd6,0x23,0x31,0x8c,
  0xca,0x5a,0x24,0x1a,0x82,0xa8,0xe7,0x3e,0x28,0xfb,0x50,0xad,0x44,0x6a,0xd6,0x64,
  0x29,0xaa,0x2,0xd9,0x88,0x68,0x12,0x5d,0x9e,0x9,0xc4,0x7b,0x73,0xc2,0x7f,0xc8,
  0x2e,0x7e,0x7d,0x4a,0x9f,0x7c,0xca,0x93,0x7b,0x23,0x6c,0x25,0x3d,0x10,0x2a,0x62,
  0xb9,0x92,0x7f,0x32,0x46,0x49,0x24,0xb2,0x92,0x18,0x5f,0x62,0x69,0x53,0x64,0x71,
  0x86,0x61,0xb9,0xd0,0x23,0xa9,0x2c,0x14,0x55,0xa0,0x88,0x8a,0xb8,0x9e,0x1e,0xca,
  0x4a,0xd7,0xb2,0xaa,0xbd,0xf0,0xb8,0x37,0x52,0x16,0xa2,0xee,0x3,0x22,0x80,0x61,
  0x50,0x57,0xba,0x95,0x2,0xc1,0x57,0x41,0xac,0xe3,0x58,0xc9,0x8a,0x1c,0xc6,0x34,
  0x90,0xa4,0xc8,0x92,0xe0,0x44,0x13,0x4b,0x59,0xa,0x84,0xe5,0x2c,0x8,0xd8,0xc8,
  0x33,0x89,0x1a,0xac,0x67,0xa2,0xa8,0x10,0xc3,0xb0,0x2a,0xf7,0xf1,0xb0,0xc4,0x3,
  0x75,0x2b,0x28,0x6a,0x5d,0x34,0x2c,0x48,0x10,0x41,0x21,0xdf,0x63,0x3d,0xd0,0x63,
  0xd9,0xc9,0xa2,0x81,0x71,0x9a,0xdb,0xa9,0xac,0xc9,0x4e,0xac,0x64,0x9d,0xa,0x49,
  0x54,0x85,0x2,0x55,0xd3,0x9d,0x4c,0x6e,0xb5,0x57,0x64,0x3d,0x96,0xaa,0xb5,0xa,
  0xa8,0xa6,0x76,0x79,0xac,0x9,0xa2,0x6a,0xcd,0xdd,0x71,0xe7,0xd0,0xed,0xaa,0xae,
  0xf8,0xf5,0xdb,0xdd,0x11,0xb9,0xa7,0x3b,0xc0,0x7e,0xc7,0x50,0x4a,0xe8,0x50,0x42,
  0xd5,0xee,0x5f,0xf3,0xef,0xc,0x9f,0x39,0x53,0xd7,0x94,0x5d,0x77,0xe3,0x23,0x47,
  0xd7,0x8f,0xe7,0xf4,0x66,0x47,0xbd,0xc1,0x18,0x63,0xed,0x93,0xe1,0x74,0xe9,0x91,
  0x65,0xc3,0x79,0xc6,0xc9,0x91,0x3e,0xd3,0x18,0x9d,0x63,0xf8,0xda,0xd9,0x9f,0xb6,
  0xf3,0xec,0xf7,0x67,0x8c,0xf6,0xe3,0x6e,0x55,0x3a,0xc9,0xdd,0x44,0xc8,0xde,0x26,
  0x53,0xf9,0xf4,0xb1,0x6c,0x34,0xb4,0x5b,0xd2,0xbc,0x97,0x94,0x61,0x9b,0xec,0x3e,
  0x39,0xb6,0x7c,0x87,0xa3,0xaf,0xc0,0x2,0x18,0x61,0xc3,0x88,0xb3,0x88,0x13,0x3e,
  0x7e,0xf0,0x6a,0xdc,0x64,0x47,0xf3,0x52,0xf2,0xa4,0x93,0xdf,0xaf,0xd8,0x22,0xfb,
  0x6b,0x15,0x37,0x74,0xfa,0xbe,0x5e,0x1f,0x5f,0x23,0xdf,0x73,0x3f,0x97,0xd0,0x5a,
  0xab,0x66,0x64,0xe9,0x58,0x76,0xe3,0x9e,0x69,0xa5,0xd0,0x1b,0x7,0xdd,0x23,0xfa,
  0x1b,0x4d,0x9b,0xf6,0xcb,0x29,0xf9,0xd1,0xd7,0xf0,0x66,0xd8,0xaa,0xb3,0x93,0xff,
  0xfd,0xf8,0x9d,0x27,0x7d,0xf,0x58,0xc4,0xe4,0xf9,0x9a,0xc8,0xef,0x3d,0xfc,0x6e,
  0x48,0xa6,0x50,0xe2,0xd0,0x5c,0x9d,0x1c,0x89,0x86,0xc8,0x55,0x39,0x91,0xbe,0x47,
  0x5d,0x4a,0xc9,0xed,0xbe,0xf1,0x67,0xe7,0xfd,0x2d,0x36,0x97,0xcf,0xe2,0x7b,0x6,
  0x3b,0x3a,0x7b,0xd3,0xf9,0xe7,0x7b,0xff,0x39,0x27,0xb7,0x7b,0xec,0xe6,0x4d,0xc9,
  0xf0,0x9b,0xf9,0x6b,0x7e,0xdf,0xd,0x64,0xe9,0x9a,0xb9,0xc6,0x5f,0xe4,0x7e,0xce,
  0x30,0x2a,0x6b,0x8a,0x2e,0xc5,0x41,0x20,0xc,0xd,0xa3,0x73,0x4c,0xa9,0x37,0x70,
  0x36,0xec,0xc8,0x11,0xb6,0x26,0xba,0xe9,0xe8,0xec,0xc7,0xae,0xe9,0x19,0x21,0x64,
  0x37,0xe0,0x12,0x51,0xd6,0x33,0x99,0x6e,0x4,0x42,0xba,0x94,0xf7,0xff,0xff,0xf1,
  0xb9,0xf3,0x19,0x1f,0xe3,0x1d,0x71,0x2d,0xdd,0x59,0xfe,0x7c,0x49,0x44,0x43,0x27,
  0x53,0xe9,0xcd,0x8c,0xee,0x98,0x1c,0xa5,0x94,0x8e,0x17,0x5d,0x6b,0xc7,0xd4,0xab,
  0x64,0xf9,0x9a,0xf9,0x4c,0xaf,0xfa,0xde,0x9b,0x37,0x25,0xe4,0xa6,0xd6,0x8b,0x21,
  0x64,0xf8,0xee,0x94,0xa9,0x9b,0xf3,0x7a,0xce,0xae,0x5d,0x7d,0xd1,0xa1,0xbb,0xb9,
  0xfb,0x8e,0xcf,0xed,0x2d,0x3e,0x8d,0x1c,0xbf,0xd9,0x63,0x37,0xb1,0x55,0x2f,0xba,
  0x3b,0x7e,0xfd,0x8d,0xcb,0x5b,0x2,0x27,0xbf,0x78,0x55,0x4e,0xdb,0xa1,0x71,0xef,
  0xe,0xbf,0xe4,0xa3,0x8e,0x18,0x82,0x8a,0xa8,0x22,0xac,0x92,0x39,0x87,0x64,0x46,
  0x92,0x82,0xa2,0x64,0x18,0x3,0xf2,0x18,0x4,0x64,0x61,0x20,0xef,0x31,0xbc,0x1,
  0x2,0x89,0x3c,0x89,0xc2,0x28,0x22,0x9,0x32,0x88,0x10,0x11,0x12,0x11,0x9,0x44,
  0xc2,0x11,0x91,0x24,0x25,0x49,0x3a,0x30,0x54,0x6f,0x22,0xbb,0x79,0x5c,0xdd,0x45,
  0x6c,0xe1,0xaa,0xba,0xa7,0x98,0x74,0xa7,0xd6,0x7,0x28,0x65,0x5f,0xaa,0xf5,0x14,
  0x2a,0x61,0x87,0x93,0x26,0x1,0x52,0x24,0x3f,0x2f,0x7,0xa6,0xf5,0xac,0xeb,0x53,
  0x46,0xa1,0xe0,0xc4,0x34,0x84,0xc0,0x4e,0xf9,0x81,0x91,0xb2,0xa3,0x2d,0x45,0x16,
  0x18,0xf9,0x34,0x18,0x56,0x57,0xdc,0x2f,0xd8,0x47,0xf,0x61,0x8d,0xab,0x8d,0x30,
  0xe0,0x9,0xeb,0xe3,0xd0,0xc3,0x76,0x55,0xb0,0xf1,0xe0,0x35,0xc6,0x75,0xe5,0xb2,
  0x12,0x64,0xaa,0xd6,0x8e,0x2e,0x6c,0xcc,0xa,0x5c,0xb,0x79,0x44,0x81,0xd,0x7c,
  0x22,0x54,0x6e,0x78,0x3b,0xc,0x5,0x18,0x9b,0xfe,0x45,0x14,0x11,0xd9,0x2a,0x37,
  0xfc,0xe3,0x4a,0x16,0x62,0x26,0x22,0x8,0xd7,0xee,0x44,0xab,0xe1,0x2a,0x7,0x42,
  0xc5,0xcb,0x78,0xe0,0x99,0xcf,0xd1,0xbf,0xb6,0x4d,0xeb,0x63,0xcc,0x82,0xe6,0x6e,
  0x1a,0xfc,0x1,0xbf,0x88,0xa9,0xc5,0x76,0x70,0xde,0x42,0x55,0x2f,0xa8,0x46,0xe8,
  0x54,0x8f,0x9e,0x13,0xa8,0x9f,0x4f,0x88,0x84,0x90,0x40,0x6b,0x6b,0xe9,0x5f,0xcb,
  0x84,0xdf,0xb9,0xd0,0xa,0x55,0x38,0xa1,0x1d,0x70,0xaf,0xee,0x86,0xf8,0xce,0xfe,
  0x88,0xc1,0x28,0x21,0xb0,0xd2,0x2e,0x12,0xeb,0x55,0x23,0x7b,0xcc,0x47,0x2,0xf4,
  0x24,0xba,0x60,0x75,0x22,0x42,0x85,0x9f,0x95,0x85,0x58,0x10,0xe2,0x68,0xf4,0xc9,
  0x98,0x12,0xb9,0x8a,0xb1,0x19,0x6d,0x8b,0xbc,0x9,0x7c,0x82,0x16,0x11,0xca,0x5c,
  0xae,0xb5,0xa4,0xb5,0xd4,0x10,0x48,0x38,0x65,0x8f,0xb4,0x21,0x9e,0x84,0x4f,0x21,
  0x9,0xf8,0xcc,0x23,0xa9,0xf3,0xa,0x57,0x2e,0x4f,0xcf,0xf8,0xc2,0x8,0xcd,0x1f,
  0x7,0xfa,0x4b,0x38,0x55,0x8c,0xc4,0x1c,0x51,0x51,0x2b,0x94,0x85,0xdd,0xf5,0x2d,
  0xa0,0xdf,0x7d,0x6f,0xfc,0x29,0x7f,0xc,0xdd,0x53,0xb1,0xe8,0x98,0xa0,0x83,0x22,
  0x21,0x4f,0xfc,0xe5,0x4d,0x1b,0x6a,0x36,0x5c,0x2,0xb7,0x42,0xdd,0x9c,0x88,0xef,
  0x8e,0xc6,0x5b,0xe2,0xbd,0x4d,0xfa,0x2b,0x3f,0xda,0x94,0xf7,0x3b,0x31,0xa,0x26,
  0xa3,0x1d,0x2f,0xa,0x31,0xd2,0x5a,0x63,0x50,0x61,0x88,0x93,0xe6,0x84,0x5c,0xb5,
  0x67,0x5b,0xa3,0xb8,0xc1,0x45,0xfb,0x84,0x6b,0x60,0x7,0x9c,0x1c,0x2f,0x55,0x88,
  0x45,0x97,0xca,0x0,0xf7,0xc3,0xe7,0xa,0xf9,0x3,0xf6,0x5b,0xda,0x43,0xd0,0xde,
  0x7f,0x17,0x3d,0x86,0xa,0xb4,0xc9,0x30,0x95,0x56,0x55,0x35,0x75,0x3c,0x91,0x24,
  0x2b,0x1c,0x5d,0x68,0x2f,0x45,0xd5,0xbf,0x98,0x42,0xab,0xeb,0x93,0xd0,0xf2,0x60,
  0x16,0xfa,0x87,0x78,0xd2,0x3,0x32,0x1b,0xcb,0x56,0xf9,0xcb,0xcd,0x6b,0x87,0x6f,
  0x12,0xaa,0x1b,0x76,0x3a,0x1b,0xf4,0xc1,0xb0,0x58,0xe9,0x9d,0x88,0x1c,0x47,0x4,
  0xfa,0x96,0xbe,0xaf,0x8c,0x50,0x34,0xe7,0xad,0xaf,0xd0,0x74,0x71,0x29,0xca,0xd5,
  0xd2,0x13,0x90,0x47,0x93,0x30,0xca,0x66,0x80,0x9,0xa1,0x33,0xfc,0x21,0xe5,0x38,
  0x95,0xc,0xc3,0xc1,0xe0,0xc2,0xc,0xc,0x77,0xa4,0xc7,0xbd,0xd3,0x44,0x14,0x95,
  0xc3,0x44,0x2,0xc8,0x4c,0xcc,0x47,0xb4,0x8e,0x55,0xc1,0x8f,0x37,0x29,0x66,0x8b,
  0x7b,0xb5,0xc4,0xbe,0x99,0xdb,0x7e,0x6c,0x4,0x96,0x33,0xa4,0x6,0x2,0xd8,0x37,
  0x80,0x8a,0x6e,0xb6,0x15,0x2d,0x86,0xcd,0x2b,0x11,0x28,0xa8,0x80,0xb3,0x8b,0x95,
  0x2a,0xe4,0x22,0xb7,0x16,0xba,0xaa,0xe0,0x4c,0x15,0xd0,0x58,0xe,0x9,0x52,0x52,
  0xb6,0x5a,0x2d,0x18,0xd,0xbc,0x6,0xa6,0x72,0x38,0x47,0xa8,0x10,0xdb,0xa6,0x90,
  0x64,0x80,0xb1,0xf6,0x8,0x1a,0x27,0xf4,0xe7,0x3f,0x15,0x72,0xd7,0x6a,0x8d,0xcc,
  0x4c,0xec,0xbe,0x18,0x37,0x8a,0x46,0xf1,0x52,0x51,0xe8,0x4d,0x4e,0xe8,0x5c,0xab,
  0x72,0xa4,0x51,0xaa,0x52,0x9c,0x94,0x39,0xf,0x62,0x2e,0x78,0xb6,0x5,0xf0,0x11,
  0xe7,0xb8,0x9b,0x74,0x30,0x99,0x59,0xf9,0x6,0xd0,0xa6,0x2f,0x2,0x6,0x12,0xdc,
  0x1a,0x66,0x8,0xa7,0x62,0x95,0x6c,0x38,0x53,0x83,0xf1,0xa0,0xbd,0xf,0xac,0xa6,
  0xea,0x9b,0x68,0x6a,0xdd,0x2,0xc2,0x3,0xcf,0x96,0x7e,0x3a,0x9b,0x31,0xae,0x36,
  0xaa,0x6b,0x0,0xa1,0xa5,0x4d,0x52,0xa7,0x21,0xf,0x3f,0x73,0xe2,0x5f,0x9b,0xb0,
  0x11,0x6a,0xa0,0x60,0xfb,0xfe,0x6,0x25,0x55,0x9c,0x88,0x4b,0xa3,0xf8,0xd7,0xb1,
  0x62,0xf,0x38,0xaf,0x85,0x90,0x7e,0xd9,0x50,0x24,0xd8,0x25,0x3d,0x63,0x47,0x4c,
  0xdc,0x2c,0x56,0x2a,0xca,0x75,0x70,0x29,0x38,0x76,0xe9,0xea,0x64,0xf,0x28,0xc1,
  0x50,0x67,0x25,0xb9,0xfa,0x3f,0x13,0xb,0x1c,0x1f,0xa0,0xd5,0x3,0x92,0xf9,0xa8,
  0x7f,0xe9,0xe9,0xdf,0x25,0xa0,0xec,0x43,0x1e,0x1e,0x6b,0x94,0x45,0x97,0x4f,0x29,
  0x21,0x4,0xfc,0x7b,0x4c,0x36,0x19,0x1,0x97,0x5f,0xad,0xc5,0x2e,0x9e,0x76,0x9,
  0xaf,0x3b,0x13,0x30,0x3,0x59,0x5b,0x9f,0x3b,0x1f,0x6e,0x97,0x83,0xcf,0xe2,0xa1,
  0xd2,0x9c,0x12,0xe2,0xe0,0xd,0xf,0x87,0x17,0xe9,0x5d,0xf1,0x92,0x13,0x0,0xd5,
  0xf7,0x31,0x8b,0x64,0x52,0x15,0x79,0x8d,0x45,0xd,0xe4,0xa8,0x83,0x22,0xec,0x75,
  0xae,0xa8,0xb0,0x5c,0x91,0x54,0xf9,0xf,0xcb,0xb,0xfd,0x2f,0xed,0xac,0x71,0x41,
  0xa2,0xa4,0x44,0x84,0x9e,0x97,0x20,0x63,0xc9,0x2c,0x33,0x5c,0x27,0x49,0xdf,0xbe,
  0xce,0x2e,0x9b,0xd3,0xba,0xc,0x4c,0x61,0xe3,0x8b,0xf,0x22,0xe9,0x7c,0xc2,0x89,
  0xc0,0x84,0xae,0xe7,0x47,0x4e,0x79,0xf0,0x23,0x9f,0x1d,0x84,0x89,0x60,0x88,0x46,
  0x15,0x7f,0x3c,0xd8,0xf6,0x22,0xb3,0x41,0x70,0x11,0xdb,0xb5,0xf9,0x2a,0x91,0x1e,
  0xb8,0x20,0xc2,0xc9,0x67,0x8,0x2f,0xaa,0xa,0xe1,0x47,0x6f,0x8,0xe1,0x15,0xfc,
  0x4e,0x2a,0x8e,0x8f,0x86,0x40,0x52,0x98,0x28,0x21,0xa6,0x9f,0xfb,0xfd,0xba,0x1c,
  0x9f,0xbe,0x96,0x4d,0x34,0xa7,0x39,0x4f,0x21,0x49,0xd3,0xd,0x8b,0x84,0x88,0xe1,
  0x34,0x45,0xb4,0x0,0x3d,0x54,0xd8,0x1c,0xba,0x7c,0xf4,0xfe,0x47,0xe4,0x7b,0xc9,
  0x21,0xee,0xf,0x1a,0xb2,0x1e,0x58,0x9d,0x59,0x58,0xb4,0xc1,0xb7,0x15,0xef,0xdb,
  0x94,0x32,0x44,0xc9,0xa1,0x5d,0xf3,0x8a,0x8f,0x59,0x6b,0x2,0xbd,0x3b,0xf6,0x17,
  0x86,0xe3,0xc5,0x1,0xb2,0x5d,0x4e,0x9b,0x85,0x38,0x88,0x27,0x88,0x7,0x82,0xa2,
  0x40,0xc8,0x7f,0x60,0x56,0x55,0xb0,0x9e,0xe5,0xfc,0xa0,0xaa,0x4e,0x35,0xa5,0x6e,
  0xec,0x1c,0x5e,0x3f,0x17,0x15,0x8e,0x8c,0xe6,0xba,0x7e,0xa,0x1a,0xcd,0xc,0xc,
  0xc3,0xdb,0x54,0x42,0xc6,0x4f,0x8b,0xdd,0xf4,0xcb,0xc5,0x80,0xcd,0x74,0xf8,0x3f,
  0x15,0xb3,0x65,0x1c,0xed,0x15,0xff,0x73,0x7,0xe6,0x98,0x5c,0x76,0x1a,0xa,0xcc,
  0xec,0xda,0xfc,0xac,0xe4,0x69,0xa1,0xb9,0x59,0x4a,0xa5,0x2a,0xc9,0x64,0xd9,0xee,
  0x1a,0xd7,0x17,0xc3,0xb4,0x7d,0x2a,0x5f,0x82,0xfe,0xe4,0xbf,0xb,0xf3,0xc,0x54,
  0xd3,0x28,0x30,0xa4,0x1d,0xb2,0x26,0x14,0x63,0x8,0x41,0x31,0xec,0x8a,0xde,0xfb,
  0x73,0xdb,0xe4,0xc8,0x45,0x90,0xb,0xb5,0x1c,0x6c,0xf8,0xea,0x42,0x69,0x50,0x7d,
  0xf7,0x8c,0xfd,0xa3,0x4c,0x59,0x5b,0x6d,0x5c,0x8c,0xf9,0x27,0xb4,0xf,0x17,0x72,
  0xe4,0xa0,0xbf,0xf9,0xf2,0x9e,0xec,0xcd,0x64,0x5f,0x77,0x84,0xa0,0x1a,0xd3,0x6,
  0xe6,0x71,0xfe,0x9f,0x23,0x50,0x79,0x30,0x63,0x81,0x41,0xcf,0x18,0xf2,0xce,0x9,
  0xf8,0x67,0xa5,0xb0,0x28,0x5a,0xd0,0x18,0xa2,0x19,0x6,0x64,0xb9,0xdd,0xbd,0x12,
  0xa8,0xfe,0x57,0xcc,0x54,0xe0,0x72,0x46,0x9e,0xe0,0xa3,0x59,0x67,0x3,0x40,0x3b,
  0x9a,0x8c,0x11,0xf0,0xbc,0x8,0x25,0xf5,0xc9,0x53,0x7a,0xfc,0xf3,0x0,0x53,0x8d,
  0xf8,0x56,0xb8,0x73,0x44,0x1c,0x42,0xca,0x8d,0x95,0x29,0x9,0x51,0x2d,0xf5,0xa,
  0x97,0x87,0xd9,0x9e,0x28,0x7c,0x3,0x54,0x24,0xe1,0x62,0xf6,0x10,0x7e,0x48,0x9d,
  0x99,0x8d,0xa1,0x33,0x17,0x62,0x53,0x8b,0xc3,0xf8,0xc6,0x60,0xc3,0xf6,0x30,0x19,
  0x11,0xdc,0xa,
    // /home/etapadmin/Masaüstü/e-ag-qt6/dds/dds-monitor/icons/dds.svg
  0x0,0x0,0x5,0x3c,
  0x28,
  0xb5,0x2f,0xfd,0x60,0x8,0x14,0x95,0x29,0x0,0x76,0x70,0x8b,0x26,0x0,0xb1,0x36,
  0x7,0x1b,0xd5,0x68,0x57,0x6f,0xc3,0xfb,0x4c,0xd3,0x55,0x64,0xc4,0xdc,0x60,0x20,
  0x8d,0x1b,0x42,0xec,0xee,0xde,0x52,0x8a,0xb6,0xe6,0x75,0xc5,0x4d,0xf5,0xff,0xdf,
  0x45,0x5,0x13,0x9a,0x0,0x84,0x0,0x71,0x0,0x4f,0x64,0x83,0x62,0xe8,0x48,0x98,
  0x8b,0x1,0x4,0x8,0xb0,0xe7,0x31,0xe7,0xd4,0xc,0xd,0x26,0xb3,0x1,0x79,0x38,
  0xe7,0xf6,0x71,0xa9,0xa8,0x73,0xe7,0xf1,0x80,0x6c,0x38,0x9c,0xe9,0x89,0x58,0x1a,
  0x8b,0x4a,0xe2,0xb0,0x40,0x3c,0x91,0xb,0xc,0x7b,0x74,0xe2,0x5c,0x60,0x3a,0xec,
  0xd9,0xd8,0x38,0x27,0x9f,0x8,0x67,0xba,0x60,0xa4,0x89,0xb5,0xc6,0xac,0xc,0x45,
  0x51,0xb0,0x4a,0xda,0xc0,0x44,0xb0,0x8a,0xe2,0x58,0x2a,0x49,0x23,0x3d,0x30,0x48,
  0x83,0x8a,0x5e,0x5d,0x2e,0xeb,0x9d,0x4e,0x87,0x41,0xd4,0x46,0x92,0x60,0xf,0x95,
  0x9,0x6,0xa1,0x38,0xec,0x42,0xba,0xb0,0x50,0x99,0x4d,0x5,0x6b,0x6d,0x0,0x21,
  0x40,0x20,0x41,0xe1,0xd1,0x36,0x9f,0x94,0x8d,0xb2,0x30,0x4f,0xe4,0xa2,0xc1,0x5c,
  0x50,0x91,0x46,0x62,0x8f,0xbb,0x3e,0x11,0xd,0x85,0xb1,0x2a,0xe9,0x62,0x19,0x8d,
  0xd,0x5,0x84,0x77,0x6f,0xe1,0x44,0x27,0x93,0x78,0x79,0x3c,0xf1,0x3d,0x7b,0xef,
  0x22,0xef,0xe5,0xec,0x28,0xdf,0x9f,0xb2,0x64,0xf5,0xaf,0x45,0x3a,0x59,0xa7,0x72,
  0x4,0xeb,0x90,0x97,0xd,0xc1,0x77,0xf3,0x63,0x95,0xc4,0xcf,0x37,0x55,0x0,0x0,
  0x2,0x4,0x9a,0x8b,0xe4,0x55,0x29,0x4d,0x42,0x2d,0xc2,0x7d,0x43,0x2e,0x62,0x7e,
  0x87,0xac,0x17,0xb3,0x9e,0x1f,0x43,0xf2,0x93,0x35,0x82,0x3d,0x7,0x93,0x86,0x75,
  0xe8,0x9,0x1,0x24,0x93,0xc1,0x60,0x64,0x38,0x38,0x16,0x9b,0x38,0x96,0xd,0x2,
  0x80,0x81,0x32,0x2d,0x90,0x38,0x96,0xcc,0x13,0xd1,0xa8,0x28,0xc,0x4b,0x63,0xa9,
  0x38,0xec,0xf2,0x48,0x57,0x25,0x59,0x52,0xb5,0x79,0x22,0x52,0x64,0xd9,0x58,0x90,
  0x8,0xfb,0xec,0x1e,0x73,0xcc,0x5,0x97,0x50,0x1e,0x4e,0xfe,0x84,0xd0,0xb9,0xbf,
  0xd6,0xfd,0xf2,0xd4,0xbd,0x54,0xde,0xf7,0xf2,0xd4,0xbe,0x36,0xd7,0xa2,0xe8,0xe2,
  0x15,0x82,0xef,0xdb,0xe4,0x67,0xf3,0xec,0x47,0x9,0x14,0xf5,0xa7,0xea,0x4,0x35,
  0xc7,0xf9,0xd7,0xe4,0x77,0xe5,0x61,0x8b,0xf6,0x1a,0x99,0xe2,0x66,0x3b,0x3c,0xf8,
  0xf4,0x55,0x74,0x77,0x82,0x7f,0xdb,0xae,0xfe,0x3a,0x6d,0x53,0xff,0xc1,0x5,0x6,
  0x65,0x58,0x58,0x78,0x44,0x86,0xf8,0xed,0xe5,0x63,0x89,0x7c,0xbb,0x6d,0x17,0x45,
  0xae,0x5e,0xf2,0xa,0xaf,0x90,0x63,0xf3,0xb5,0x77,0xa2,0xb5,0x66,0x49,0xf8,0xe8,
  0x1e,0x15,0x72,0xfc,0x19,0xcd,0xb7,0x31,0x9,0x97,0xcb,0xaa,0xb4,0xa9,0x2f,0x1f,
  0x53,0xb4,0xf,0x21,0x38,0xf,0xa7,0xea,0xca,0xb,0xbe,0xa5,0xc0,0xf3,0x93,0xb3,
  0x3d,0xc9,0x87,0xfa,0x3d,0x21,0xd9,0xac,0x86,0xbb,0xee,0xad,0x7c,0x6d,0xbc,0x7c,
  0x3a,0xf1,0x83,0xb7,0xf6,0xdc,0x5b,0x81,0x1c,0x2f,0x65,0xaf,0xd8,0x93,0x2,0xdb,
  0x65,0x5d,0x90,0x23,0xd6,0xfd,0xc6,0xa5,0xc0,0xab,0xdc,0xca,0x53,0x76,0x7f,0xf1,
  0x7d,0xe3,0xbe,0xdf,0xbe,0x9,0xb6,0xd4,0x71,0x43,0x3c,0xfb,0xcc,0xfb,0xc7,0xfb,
  0xe9,0x74,0xde,0xa9,0x4a,0x18,0x1e,0x3a,0xed,0x4b,0xb9,0x7a,0x37,0x57,0x2,0x1f,
  0x75,0xe5,0x9f,0xdc,0xb8,0xf0,0x51,0xb2,0x1,0x81,0x71,0xa8,0xf1,0x21,0x22,0x54,
  0x24,0x22,0x49,0xa,0x52,0x28,0x34,0x7,0x81,0x8c,0x40,0x21,0x27,0xc5,0x33,0x1e,
  0xc2,0x70,0x5c,0x8c,0xab,0x14,0xe1,0x84,0x19,0x32,0x22,0x22,0xa1,0x4,0x22,0x91,
  0x90,0x24,0x49,0x19,0x49,0x7,0x3f,0x27,0xb0,0x76,0xa8,0x55,0x87,0x77,0xe2,0xaa,
  0xe6,0xa5,0xf4,0xe9,0x75,0x24,0x33,0xe0,0x64,0xf0,0xf8,0xb6,0xa,0x26,0xa3,0xe2,
  0xc1,0xdf,0x89,0x45,0x51,0xd0,0x73,0x6d,0x94,0x7d,0x8b,0x69,0xa5,0x9b,0x51,0xea,
  0xe2,0xe8,0xf5,0x68,0xa0,0x72,0x23,0xc5,0x13,0x2d,0xea,0x56,0xa7,0xdb,0xe1,0x27,
  0xa,0x90,0x5b,0xc0,0x98,0xd9,0xa6,0xdf,0x48,0x7f,0x36,0x4e,0x7f,0xe0,0xf,0x35,
  0x29,0xb9,0x12,0x38,0x82,0x2d,0x69,0x2d,0x22,0xe0,0x9e,0x73,0xe6,0x2d,0xcc,0xea,
  0x3a,0x4e,0x1f,0x46,0xa5,0xbe,0x4a,0xb,0xc1,0x98,0xb2,0x57,0xdd,0x14,0xc7,0x90,
  0x88,0x84,0xa0,0xaa,0x53,0x88,0xbd,0x96,0xc2,0x2f,0x26,0x15,0x81,0x3,0xd9,0x46,
  0x70,0x37,0x21,0x9b,0x57,0x32,0x6,0xfc,0x12,0x66,0x49,0x5f,0xa7,0x6a,0xc7,0x0,
  0x6f,0x39,0xbe,0x70,0x1d,0x50,0xa5,0xcb,0x4b,0x82,0xb,0x67,0xcd,0x2,0x34,0xd8,
  0x16,0xd8,0x8b,0x4c,0x4e,0xa6,0xda,0xeb,0xb0,0x43,0xbe,0x93,0x93,0xb4,0x2e,0xb5,
  0xb6,0xf7,0x37,0xc,0x40,0xb3,0x5e,0xbb,0x3c,0x23,0xb2,0xcb,0xe3,0xb9,0xfb,0x7,
  0x24,0xc,0x55,0xa8,0x8,0xc1,0x97,0x74,0x28,0x7c,0x4b,0x85,0x93,0x2,0x9d,0x69,
  0x82,0xb1,0x63,0xe9,0xda,0x43,0x65,0xe1,0x65,0xa1,0xa9,0xa9,0xff,0x3b,0x35,0xa4,
  0xf4,0x41,0xed,0xc4,0x28,0xae,0xb9,0x89,0x83,0x9a,0x4c,0xae,0xd4,0x74,0x38,0x4c,
  0x12,0x7f,0x23,0xde,0xf8,0x49,0xa,0x55,0x84,0x25,0x38,0x7e,0x40,0x25,0x3d,0xce,
  0xf1,0x99,0x29,0xe5,0x8f,0xa,0x9c,0x88,0x4e,0x9,0xe2,0x2c,0x79,0x26,0xe9,0xb2,
  0x8,0x6,0x6a,0x1,0xd,0xe3,0x94,0x22,0x3e,0x23,0x8e,0x22,0xf,0x65,0xa,0x38,
  0xce,0x64,0x45,0x45,0xf8,0x10,0x6,0x7c,0x5a,0xb9,0x8e,0x47,0x6b,0xb5,0xb4,0x6,
  0xbd,0x64,0xbc,0x42,0x83,0x20,0x36,0x6f,0x12,0x36,0x76,0xde,0x87,0xbe,0x6d,0x7c,
  0x57,0xc6,0x40,0xcf,0x82,0x8,0x6,0x55,0xbe,0xb0,0x41,0x4f,0x12,0xf9,0x58,0x48,
  0xd,0xd4,0xde,0x95,0x5,0x81,0x7a,0x35,0xd8,0x49,0x6a,0x13,0xf8,0x8c,0xb,0xda,
  0x54,0x39,0x5b,0x1,0xf2,0x93,0x72,0x67,0xca,0x42,0x7c,0xab,0x9d,0xe1,0x81,0x2d,
  0x79,0x13,0x5f,0x62,0x28,0x6b,0x4d,0xb3,0x7e,0x46,0x99,0xef,0x5c,0x86,0x31,0xe3,
  0x82,0x32,0xc0,0xc3,0x64,0x17,0x93,0x93,0x15,0x3d,0x81,0xd6,0xd0,0xa3,0xef,0xad,
  0x9e,0x9,0x35,0x26,0x9e,0x83,0x6b,0x54,0x4b,0xff,0x67,0x96,0x86,0xc3,0x1c,0x4,
  0x40,0x8b,0xd6,0xb6,0x21,0x95,0x36,0xb2,0x6,0xaa,0xb1,0xd9,0x18,0x82,0xe4,0x27,
  0xda,0x40,0xf1,0x4d,0x8f,0x8a,0xa6,0x2b,0x7d,0x71,0x56,0xcb,0xf5,0x4b,0xfc,0xc,
  0x9,0xc1,0x8e,0x10,0xde,0xda,0x50,0x44,0xdc,0x33,0x3f,0xce,0xbd,0x20,0xb,0x16,
  0x96,0x1c,0x6b,0x14,0xe0,0xda,0xd7,0x23,0x9a,0xb5,0x76,0x77,0xfd,0x4c,0xb7,0xb2,
  0xb2,0xd1,0xd6,0xa0,0xd,0x8d,0xb1,0x10,0xd2,0xf0,0xa,0x2,0x56,0xa0,0xd,0x4c,
  0x43,0x8e,0x75,0x20,0x6a,0x4,0x9d,0xe3,0xab,0x96,0x72,0xe3,0x97,0x18,0x94,0xc2,
  0xdb,0xe9,0x5b,0x44,0xcd,0xd0,0x1a,0x6c,0xb1,0x42,0x48,0x30,0xf2,0xa3,0x52,0xbb,
  0x21,0x1,0x49,0xc1,0x5c,0x76,0x89,0x85,0x18,0xc2,0x9b,0x3f,0x89,0x83,0xf3,0x56,
  0x4d,0xb,0x39,0x66,0x5b,0x9b,0x1b,0x1b,0x3c,0x7a,0x64,0xb6,0x99,0x71,0x2d,0xcb,
  0x4e,0xe3,0x68,0x60,0xc0,0xa,0x7d,0x86,0x68,0x86,0x10,0x5c,0x3e,0xe0,0x66,0x3e,
  0x49,0xc8,0xef,0x1a,0x10,0x3,0xb7,0xf9,0x9f,0xfe,0x66,0xaf,0xa6,0xf1,0x7f,0xcc,
  0x1d,0x18,0xd0,0x90,0x53,0x38,0x4,0x14,0xad,0x1c,0x3a,0x7c,0x8e,0xf,0xda,0x9c,
  0xc9,0x91,0xe8,0x8e,0x77,0xc5,0x43,0xc2,0x5f,0xd1,0x33,0xd,0xf1,0xaf,0x9,0x19,
  0x3c,0x8,0xfa,0x36,0x4,0x4f,0x4a,0x14,0x3d,0x1,0xf9,0x8b,0xc7,0xcb,0xa0,0xde,
  0xa1,0x78,0xfb,0x5c,0x5f,0x22,0xbe,0xa3,0xd3,0xf7,0x6b,0x8,0x50,0x6b,0x58,0xd1,
  0xfc,0x44,0x4c,0x61,0xec,0xe2,0xfd,0x86,0x4e,0x94,0x18,0xad,0x56,0xea,0xc6,0xdf,
  0xeb,0x3a,0xb0,0x11,0x12,0xe1,0x90,0xf,0xc,0x5,0xdc,0xdf,0x9c,0x42,0x9d,0x2,
  0xfc,0xee,0xed,0xc7,0x7a,0x1a,0x4c,0x8f,0x63,0x28,0x75,0xeb,0xf6,0x87,0xe1,0x35,
  0x8b,0x33,0x9f,0xd5,0x31,0x28,0x81,0xd5,0xeb,0xa,0x40,0xf4,0x80,0x7a,0x8d,0x2a,
  0x3b,0x60,0x95,0x6f,0x7e,0x8a,0xe3,0x47,0x80,0x29,0xaa,
    // /home/etapadmin/Masaüstü/e-ag-qt6/dds/dds-monitor/icons/directory.svg
  0x0,0x0,0x1,0x55,
  0x3c,
  0x73,0x76,0x67,0x20,0x77,0x69,0x64,0x74,0x68,0x3d,0x22,0x33,0x32,0x70,0x78,0x22,
  0x20,0x68,0x65,0x69,0x67,0x68,0x74,0x3d,0x22,0x33,0x32,0x70,0x78,0x22,0x20,0x76,
  0x69,0x65,0x77,0x42,0x6f,0x78,0x3d,0x22,0x30,0x20,0x30,0x20,0x33,0x32,0x20,0x33,
  0x32,0x22,0x20,0x78,0x6d,0x6c,0x6e,0x73,0x3d,0x22,0x68,0x74,0x74,0x70,0x3a,0x2f,
  0x2f,0x77,0x77,0x77,0x2e,0x77,0x33,0x2e,0x6f,0x72,0x67,0x2f,0x32,0x30,0x30,0x30,
  0x2f,0x73,0x76,0x67,0x22,0x3e,0x3c,0x74,0x69,0x74,0x6c,0x65,0x3e,0x64,0x65,0x66,
  0x61,0x75,0x6c,0x74,0x5f,0x66,0x6f,0x6c,0x64,0x65,0x72,0x5f,0x6f,0x70,0x65,0x6e,
  0x65,0x64,0x3c,0x2f,0x74,0x69,0x74,0x6c,0x65,0x3e,0x3c,0x70,0x61,0x74,0x68,0x20,
  0x64,0x3d,0x22,0x4d,0x32,0x37,0x2e,0x34,0x2c,0x35,0x2e,0x35,0x48,0x31,0x38,0x2e,
  0x32,0x4c,0x31,0x36,0x2e,0x31,0x2c,0x39,0x2e,0x37,0x48,0x34,0x2e,0x33,0x56,0x32,
  0x36,0x2e,0x35,0x48,0x32,0x39,0x2e,0x35,0x56,0x35,0x2e,0x35,0x5a,0x6d,0x30,0x2c,
  0x31,0x38,0x2e,0x37,0x48,0x36,0x2e,0x36,0x56,0x31,0x31,0x2e,0x38,0x48,0x32,0x37,
  0x2e,0x34,0x5a,0x6d,0x30,0x2d,0x31,0x34,0x2e,0x35,0x48,0x31,0x39,0x2e,0x32,0x6c,
  0x31,0x2d,0x32,0x2e,0x31,0x68,0x37,0x2e,0x31,0x56,0x39,0x2e,0x37,0x5a,0x22,0x20,
  0x73,0x74,0x79,0x6c,0x65,0x3d,0x22,0x66,0x69,0x6c,0x6c,0x3a,0x23,0x64,0x63,0x62,
  0x36,0x37,0x61,0x22,0x2f,0x3e,0x3c,0x70,0x6f,0x6c,0x79,0x67,0x6f,0x6e,0x20,0x70,
  0x6f,0x69,0x6e,0x74,0x73,0x3d,0x22,0x32,0x35,0x2e,0x37,0x20,0x31,0x33,0x2e,0x37,
  0x20,0x30,0x2e,0x35,0x20,0x31,0x33,0x2e,0x37,0x20,0x34,0x2e,0x33,0x20,0x32,0x36,
  0x2e,0x35,0x20,0x32,0x39,0x2e,0x35,0x20,0x32,0x36,0x2e,0x35,0x20,0x32,0x35,0x2e,
  0x37,0x20,0x31,0x33,0x2e,0x37,0x22,0x20,0x73,0x74,0x79,0x6c,0x65,0x3d,0x22,0x66,
  0x69,0x6c,0x6c,0x3a,0x23,0x64,0x63,0x62,0x36,0x37,0x61,0x22,0x2f,0x3e,0x3c,0x2f,
  0x73,0x76,0x67,0x3e,
    // /home/etapadmin/Masaüstü/e-ag-qt6/dds/dds-monitor/icons/scriptexec.svg
  0x0,0x0,0x3,0xc0,
  0x3c,
  0x3f,0x78,0x6d,0x6c,0x20,0x76,0x65,0x72,0x73,0x69,0x6f,0x6e,0x3d,0x22,0x31,0x2e,
  0x30,0x22,0x20,0x65,0x6e,0x63,0x6f,0x64,0x69,0x6e,0x67,0x3d,0x22,0x69,0x73,0x6f,
  0x2d,0x38,0x38,0x35,0x39,0x2d,0x31,0x22,0x3f,0x3e,0xd,0xa,0x3c,0x21,0x44,0x4f,
  0x43,0x54,0x59,0x50,0x45,0x20,0x73,0x76,0x67,0x20,0x50,0x55,0x42,0x4c,0x49,0x43,
  0x20,0x22,0x2d,0x2f,0x2f,0x57,0x33,0x43,0x2f,0x2f,0x44,0x54,0x44,0x20,0x53,0x56,
  0x47,0x20,0x31,0x2e,0x31,0x2f,0x2f,0x45,0x4e,0x22,0x20,0x22,0x68,0x74,0x74,0x70,
  0x3a,0x2f,0x2f,0x77,0x77,0x77,0x2e,0x77,0x33,0x2e,0x6f,0x72,0x67,0x2f,0x47,0x72,
  0x61,0x70,0x68,0x69,0x63,0x73,0x2f,0x53,0x56,0x47,0x2f,0x31,0x2e,0x31,0x2f,0x44,
  0x54,0x44,0x2f,0x73,0x76,0x67,0x31,0x31,0x2e,0x64,0x74,0x64,0x22,0x3e,0xd,0xa,
  0x3c,0x21,0x2d,0x2d,0x20,0x55,0x70,0x6c,0x6f,0x61,0x64,0x65,0x64,0x20,0x74,0x6f,
  0x3a,0x20,0x53,0x56,0x47,0x20,0x52,0x65,0x70,0x6f,0x2c,0x20,0x77,0x77,0x77,0x2e,
  0x73,0x76,0x67,0x72,0x65,0x70,0x6f,0x2e,0x63,0x6f,0x6d,0x2c,0x20,0x47,0x65,0x6e,
  0x65,0x72,0x61,0x74,0x6f,0x72,0x3a,0x20,0x53,0x56,0x47,0x20,0x52,0x65,0x70,0x6f,
  0x20,0x4d,0x69,0x78,0x65,0x72,0x20,0x54,0x6f,0x6f,0x6c,0x73,0x20,0x2d,0x2d,0x3e,
  0xd,0xa,0x3c,0x73,0x76,0x67,0x20,0x66,0x69,0x6c,0x6c,0x3d,0x22,0x23,0x30,0x30,
  0x30,0x30,0x30,0x30,0x22,0x20,0x20,0x76,0x65,0x72,0x73,0x69,0x6f,0x6e,0x3d,0x22,
  0x31,0x2e,0x31,0x22,0x20,0x78,0x6d,0x6c,0x6e,0x73,0x3d,0x22,0x68,0x74,0x74,0x70,
  0x3a,0x2f,0x2f,0x77,0x77,0x77,0x2e,0x77,0x33,0x2e,0x6f,0x72,0x67,0x2f,0x32,0x30,
  0x30,0x30,0x2f,0x73,0x76,0x67,0x22,0x20,0x78,0x6d,0x6c,0x6e,0x73,0x3a,0x78,0x6c,
  0x69,0x6e,0x6b,0x3d,0x22,0x68,0x74,0x74,0x70,0x3a,0x2f,0x2f,0x77,0x77,0x77,0x2e,
  0x77,0x33,0x2e,0x6f,0x72,0x67,0x2f,0x31,0x39,0x39,0x39,0x2f,0x78,0x6c,0x69,0x6e,
  0x6b,0x22,0x20,0x20,0x77,0x69,0x64,0x74,0x68,0x3d,0x22,0x38,0x30,0x30,0x70,0x78,
  0x22,0xd,0xa,0x9,0x20,0x68,0x65,0x69,0x67,0x68,0x74,0x3d,0x22,0x38,0x30,0x30,
  0x70,0x78,0x22,0x20,0x76,0x69,0x65,0x77,0x42,0x6f,0x78,0x3d,0x22,0x30,0x20,0x30,
  0x20,0x35,0x31,0x32,0x20,0x35,0x31,0x32,0x22,0x20,0x65,0x6e,0x61,0x62,0x6c,0x65,
  0x2d,0x62,0x61,0x63,0x6b,0x67,0x72,0x6f,0x75,0x6e,0x64,0x3d,0x22,0x6e,0x65,0x77,
  0x20,0x30,0x20,0x30,0x20,0x35,0x31,0x32,0x20,0x35,0x31,0x32,0x22,0x20,0x78,0x6d,
  0x6c,0x3a,0x73,0x70,0x61,0x63,0x65,0x3d,0x22,0x70,0x72,0x65,0x73,0x65,0x72,0x76,
  0x65,0x22,0x3e,0xd,0xa,0xd,0xa,0x3c,0x67,0x20,0x69,0x64,0x3d,0x22,0x35,0x31,
  0x35,0x31,0x65,0x30,0x63,0x38,0x34,0x39,0x32,0x65,0x35,0x31,0x30,0x33,0x63,0x30,
  0x39,0x36,0x61,0x66,0x38,0x38,0x61,0x35,0x31,0x66,0x39,0x62,0x32,0x37,0x22,0x3e,
  0xd,0xa,0xd,0xa,0x3c,0x70,0x61,0x74,0x68,0x20,0x64,0x69,0x73,0x70,0x6c,0x61,
  0x79,0x3d,0x22,0x69,0x6e,0x6c,0x69,0x6e,0x65,0x22,0x20,0x64,0x3d,0x22,0x4d,0x37,
  0x37,0x2e,0x35,0x35,0x34,0x2c,0x32,0x39,0x36,0x2e,0x30,0x35,0x35,0x6c,0x31,0x30,
  0x31,0x2e,0x31,0x38,0x39,0x2d,0x33,0x39,0x2e,0x38,0x36,0x33,0x76,0x2d,0x30,0x2e,
  0x36,0x31,0x31,0x4c,0x37,0x37,0x2e,0x35,0x35,0x34,0x2c,0x32,0x31,0x35,0x2e,0x34,
  0x31,0x33,0x76,0x2d,0x34,0x34,0x2e,0x34,0x36,0x34,0x6c,0x31,0x35,0x34,0x2e,0x35,
  0x33,0x39,0x2c,0x36,0x38,0x2e,0x33,0x37,0x39,0x76,0x33,0x32,0x2e,0x38,0x30,0x37,
  0x4c,0x37,0x37,0x2e,0x35,0x35,0x34,0x2c,0x33,0x34,0x30,0x2e,0x35,0x31,0x34,0xd,
  0xa,0x9,0x9,0x56,0x32,0x39,0x36,0x2e,0x30,0x35,0x35,0x7a,0x20,0x4d,0x34,0x33,
  0x34,0x2e,0x34,0x34,0x36,0x2c,0x33,0x34,0x33,0x2e,0x38,0x38,0x37,0x76,0x33,0x39,
  0x2e,0x38,0x36,0x33,0x48,0x32,0x35,0x31,0x2e,0x37,0x76,0x2d,0x33,0x39,0x2e,0x38,
  0x36,0x33,0x48,0x34,0x33,0x34,0x2e,0x34,0x34,0x36,0x7a,0x20,0x4d,0x34,0x36,0x38,
  0x2e,0x39,0x31,0x37,0x2c,0x30,0x2e,0x35,0x48,0x34,0x33,0x2e,0x30,0x38,0x33,0x43,
  0x31,0x39,0x2e,0x36,0x36,0x32,0x2c,0x30,0x2e,0x35,0x2c,0x30,0x2e,0x35,0x2c,0x31,
  0x39,0x2e,0x36,0x36,0x33,0x2c,0x30,0x2e,0x35,0x2c,0x34,0x33,0x2e,0x30,0x38,0x33,
  0x76,0x34,0x32,0x35,0x2e,0x38,0x33,0x33,0xd,0xa,0x9,0x9,0x63,0x30,0x2c,0x32,
  0x33,0x2e,0x34,0x32,0x31,0x2c,0x31,0x39,0x2e,0x31,0x36,0x32,0x2c,0x34,0x32,0x2e,
  0x35,0x38,0x33,0x2c,0x34,0x32,0x2e,0x35,0x38,0x33,0x2c,0x34,0x32,0x2e,0x35,0x38,
  0x33,0x68,0x34,0x32,0x35,0x2e,0x38,0x33,0x34,0x63,0x32,0x33,0x2e,0x34,0x32,0x31,
  0x2c,0x30,0x2c,0x34,0x32,0x2e,0x35,0x38,0x33,0x2d,0x31,0x39,0x2e,0x31,0x36,0x32,
  0x2c,0x34,0x32,0x2e,0x35,0x38,0x33,0x2d,0x34,0x32,0x2e,0x35,0x38,0x33,0x56,0x34,
  0x33,0x2e,0x30,0x38,0x33,0x43,0x35,0x31,0x31,0x2e,0x35,0x2c,0x31,0x39,0x2e,0x36,
  0x36,0x33,0x2c,0x34,0x39,0x32,0x2e,0x33,0x33,0x38,0x2c,0x30,0x2e,0x35,0x2c,0x34,
  0x36,0x38,0x2e,0x39,0x31,0x37,0x2c,0x30,0x2e,0x35,0xd,0xa,0x9,0x9,0x7a,0x20,
  0x4d,0x34,0x36,0x38,0x2e,0x39,0x31,0x37,0x2c,0x34,0x36,0x38,0x2e,0x39,0x31,0x37,
  0x48,0x34,0x33,0x2e,0x30,0x38,0x33,0x56,0x31,0x30,0x36,0x2e,0x39,0x35,0x38,0x68,
  0x34,0x32,0x35,0x2e,0x38,0x33,0x34,0x56,0x34,0x36,0x38,0x2e,0x39,0x31,0x37,0x7a,
  0x22,0x3e,0xd,0xa,0xd,0xa,0x3c,0x2f,0x70,0x61,0x74,0x68,0x3e,0xd,0xa,0xd,
  0xa,0x3c,0x2f,0x67,0x3e,0xd,0xa,0xd,0xa,0x3c,0x2f,0x73,0x76,0x67,0x3e,
    // /home/etapadmin/Masaüstü/e-ag-qt6/dds/dds-monitor/icons/search.svg
  0x0,0x0,0x16,0xab,
  0x3c,
  0x21,0x44,0x4f,0x43,0x54,0x59,0x50,0x45,0x20,0x73,0x76,0x67,0x20,0x50,0x55,0x42,
  0x4c,0x49,0x43,0x20,0x22,0x2d,0x2f,0x2f,0x57,0x33,0x43,0x2f,0x2f,0x44,0x54,0x44,
  0x20,0x53,0x56,0x47,0x20,0x31,0x2e,0x31,0x2f,0x2f,0x45,0x4e,0x22,0x20,0x22,0x68,
  0x74,0x74,0x70,0x3a,0x2f,0x2f,0x77,0x77,0x77,0x2e,0x77,0x33,0x2e,0x6f,0x72,0x67,
  0x2f,0x47,0x72,0x61,0x70,0x68,0x69,0x63,0x73,0x2f,0x53,0x56,0x47,0x2f,0x31,0x2e,
  0x31,0x2f,0x44,0x54,0x44,0x2f,0x73,0x76,0x67,0x31,0x31,0x2e,0x64,0x74,0x64,0x22,
  0x3e,0xa,0x3c,0x21,0x2d,0x2d,0x20,0x55,0x70,0x6c,0x6f,0x61,0x64,0x65,0x64,0x20,
  0x74,0x6f,0x3a,0x20,0x53,0x56,0x47,0x20,0x52,0x65,0x70,0x6f,0x2c,0x20,0x77,0x77,
  0x77,0x2e,0x73,0x76,0x67,0x72,0x65,0x70,0x6f,0x2e,0x63,0x6f,0x6d,0x2c,0x20,0x54,
  0x72,0x61,0x6e,0x73,0x66,0x6f,0x72,0x6d,0x65,0x64,0x20,0x62,0x79,0x3a,0x20,0x53,
  0x56,0x47,0x20,0x52,0x65,0x70,0x6f,0x20,0x4d,0x69,0x78,0x65,0x72,0x20,0x54,0x6f,
  0x6f,0x6c,0x73,0x20,0x2d,0x2d,0x3e,0xa,0x3c,0x73,0x76,0x67,0x20,0x68,0x65,0x69,
  0x67,0x68,0x74,0x3d,0x22,0x38,0x30,0x30,0x70,0x78,0x22,0x20,0x77,0x69,0x64,0x74,
  0x68,0x3d,0x22,0x38,0x30,0x30,0x70,0x78,0x22,0x20,0x76,0x65,0x72,0x73,0x69,0x6f,
  0x6e,0x3d,0x22,0x31,0x2e,0x31,0x22,0x20,0x69,0x64,0x3d,0x22,0x4c,0x61,0x79,0x65,
  0x72,0x5f,0x31,0x22,0x20,0x78,0x6d,0x6c,0x6e,0x73,0x3d,0x22,0x68,0x74,0x74,0x70,
  0x3a,0x2f,0x2f,0x77,0x77,0x77,0x2e,0x77,0x33,0x2e,0x6f,0x72,0x67,0x2f,0x32,0x30,
  0x30,0x30,0x2f,0x73,0x76,0x67,0x22,0x20,0x78,0x6d,0x6c,0x6e,0x73,0x3a,0x78,0x6c,
  0x69,0x6e,0x6b,0x3d,0x22,0x68,0x74,0x74,0x70,0x3a,0x2f,0x2f,0x77,0x77,0x77,0x2e,
  0x77,0x33,0x2e,0x6f,0x72,0x67,0x2f,0x31,0x39,0x39,0x39,0x2f,0x78,0x6c,0x69,0x6e,
  0x6b,0x22,0x20,0x76,0x69,0x65,0x77,0x42,0x6f,0x78,0x3d,0x22,0x30,0x20,0x30,0x20,
  0x35,0x31,0x31,0x2e,0x39,0x39,0x38,0x20,0x35,0x31,0x31,0x2e,0x39,0x39,0x38,0x22,
  0x20,0x78,0x6d,0x6c,0x3a,0x73,0x70,0x61,0x63,0x65,0x3d,0x22,0x70,0x72,0x65,0x73,
  0x65,0x72,0x76,0x65,0x22,0x20,0x66,0x69,0x6c,0x6c,0x3d,0x22,0x23,0x30,0x30,0x30,
  0x30,0x30,0x30,0x22,0x3e,0xa,0xd,0x3c,0x67,0x20,0x69,0x64,0x3d,0x22,0x53,0x56,
  0x47,0x52,0x65,0x70,0x6f,0x5f,0x62,0x67,0x43,0x61,0x72,0x72,0x69,0x65,0x72,0x22,
  0x20,0x73,0x74,0x72,0x6f,0x6b,0x65,0x2d,0x77,0x69,0x64,0x74,0x68,0x3d,0x22,0x30,
  0x22,0x2f,0x3e,0xa,0xd,0x3c,0x67,0x20,0x69,0x64,0x3d,0x22,0x53,0x56,0x47,0x52,
  0x65,0x70,0x6f,0x5f,0x74,0x72,0x61,0x63,0x65,0x72,0x43,0x61,0x72,0x72,0x69,0x65,
  0x72,0x22,0x20,0x73,0x74,0x72,0x6f,0x6b,0x65,0x2d,0x6c,0x69,0x6e,0x65,0x63,0x61,
  0x70,0x3d,0x22,0x72,0x6f,0x75,0x6e,0x64,0x22,0x20,0x73,0x74,0x72,0x6f,0x6b,0x65,
  0x2d,0x6c,0x69,0x6e,0x65,0x6a,0x6f,0x69,0x6e,0x3d,0x22,0x72,0x6f,0x75,0x6e,0x64,
  0x22,0x2f,0x3e,0xa,0xd,0x3c,0x67,0x20,0x69,0x64,0x3d,0x22,0x53,0x56,0x47,0x52,
  0x65,0x70,0x6f,0x5f,0x69,0x63,0x6f,0x6e,0x43,0x61,0x72,0x72,0x69,0x65,0x72,0x22,
  0x3e,0x20,0x3c,0x70,0x61,0x74,0x68,0x20,0x73,0x74,0x79,0x6c,0x65,0x3d,0x22,0x66,
  0x69,0x6c,0x6c,0x3a,0x23,0x42,0x35,0x45,0x35,0x42,0x43,0x3b,0x22,0x20,0x64,0x3d,
  0x22,0x4d,0x34,0x32,0x33,0x2e,0x32,0x38,0x33,0x2c,0x32,0x35,0x35,0x2e,0x38,0x38,
  0x35,0x63,0x30,0x2c,0x31,0x30,0x37,0x2e,0x32,0x31,0x2d,0x38,0x36,0x2e,0x39,0x31,
  0x33,0x2c,0x31,0x39,0x34,0x2e,0x31,0x32,0x2d,0x31,0x39,0x34,0x2e,0x31,0x32,0x36,
  0x2c,0x31,0x39,0x34,0x2e,0x31,0x32,0x53,0x33,0x35,0x2e,0x30,0x33,0x31,0x2c,0x33,
  0x36,0x33,0x2e,0x30,0x39,0x35,0x2c,0x33,0x35,0x2e,0x30,0x33,0x31,0x2c,0x32,0x35,
  0x35,0x2e,0x38,0x38,0x35,0x20,0x53,0x31,0x32,0x31,0x2e,0x39,0x34,0x34,0x2c,0x36,
  0x31,0x2e,0x37,0x36,0x36,0x2c,0x32,0x32,0x39,0x2e,0x31,0x35,0x36,0x2c,0x36,0x31,
  0x2e,0x37,0x36,0x36,0x53,0x34,0x32,0x33,0x2e,0x32,0x38,0x33,0x2c,0x31,0x34,0x38,
  0x2e,0x36,0x37,0x37,0x2c,0x34,0x32,0x33,0x2e,0x32,0x38,0x33,0x2c,0x32,0x35,0x35,
  0x2e,0x38,0x38,0x35,0x7a,0x22,0x2f,0x3e,0x20,0x3c,0x70,0x61,0x74,0x68,0x20,0x73,
  0x74,0x79,0x6c,0x65,0x3d,0x22,0x66,0x69,0x6c,0x6c,0x3a,0x23,0x33,0x35,0x38,0x34,
  0x65,0x34,0x3b,0x22,0x20,0x64,0x3d,0x22,0x4d,0x32,0x34,0x30,0x2e,0x33,0x39,0x39,
  0x2c,0x38,0x2e,0x30,0x39,0x35,0x63,0x31,0x32,0x38,0x2e,0x30,0x35,0x31,0x2c,0x35,
  0x2e,0x37,0x31,0x32,0x2c,0x32,0x33,0x30,0x2e,0x38,0x34,0x36,0x2c,0x31,0x30,0x38,
  0x2e,0x35,0x30,0x34,0x2c,0x32,0x33,0x36,0x2e,0x35,0x35,0x38,0x2c,0x32,0x33,0x36,
  0x2e,0x35,0x35,0x20,0x63,0x30,0x2e,0x32,0x37,0x34,0x2c,0x36,0x2e,0x31,0x32,0x39,
  0x2d,0x34,0x2e,0x36,0x34,0x39,0x2c,0x31,0x31,0x2e,0x32,0x34,0x31,0x2d,0x31,0x30,
  0x2e,0x37,0x38,0x33,0x2c,0x31,0x31,0x2e,0x32,0x34,0x31,0x48,0x32,0x32,0x39,0x2e,
  0x31,0x35,0x36,0x56,0x31,0x38,0x2e,0x38,0x37,0x37,0x43,0x32,0x32,0x39,0x2e,0x31,
  0x35,0x36,0x2c,0x31,0x32,0x2e,0x37,0x34,0x32,0x2c,0x32,0x33,0x34,0x2e,0x32,0x37,
  0x2c,0x37,0x2e,0x38,0x32,0x31,0x2c,0x32,0x34,0x30,0x2e,0x33,0x39,0x39,0x2c,0x38,
  0x2e,0x30,0x39,0x35,0x7a,0x22,0x2f,0x3e,0x20,0x3c,0x70,0x61,0x74,0x68,0x20,0x73,
  0x74,0x79,0x6c,0x65,0x3d,0x22,0x66,0x69,0x6c,0x6c,0x3a,0x23,0x33,0x35,0x38,0x34,
  0x65,0x34,0x3b,0x22,0x20,0x64,0x3d,0x22,0x4d,0x34,0x37,0x30,0x2e,0x36,0x35,0x2c,
  0x34,0x33,0x36,0x2e,0x36,0x30,0x34,0x6c,0x2d,0x39,0x33,0x2e,0x31,0x32,0x33,0x2d,
  0x39,0x33,0x2e,0x33,0x36,0x63,0x2d,0x38,0x2e,0x34,0x32,0x34,0x2d,0x38,0x2e,0x34,
  0x32,0x34,0x2d,0x32,0x32,0x2e,0x30,0x38,0x31,0x2d,0x38,0x2e,0x34,0x32,0x34,0x2d,
  0x33,0x30,0x2e,0x35,0x30,0x34,0x2c,0x30,0x6c,0x2d,0x32,0x34,0x2e,0x33,0x33,0x35,
  0x2d,0x32,0x34,0x2e,0x33,0x33,0x35,0x20,0x63,0x32,0x39,0x2e,0x38,0x30,0x35,0x2d,
  0x34,0x34,0x2e,0x30,0x34,0x38,0x2c,0x32,0x35,0x2e,0x32,0x31,0x32,0x2d,0x31,0x30,
  0x34,0x2e,0x34,0x32,0x36,0x2d,0x31,0x33,0x2e,0x37,0x39,0x35,0x2d,0x31,0x34,0x33,
  0x2e,0x34,0x33,0x32,0x63,0x2d,0x34,0x34,0x2e,0x32,0x32,0x33,0x2d,0x34,0x34,0x2e,
  0x32,0x32,0x32,0x2d,0x31,0x31,0x35,0x2e,0x39,0x32,0x32,0x2d,0x34,0x34,0x2e,0x32,
  0x32,0x32,0x2d,0x31,0x36,0x30,0x2e,0x31,0x34,0x36,0x2c,0x30,0x73,0x2d,0x34,0x34,
  0x2e,0x32,0x32,0x33,0x2c,0x31,0x31,0x35,0x2e,0x39,0x31,0x39,0x2c,0x30,0x2c,0x31,
  0x36,0x30,0x2e,0x31,0x34,0x31,0x20,0x63,0x33,0x39,0x2e,0x30,0x30,0x37,0x2c,0x33,
  0x39,0x2e,0x30,0x30,0x36,0x2c,0x39,0x39,0x2e,0x33,0x38,0x37,0x2c,0x34,0x33,0x2e,
  0x35,0x39,0x39,0x2c,0x31,0x34,0x33,0x2e,0x34,0x33,0x37,0x2c,0x31,0x33,0x2e,0x37,
  0x39,0x35,0x6c,0x32,0x34,0x2e,0x33,0x33,0x35,0x2c,0x32,0x34,0x2e,0x33,0x33,0x35,
  0x63,0x2d,0x38,0x2e,0x34,0x32,0x34,0x2c,0x38,0x2e,0x34,0x32,0x33,0x2d,0x38,0x2e,
  0x34,0x32,0x34,0x2c,0x32,0x32,0x2e,0x30,0x38,0x2c,0x30,0x2c,0x33,0x30,0x2e,0x35,
  0x30,0x33,0x6c,0x39,0x33,0x2e,0x31,0x32,0x33,0x2c,0x39,0x33,0x2e,0x33,0x36,0x20,
  0x63,0x38,0x2e,0x34,0x32,0x34,0x2c,0x38,0x2e,0x34,0x32,0x33,0x2c,0x32,0x32,0x2e,
  0x30,0x38,0x31,0x2c,0x38,0x2e,0x34,0x32,0x33,0x2c,0x33,0x30,0x2e,0x35,0x30,0x34,
  0x2c,0x30,0x6c,0x33,0x30,0x2e,0x35,0x30,0x34,0x2d,0x33,0x30,0x2e,0x35,0x30,0x33,
  0x43,0x34,0x37,0x39,0x2e,0x30,0x37,0x33,0x2c,0x34,0x35,0x38,0x2e,0x36,0x38,0x34,
  0x2c,0x34,0x37,0x39,0x2e,0x30,0x37,0x33,0x2c,0x34,0x34,0x35,0x2e,0x30,0x32,0x38,
  0x2c,0x34,0x37,0x30,0x2e,0x36,0x35,0x2c,0x34,0x33,0x36,0x2e,0x36,0x30,0x34,0x7a,
  0x22,0x2f,0x3e,0x20,0x3c,0x70,0x61,0x74,0x68,0x20,0x73,0x74,0x79,0x6c,0x65,0x3d,
  0x22,0x66,0x69,0x6c,0x6c,0x3a,0x23,0x32,0x35,0x36,0x32,0x37,0x37,0x3b,0x22,0x20,
  0x64,0x3d,0x22,0x4d,0x33,0x32,0x32,0x2e,0x36,0x38,0x37,0x2c,0x33,0x31,0x38,0x2e,
  0x39,0x31,0x31,0x6c,0x32,0x34,0x2e,0x33,0x33,0x36,0x2c,0x32,0x34,0x2e,0x33,0x33,
  0x35,0x6c,0x2d,0x33,0x30,0x2e,0x35,0x30,0x34,0x2c,0x33,0x30,0x2e,0x35,0x30,0x33,
  0x6c,0x2d,0x32,0x34,0x2e,0x33,0x33,0x36,0x2d,0x32,0x34,0x2e,0x33,0x33,0x35,0x20,
  0x63,0x35,0x2e,0x38,0x39,0x31,0x2d,0x33,0x2e,0x39,0x38,0x36,0x2c,0x31,0x31,0x2e,
  0x34,0x39,0x32,0x2d,0x38,0x2e,0x35,0x37,0x38,0x2c,0x31,0x36,0x2e,0x37,0x31,0x2d,
  0x31,0x33,0x2e,0x37,0x39,0x35,0x43,0x33,0x31,0x34,0x2e,0x31,0x31,0x2c,0x33,0x33,
  0x30,0x2e,0x34,0x30,0x33,0x2c,0x33,0x31,0x38,0x2e,0x37,0x30,0x33,0x2c,0x33,0x32,
  0x34,0x2e,0x38,0x30,0x32,0x2c,0x33,0x32,0x32,0x2e,0x36,0x38,0x37,0x2c,0x33,0x31,
  0x38,0x2e,0x39,0x31,0x31,0x7a,0x22,0x2f,0x3e,0x20,0x3c,0x70,0x61,0x74,0x68,0x20,
  0x73,0x74,0x79,0x6c,0x65,0x3d,0x22,0x66,0x69,0x6c,0x6c,0x3a,0x23,0x43,0x33,0x45,
  0x34,0x45,0x44,0x3b,0x22,0x20,0x64,0x3d,0x22,0x4d,0x33,0x30,0x34,0x2e,0x33,0x31,
  0x34,0x2c,0x32,0x35,0x35,0x2e,0x35,0x34,0x39,0x63,0x30,0x2c,0x34,0x31,0x2e,0x36,
  0x39,0x33,0x2d,0x33,0x33,0x2e,0x38,0x2c,0x37,0x35,0x2e,0x34,0x39,0x31,0x2d,0x37,
  0x35,0x2e,0x34,0x39,0x34,0x2c,0x37,0x35,0x2e,0x34,0x39,0x31,0x73,0x2d,0x37,0x35,
  0x2e,0x34,0x39,0x34,0x2d,0x33,0x33,0x2e,0x37,0x39,0x38,0x2d,0x37,0x35,0x2e,0x34,
  0x39,0x34,0x2d,0x37,0x35,0x2e,0x34,0x39,0x31,0x20,0x73,0x33,0x33,0x2e,0x38,0x2d,
  0x37,0x35,0x2e,0x34,0x39,0x31,0x2c,0x37,0x35,0x2e,0x34,0x39,0x34,0x2d,0x37,0x35,
  0x2e,0x34,0x39,0x31,0x53,0x33,0x30,0x34,0x2e,0x33,0x31,0x34,0x2c,0x32,0x31,0x33,
  0x2e,0x38,0x35,0x36,0x2c,0x33,0x30,0x34,0x2e,0x33,0x31,0x34,0x2c,0x32,0x35,0x35,
  0x2e,0x35,0x34,0x39,0x7a,0x22,0x2f,0x3e,0x20,0x3c,0x70,0x61,0x74,0x68,0x20,0x73,
  0x74,0x79,0x6c,0x65,0x3d,0x22,0x66,0x69,0x6c,0x6c,0x3a,0x23,0x44,0x43,0x46,0x33,
  0x46,0x39,0x3b,0x22,0x20,0x64,0x3d,0x22,0x4d,0x32,0x37,0x34,0x2e,0x30,0x33,0x2c,
  0x31,0x39,0x35,0x2e,0x30,0x38,0x38,0x63,0x31,0x31,0x2e,0x37,0x37,0x32,0x2c,0x38,
  0x2e,0x38,0x31,0x36,0x2c,0x32,0x30,0x2e,0x38,0x37,0x32,0x2c,0x32,0x30,0x2e,0x39,
  0x39,0x33,0x2c,0x32,0x35,0x2e,0x39,0x30,0x34,0x2c,0x33,0x35,0x2e,0x31,0x30,0x33,
  0x6c,0x2d,0x39,0x36,0x2e,0x34,0x37,0x34,0x2c,0x39,0x36,0x2e,0x34,0x37,0x31,0x20,
  0x63,0x2d,0x31,0x34,0x2e,0x31,0x31,0x2d,0x35,0x2e,0x30,0x33,0x32,0x2d,0x32,0x36,
  0x2e,0x32,0x38,0x38,0x2d,0x31,0x34,0x2e,0x31,0x33,0x32,0x2d,0x33,0x35,0x2e,0x31,
  0x30,0x34,0x2d,0x32,0x35,0x2e,0x39,0x30,0x33,0x4c,0x32,0x37,0x34,0x2e,0x30,0x33,
  0x2c,0x31,0x39,0x35,0x2e,0x30,0x38,0x38,0x7a,0x20,0x4d,0x31,0x35,0x37,0x2e,0x37,
  0x30,0x35,0x2c,0x32,0x38,0x30,0x2e,0x39,0x30,0x38,0x63,0x31,0x2e,0x32,0x36,0x33,
  0x2c,0x33,0x2e,0x35,0x34,0x33,0x2c,0x32,0x2e,0x37,0x38,0x2c,0x36,0x2e,0x39,0x36,
  0x34,0x2c,0x34,0x2e,0x35,0x33,0x36,0x2c,0x31,0x30,0x2e,0x32,0x34,0x6c,0x31,0x30,
  0x32,0x2e,0x31,0x37,0x38,0x2d,0x31,0x30,0x32,0x2e,0x31,0x37,0x35,0x20,0x63,0x2d,
  0x33,0x2e,0x32,0x37,0x36,0x2d,0x31,0x2e,0x37,0x35,0x35,0x2d,0x36,0x2e,0x36,0x39,
  0x37,0x2d,0x33,0x2e,0x32,0x37,0x32,0x2d,0x31,0x30,0x2e,0x32,0x34,0x2d,0x34,0x2e,
  0x35,0x33,0x36,0x4c,0x31,0x35,0x37,0x2e,0x37,0x30,0x35,0x2c,0x32,0x38,0x30,0x2e,
  0x39,0x30,0x38,0x7a,0x22,0x2f,0x3e,0x20,0x3c,0x70,0x61,0x74,0x68,0x20,0x73,0x74,
  0x79,0x6c,0x65,0x3d,0x22,0x66,0x69,0x6c,0x6c,0x3a,0x23,0x66,0x65,0x64,0x37,0x36,
  0x36,0x3b,0x22,0x20,0x64,0x3d,0x22,0x4d,0x33,0x30,0x34,0x2e,0x33,0x30,0x35,0x2c,
  0x32,0x35,0x35,0x2e,0x38,0x38,0x35,0x68,0x2d,0x36,0x34,0x2e,0x33,0x36,0x34,0x63,
  0x2d,0x35,0x2e,0x39,0x35,0x36,0x2c,0x30,0x2d,0x31,0x30,0x2e,0x37,0x38,0x34,0x2d,
  0x34,0x2e,0x38,0x32,0x38,0x2d,0x31,0x30,0x2e,0x37,0x38,0x34,0x2d,0x31,0x30,0x2e,
  0x37,0x38,0x34,0x76,0x2d,0x36,0x35,0x2e,0x30,0x33,0x35,0x20,0x63,0x31,0x39,0x2e,
  0x32,0x30,0x38,0x2c,0x30,0x2e,0x30,0x38,0x35,0x2c,0x33,0x38,0x2e,0x33,0x39,0x2c,
  0x37,0x2e,0x34,0x34,0x38,0x2c,0x35,0x33,0x2e,0x30,0x34,0x35,0x2c,0x32,0x32,0x2e,
  0x31,0x30,0x33,0x43,0x32,0x39,0x37,0x2e,0x30,0x32,0x38,0x2c,0x32,0x31,0x36,0x2e,
  0x39,0x39,0x35,0x2c,0x33,0x30,0x34,0x2e,0x33,0x39,0x31,0x2c,0x32,0x33,0x36,0x2e,
  0x34,0x35,0x34,0x2c,0x33,0x30,0x34,0x2e,0x33,0x30,0x35,0x2c,0x32,0x35,0x35,0x2e,
  0x38,0x38,0x35,0x7a,0x22,0x2f,0x3e,0x20,0x3c,0x70,0x61,0x74,0x68,0x20,0x73,0x74,
  0x79,0x6c,0x65,0x3d,0x22,0x66,0x69,0x6c,0x6c,0x3a,0x23,0x46,0x46,0x46,0x46,0x46,
  0x46,0x3b,0x22,0x20,0x64,0x3d,0x22,0x4d,0x32,0x32,0x39,0x2e,0x31,0x35,0x36,0x2c,
  0x31,0x39,0x39,0x2e,0x31,0x63,0x31,0x31,0x2e,0x39,0x31,0x33,0x2c,0x30,0x2c,0x32,
  0x31,0x2e,0x35,0x37,0x2c,0x39,0x2e,0x36,0x35,0x37,0x2c,0x32,0x31,0x2e,0x35,0x37,
  0x2c,0x32,0x31,0x2e,0x35,0x36,0x39,0x63,0x30,0x2c,0x31,0x31,0x2e,0x39,0x31,0x32,
  0x2d,0x39,0x2e,0x36,0x35,0x37,0x2c,0x32,0x31,0x2e,0x35,0x36,0x39,0x2d,0x32,0x31,
  0x2e,0x35,0x37,0x2c,0x32,0x31,0x2e,0x35,0x36,0x39,0x20,0x63,0x2d,0x31,0x31,0x2e,
  0x39,0x31,0x33,0x2c,0x30,0x2d,0x32,0x31,0x2e,0x35,0x37,0x2d,0x39,0x2e,0x36,0x35,
  0x37,0x2d,0x32,0x31,0x2e,0x35,0x37,0x2d,0x32,0x31,0x2e,0x35,0x36,0x39,0x43,0x32,
  0x30,0x37,0x2e,0x35,0x38,0x37,0x2c,0x32,0x30,0x38,0x2e,0x37,0x35,0x36,0x2c,0x32,
  0x31,0x37,0x2e,0x32,0x34,0x35,0x2c,0x31,0x39,0x39,0x2e,0x31,0x2c,0x32,0x32,0x39,
  0x2e,0x31,0x35,0x36,0x2c,0x31,0x39,0x39,0x2e,0x31,0x7a,0x22,0x2f,0x3e,0x20,0x3c,
  0x70,0x61,0x74,0x68,0x20,0x73,0x74,0x79,0x6c,0x65,0x3d,0x22,0x66,0x69,0x6c,0x6c,
  0x3a,0x23,0x66,0x66,0x66,0x66,0x66,0x66,0x3b,0x22,0x20,0x64,0x3d,0x22,0x4d,0x34,
  0x37,0x36,0x2e,0x33,0x37,0x33,0x2c,0x34,0x33,0x30,0x2e,0x38,0x39,0x35,0x6c,0x2d,
  0x37,0x32,0x2e,0x36,0x38,0x31,0x2d,0x37,0x32,0x2e,0x38,0x36,0x36,0x63,0x31,0x36,
  0x2e,0x37,0x36,0x39,0x2d,0x32,0x38,0x2e,0x35,0x39,0x35,0x2c,0x32,0x36,0x2e,0x31,
  0x39,0x38,0x2d,0x36,0x30,0x2e,0x38,0x34,0x31,0x2c,0x32,0x37,0x2e,0x35,0x31,0x35,
  0x2d,0x39,0x34,0x2e,0x30,0x35,0x39,0x68,0x33,0x34,0x2e,0x39,0x36,0x35,0x20,0x63,
  0x35,0x2e,0x31,0x33,0x2c,0x30,0x2c,0x31,0x30,0x2e,0x31,0x30,0x35,0x2d,0x32,0x2e,
  0x31,0x32,0x37,0x2c,0x31,0x33,0x2e,0x36,0x35,0x33,0x2d,0x35,0x2e,0x38,0x33,0x35,
  0x63,0x33,0x2e,0x35,0x38,0x38,0x2d,0x33,0x2e,0x37,0x35,0x32,0x2c,0x35,0x2e,0x34,
  0x33,0x38,0x2d,0x38,0x2e,0x36,0x37,0x31,0x2c,0x35,0x2e,0x32,0x30,0x37,0x2d,0x31,
  0x33,0x2e,0x38,0x35,0x31,0x63,0x2d,0x32,0x2e,0x38,0x35,0x32,0x2d,0x36,0x33,0x2e,
  0x39,0x35,0x31,0x2d,0x32,0x39,0x2e,0x34,0x30,0x33,0x2d,0x31,0x32,0x34,0x2e,0x31,
  0x35,0x2d,0x37,0x34,0x2e,0x37,0x36,0x32,0x2d,0x31,0x36,0x39,0x2e,0x35,0x30,0x37,
  0x20,0x43,0x33,0x36,0x34,0x2e,0x39,0x31,0x32,0x2c,0x32,0x39,0x2e,0x34,0x32,0x32,
  0x2c,0x33,0x30,0x34,0x2e,0x37,0x31,0x2c,0x32,0x2e,0x38,0x37,0x31,0x2c,0x32,0x34,
  0x30,0x2e,0x37,0x35,0x38,0x2c,0x30,0x2e,0x30,0x31,0x39,0x63,0x2d,0x35,0x2e,0x32,
  0x31,0x34,0x2d,0x30,0x2e,0x32,0x32,0x39,0x2d,0x31,0x30,0x2e,0x31,0x2c,0x31,0x2e,
  0x36,0x31,0x39,0x2d,0x31,0x33,0x2e,0x38,0x35,0x32,0x2c,0x35,0x2e,0x32,0x30,0x38,
  0x63,0x2d,0x33,0x2e,0x37,0x30,0x38,0x2c,0x33,0x2e,0x35,0x34,0x36,0x2d,0x35,0x2e,
  0x38,0x33,0x35,0x2c,0x38,0x2e,0x35,0x32,0x32,0x2d,0x35,0x2e,0x38,0x33,0x35,0x2c,
  0x31,0x33,0x2e,0x36,0x35,0x32,0x76,0x33,0x34,0x2e,0x39,0x36,0x34,0x20,0x43,0x31,
  0x31,0x33,0x2e,0x33,0x30,0x38,0x2c,0x35,0x38,0x2e,0x31,0x2c,0x32,0x36,0x2e,0x39,
  0x34,0x37,0x2c,0x31,0x34,0x37,0x2e,0x30,0x39,0x38,0x2c,0x32,0x36,0x2e,0x39,0x34,
  0x37,0x2c,0x32,0x35,0x35,0x2e,0x38,0x38,0x35,0x63,0x30,0x2c,0x31,0x31,0x31,0x2e,
  0x34,0x39,0x35,0x2c,0x39,0x30,0x2e,0x37,0x31,0x31,0x2c,0x32,0x30,0x32,0x2e,0x32,
  0x30,0x34,0x2c,0x32,0x30,0x32,0x2e,0x32,0x31,0x31,0x2c,0x32,0x30,0x32,0x2e,0x32,
  0x30,0x34,0x63,0x33,0x36,0x2e,0x30,0x33,0x34,0x2c,0x30,0x2c,0x37,0x31,0x2e,0x31,
  0x38,0x35,0x2d,0x39,0x2e,0x35,0x33,0x35,0x2c,0x31,0x30,0x32,0x2e,0x30,0x38,0x31,
  0x2d,0x32,0x37,0x2e,0x36,0x33,0x35,0x20,0x6c,0x37,0x32,0x2e,0x36,0x38,0x38,0x2c,
  0x37,0x32,0x2e,0x38,0x37,0x32,0x63,0x35,0x2e,0x37,0x38,0x32,0x2c,0x35,0x2e,0x37,
  0x38,0x32,0x2c,0x31,0x33,0x2e,0x33,0x37,0x33,0x2c,0x38,0x2e,0x36,0x37,0x32,0x2c,
  0x32,0x30,0x2e,0x39,0x36,0x38,0x2c,0x38,0x2e,0x36,0x37,0x32,0x63,0x37,0x2e,0x35,
  0x39,0x33,0x2c,0x30,0x2c,0x31,0x35,0x2e,0x31,0x38,0x38,0x2d,0x32,0x2e,0x38,0x39,
  0x31,0x2c,0x32,0x30,0x2e,0x39,0x36,0x37,0x2d,0x38,0x2e,0x36,0x37,0x32,0x6c,0x33,
  0x30,0x2e,0x35,0x30,0x35,0x2d,0x33,0x30,0x2e,0x35,0x30,0x33,0x20,0x63,0x35,0x2e,
  0x36,0x2d,0x35,0x2e,0x36,0x30,0x31,0x2c,0x38,0x2e,0x36,0x38,0x35,0x2d,0x31,0x33,
  0x2e,0x30,0x34,0x37,0x2c,0x38,0x2e,0x36,0x38,0x35,0x2d,0x32,0x30,0x2e,0x39,0x36,
  0x38,0x43,0x34,0x38,0x35,0x2e,0x30,0x35,0x31,0x2c,0x34,0x34,0x33,0x2e,0x39,0x33,
  0x35,0x2c,0x34,0x38,0x31,0x2e,0x39,0x36,0x37,0x2c,0x34,0x33,0x36,0x2e,0x34,0x38,
  0x38,0x2c,0x34,0x37,0x36,0x2e,0x33,0x37,0x33,0x2c,0x34,0x33,0x30,0x2e,0x38,0x39,
  0x35,0x7a,0x20,0x4d,0x33,0x39,0x31,0x2e,0x38,0x35,0x32,0x2c,0x33,0x34,0x36,0x2e,
  0x31,0x36,0x6c,0x2d,0x38,0x2e,0x36,0x30,0x32,0x2d,0x38,0x2e,0x36,0x32,0x34,0x20,
  0x63,0x2d,0x30,0x2e,0x30,0x30,0x32,0x2d,0x30,0x2e,0x30,0x30,0x32,0x2d,0x30,0x2e,
  0x30,0x30,0x34,0x2d,0x30,0x2e,0x30,0x30,0x34,0x2d,0x30,0x2e,0x30,0x30,0x37,0x2d,
  0x30,0x2e,0x30,0x30,0x36,0x63,0x2d,0x35,0x2e,0x36,0x30,0x31,0x2d,0x35,0x2e,0x36,
  0x30,0x31,0x2d,0x31,0x33,0x2e,0x30,0x34,0x37,0x2d,0x38,0x2e,0x36,0x38,0x36,0x2d,
  0x32,0x30,0x2e,0x39,0x36,0x38,0x2d,0x38,0x2e,0x36,0x38,0x36,0x63,0x2d,0x35,0x2e,
  0x31,0x34,0x38,0x2c,0x30,0x2d,0x31,0x30,0x2e,0x30,0x39,0x37,0x2c,0x31,0x2e,0x33,
  0x30,0x33,0x2d,0x31,0x34,0x2e,0x34,0x36,0x37,0x2c,0x33,0x2e,0x37,0x35,0x33,0x6c,
  0x2d,0x31,0x34,0x2e,0x37,0x39,0x36,0x2d,0x31,0x34,0x2e,0x37,0x39,0x35,0x20,0x63,
  0x39,0x2e,0x37,0x35,0x35,0x2d,0x31,0x36,0x2e,0x32,0x36,0x2c,0x31,0x35,0x2e,0x35,
  0x33,0x38,0x2d,0x33,0x34,0x2e,0x36,0x30,0x37,0x2c,0x31,0x36,0x2e,0x38,0x34,0x38,
  0x2d,0x35,0x33,0x2e,0x38,0x33,0x31,0x68,0x36,0x35,0x2e,0x31,0x36,0x36,0x43,0x34,
  0x31,0x33,0x2e,0x37,0x37,0x38,0x2c,0x32,0x39,0x32,0x2e,0x38,0x38,0x35,0x2c,0x34,
  0x30,0x35,0x2e,0x38,0x35,0x34,0x2c,0x33,0x32,0x30,0x2e,0x39,0x37,0x35,0x2c,0x33,
  0x39,0x31,0x2e,0x38,0x35,0x32,0x2c,0x33,0x34,0x36,0x2e,0x31,0x36,0x7a,0x20,0x4d,
  0x33,0x33,0x35,0x2e,0x35,0x39,0x2c,0x33,0x34,0x33,0x2e,0x32,0x34,0x35,0x6c,0x2d,
  0x31,0x39,0x2e,0x30,0x37,0x2c,0x31,0x39,0x2e,0x30,0x37,0x20,0x6c,0x2d,0x31,0x31,
  0x2e,0x39,0x37,0x31,0x2d,0x31,0x31,0x2e,0x39,0x37,0x31,0x63,0x33,0x2e,0x34,0x37,
  0x39,0x2d,0x32,0x2e,0x37,0x38,0x33,0x2c,0x36,0x2e,0x38,0x33,0x39,0x2d,0x35,0x2e,
  0x37,0x38,0x36,0x2c,0x31,0x30,0x2e,0x30,0x36,0x31,0x2d,0x39,0x2e,0x30,0x30,0x39,
  0x63,0x33,0x2e,0x32,0x30,0x39,0x2d,0x33,0x2e,0x32,0x30,0x38,0x2c,0x36,0x2e,0x32,
  0x31,0x37,0x2d,0x36,0x2e,0x35,0x36,0x37,0x2c,0x39,0x2e,0x30,0x31,0x36,0x2d,0x31,
  0x30,0x2e,0x30,0x35,0x36,0x4c,0x33,0x33,0x35,0x2e,0x35,0x39,0x2c,0x33,0x34,0x33,
  0x2e,0x32,0x34,0x35,0x7a,0x20,0x4d,0x32,0x33,0x37,0x2e,0x32,0x34,0x32,0x2c,0x31,
  0x38,0x2e,0x38,0x37,0x38,0x20,0x63,0x30,0x2d,0x31,0x2e,0x30,0x31,0x31,0x2c,0x30,
  0x2e,0x35,0x32,0x37,0x2d,0x31,0x2e,0x36,0x36,0x36,0x2c,0x30,0x2e,0x38,0x34,0x32,
  0x2d,0x31,0x2e,0x39,0x36,0x37,0x63,0x30,0x2e,0x33,0x30,0x37,0x2d,0x30,0x2e,0x32,
  0x39,0x34,0x2c,0x30,0x2e,0x39,0x34,0x37,0x2d,0x30,0x2e,0x37,0x39,0x35,0x2c,0x31,
  0x2e,0x39,0x35,0x35,0x2d,0x30,0x2e,0x37,0x33,0x39,0x63,0x31,0x32,0x34,0x2e,0x38,
  0x39,0x2c,0x35,0x2e,0x35,0x36,0x39,0x2c,0x32,0x32,0x33,0x2e,0x32,0x37,0x32,0x2c,
  0x31,0x30,0x33,0x2e,0x39,0x34,0x37,0x2c,0x32,0x32,0x38,0x2e,0x38,0x34,0x32,0x2c,
  0x32,0x32,0x38,0x2e,0x38,0x33,0x33,0x20,0x63,0x30,0x2e,0x30,0x34,0x33,0x2c,0x30,
  0x2e,0x39,0x38,0x33,0x2d,0x30,0x2e,0x34,0x34,0x35,0x2c,0x31,0x2e,0x36,0x34,0x37,
  0x2d,0x30,0x2e,0x37,0x34,0x31,0x2c,0x31,0x2e,0x39,0x35,0x35,0x63,0x2d,0x30,0x2e,
  0x33,0x30,0x31,0x2c,0x30,0x2e,0x33,0x31,0x35,0x2d,0x30,0x2e,0x39,0x35,0x37,0x2c,
  0x30,0x2e,0x38,0x34,0x32,0x2d,0x31,0x2e,0x39,0x36,0x38,0x2c,0x30,0x2e,0x38,0x34,
  0x32,0x68,0x2d,0x31,0x31,0x36,0x2e,0x32,0x37,0x63,0x2d,0x31,0x2e,0x38,0x34,0x36,
  0x2d,0x32,0x39,0x2e,0x34,0x39,0x2d,0x31,0x34,0x2e,0x32,0x31,0x35,0x2d,0x35,0x36,
  0x2e,0x39,0x36,0x31,0x2d,0x33,0x35,0x2e,0x32,0x39,0x34,0x2d,0x37,0x38,0x2e,0x30,
  0x33,0x38,0x20,0x63,0x2d,0x32,0x31,0x2e,0x35,0x31,0x33,0x2d,0x32,0x31,0x2e,0x35,
  0x31,0x33,0x2d,0x34,0x39,0x2e,0x31,0x36,0x34,0x2d,0x33,0x33,0x2e,0x32,0x34,0x32,
  0x2d,0x37,0x37,0x2e,0x33,0x36,0x37,0x2d,0x33,0x35,0x2e,0x31,0x38,0x38,0x4c,0x32,
  0x33,0x37,0x2e,0x32,0x34,0x32,0x2c,0x31,0x38,0x2e,0x38,0x37,0x38,0x4c,0x32,0x33,
  0x37,0x2e,0x32,0x34,0x32,0x2c,0x31,0x38,0x2e,0x38,0x37,0x38,0x7a,0x20,0x4d,0x32,
  0x32,0x38,0x2e,0x38,0x32,0x2c,0x31,0x35,0x30,0x2e,0x34,0x34,0x36,0x63,0x32,0x36,
  0x2e,0x39,0x32,0x37,0x2c,0x30,0x2c,0x35,0x33,0x2e,0x38,0x35,0x36,0x2c,0x31,0x30,
  0x2e,0x32,0x35,0x2c,0x37,0x34,0x2e,0x33,0x35,0x36,0x2c,0x33,0x30,0x2e,0x37,0x35,
  0x20,0x63,0x31,0x39,0x2e,0x38,0x36,0x31,0x2c,0x31,0x39,0x2e,0x38,0x36,0x2c,0x33,
  0x30,0x2e,0x37,0x39,0x39,0x2c,0x34,0x36,0x2e,0x32,0x36,0x36,0x2c,0x33,0x30,0x2e,
  0x37,0x39,0x39,0x2c,0x37,0x34,0x2e,0x33,0x35,0x33,0x63,0x30,0x2c,0x30,0x2e,0x30,
  0x32,0x34,0x2c,0x30,0x2c,0x30,0x2e,0x30,0x35,0x2c,0x30,0x2c,0x30,0x2e,0x30,0x37,
  0x33,0x63,0x2d,0x30,0x2e,0x30,0x30,0x33,0x2c,0x30,0x2e,0x30,0x38,0x37,0x2d,0x30,
  0x2e,0x30,0x30,0x34,0x2c,0x30,0x2e,0x31,0x37,0x36,0x2d,0x30,0x2e,0x30,0x30,0x34,
  0x2c,0x30,0x2e,0x32,0x36,0x33,0x20,0x63,0x30,0x2c,0x30,0x2e,0x30,0x37,0x32,0x2c,
  0x30,0x2e,0x30,0x30,0x31,0x2c,0x30,0x2e,0x31,0x34,0x33,0x2c,0x30,0x2e,0x30,0x30,
  0x33,0x2c,0x30,0x2e,0x32,0x31,0x36,0x63,0x2d,0x30,0x2e,0x31,0x30,0x37,0x2c,0x32,
  0x30,0x2e,0x38,0x39,0x38,0x2d,0x36,0x2e,0x32,0x37,0x2c,0x34,0x30,0x2e,0x38,0x34,
  0x35,0x2d,0x31,0x37,0x2e,0x36,0x36,0x2c,0x35,0x37,0x2e,0x38,0x33,0x34,0x63,0x2d,
  0x30,0x2e,0x32,0x33,0x2c,0x30,0x2e,0x32,0x39,0x32,0x2d,0x30,0x2e,0x34,0x33,0x34,
  0x2c,0x30,0x2e,0x35,0x39,0x37,0x2d,0x30,0x2e,0x36,0x31,0x38,0x2c,0x30,0x2e,0x39,
  0x31,0x31,0x20,0x63,0x2d,0x33,0x2e,0x36,0x36,0x31,0x2c,0x35,0x2e,0x33,0x33,0x39,
  0x2d,0x37,0x2e,0x38,0x34,0x33,0x2c,0x31,0x30,0x2e,0x33,0x38,0x2d,0x31,0x32,0x2e,
  0x35,0x32,0x2c,0x31,0x35,0x2e,0x30,0x35,0x36,0x63,0x2d,0x34,0x2e,0x38,0x31,0x31,
  0x2c,0x34,0x2e,0x38,0x31,0x2d,0x39,0x2e,0x39,0x37,0x31,0x2c,0x39,0x2e,0x30,0x35,
  0x33,0x2d,0x31,0x35,0x2e,0x34,0x30,0x35,0x2c,0x31,0x32,0x2e,0x37,0x33,0x34,0x63,
  0x2d,0x30,0x2e,0x30,0x37,0x31,0x2c,0x30,0x2e,0x30,0x34,0x37,0x2d,0x30,0x2e,0x31,
  0x34,0x34,0x2c,0x30,0x2e,0x30,0x39,0x36,0x2d,0x30,0x2e,0x32,0x31,0x35,0x2c,0x30,
  0x2e,0x31,0x34,0x36,0x20,0x63,0x2d,0x31,0x37,0x2e,0x36,0x38,0x33,0x2c,0x31,0x31,
  0x2e,0x39,0x31,0x35,0x2d,0x33,0x38,0x2e,0x32,0x30,0x36,0x2c,0x31,0x37,0x2e,0x38,
  0x37,0x31,0x2d,0x35,0x38,0x2e,0x37,0x33,0x37,0x2c,0x31,0x37,0x2e,0x38,0x36,0x39,
  0x63,0x2d,0x32,0x36,0x2e,0x39,0x32,0x35,0x2d,0x30,0x2e,0x30,0x30,0x32,0x2d,0x35,
  0x33,0x2e,0x38,0x35,0x39,0x2d,0x31,0x30,0x2e,0x32,0x35,0x32,0x2d,0x37,0x34,0x2e,
  0x33,0x35,0x36,0x2d,0x33,0x30,0x2e,0x37,0x35,0x63,0x2d,0x31,0x39,0x2e,0x38,0x36,
  0x31,0x2d,0x31,0x39,0x2e,0x38,0x36,0x2d,0x33,0x30,0x2e,0x37,0x39,0x39,0x2d,0x34,
  0x36,0x2e,0x32,0x36,0x36,0x2d,0x33,0x30,0x2e,0x37,0x39,0x39,0x2d,0x37,0x34,0x2e,
  0x33,0x35,0x33,0x20,0x73,0x31,0x30,0x2e,0x39,0x33,0x37,0x2d,0x35,0x34,0x2e,0x34,
  0x39,0x33,0x2c,0x33,0x30,0x2e,0x37,0x39,0x39,0x2d,0x37,0x34,0x2e,0x33,0x35,0x33,
  0x63,0x30,0x2c,0x30,0x2c,0x30,0x2c,0x30,0x2c,0x30,0x2e,0x30,0x30,0x31,0x2c,0x30,
  0x43,0x31,0x37,0x34,0x2e,0x39,0x36,0x33,0x2c,0x31,0x36,0x30,0x2e,0x36,0x39,0x35,
  0x2c,0x32,0x30,0x31,0x2e,0x38,0x39,0x32,0x2c,0x31,0x35,0x30,0x2e,0x34,0x34,0x36,
  0x2c,0x32,0x32,0x38,0x2e,0x38,0x32,0x2c,0x31,0x35,0x30,0x2e,0x34,0x34,0x36,0x7a,
  0x20,0x4d,0x32,0x32,0x39,0x2e,0x31,0x35,0x38,0x2c,0x34,0x34,0x31,0x2e,0x39,0x32,
  0x31,0x20,0x63,0x2d,0x31,0x30,0x32,0x2e,0x35,0x38,0x34,0x2c,0x30,0x2d,0x31,0x38,
  0x36,0x2e,0x30,0x34,0x32,0x2d,0x38,0x33,0x2e,0x34,0x35,0x36,0x2d,0x31,0x38,0x36,
  0x2e,0x30,0x34,0x32,0x2d,0x31,0x38,0x36,0x2e,0x30,0x33,0x36,0x63,0x30,0x2d,0x39,
  0x39,0x2e,0x38,0x36,0x39,0x2c,0x37,0x39,0x2e,0x31,0x31,0x33,0x2d,0x31,0x38,0x31,
  0x2e,0x36,0x31,0x31,0x2c,0x31,0x37,0x37,0x2e,0x39,0x35,0x38,0x2d,0x31,0x38,0x35,
  0x2e,0x38,0x36,0x32,0x76,0x36,0x34,0x2e,0x35,0x30,0x37,0x20,0x63,0x2d,0x32,0x38,
  0x2e,0x34,0x33,0x39,0x2c,0x31,0x2e,0x38,0x30,0x32,0x2d,0x35,0x36,0x2e,0x33,0x35,
  0x36,0x2c,0x31,0x33,0x2e,0x35,0x34,0x36,0x2d,0x37,0x38,0x2e,0x30,0x34,0x31,0x2c,
  0x33,0x35,0x2e,0x32,0x33,0x32,0x63,0x2d,0x32,0x32,0x2e,0x39,0x31,0x36,0x2c,0x32,
  0x32,0x2e,0x39,0x31,0x34,0x2d,0x33,0x35,0x2e,0x35,0x33,0x36,0x2c,0x35,0x33,0x2e,
  0x33,0x38,0x31,0x2d,0x33,0x35,0x2e,0x35,0x33,0x36,0x2c,0x38,0x35,0x2e,0x37,0x38,
  0x36,0x73,0x31,0x32,0x2e,0x36,0x32,0x2c,0x36,0x32,0x2e,0x38,0x37,0x33,0x2c,0x33,
  0x35,0x2e,0x35,0x33,0x35,0x2c,0x38,0x35,0x2e,0x37,0x38,0x36,0x20,0x63,0x34,0x30,
  0x2e,0x30,0x37,0x35,0x2c,0x34,0x30,0x2e,0x30,0x37,0x34,0x2c,0x31,0x30,0x31,0x2e,
  0x34,0x33,0x34,0x2c,0x34,0x36,0x2e,0x32,0x30,0x31,0x2c,0x31,0x34,0x38,0x2e,0x30,
  0x31,0x38,0x2c,0x31,0x38,0x2e,0x33,0x37,0x36,0x6c,0x31,0x34,0x2e,0x38,0x32,0x32,
  0x2c,0x31,0x34,0x2e,0x38,0x32,0x31,0x63,0x2d,0x32,0x2e,0x34,0x35,0x2c,0x34,0x2e,
  0x33,0x37,0x31,0x2d,0x33,0x2e,0x37,0x35,0x33,0x2c,0x39,0x2e,0x33,0x31,0x38,0x2d,
  0x33,0x2e,0x37,0x35,0x33,0x2c,0x31,0x34,0x2e,0x34,0x36,0x36,0x20,0x63,0x30,0x2c,
  0x37,0x2e,0x39,0x32,0x2c,0x33,0x2e,0x30,0x38,0x35,0x2c,0x31,0x35,0x2e,0x33,0x36,
  0x38,0x2c,0x38,0x2e,0x36,0x37,0x39,0x2c,0x32,0x30,0x2e,0x39,0x36,0x31,0x6c,0x38,
  0x2e,0x36,0x30,0x39,0x2c,0x38,0x2e,0x36,0x33,0x32,0x43,0x32,0x39,0x31,0x2e,0x38,
  0x38,0x37,0x2c,0x34,0x33,0x33,0x2e,0x38,0x38,0x32,0x2c,0x32,0x36,0x30,0x2e,0x38,
  0x39,0x35,0x2c,0x34,0x34,0x31,0x2e,0x39,0x32,0x31,0x2c,0x32,0x32,0x39,0x2e,0x31,
  0x35,0x38,0x2c,0x34,0x34,0x31,0x2e,0x39,0x32,0x31,0x7a,0x20,0x4d,0x34,0x36,0x34,
  0x2e,0x39,0x33,0x34,0x2c,0x34,0x36,0x31,0x2e,0x33,0x39,0x6c,0x2d,0x33,0x30,0x2e,
  0x35,0x30,0x35,0x2c,0x33,0x30,0x2e,0x35,0x30,0x33,0x20,0x63,0x2d,0x32,0x2e,0x35,
  0x34,0x36,0x2c,0x32,0x2e,0x35,0x34,0x37,0x2d,0x35,0x2e,0x39,0x33,0x33,0x2c,0x33,
  0x2e,0x39,0x34,0x39,0x2d,0x39,0x2e,0x35,0x33,0x35,0x2c,0x33,0x2e,0x39,0x34,0x39,
  0x73,0x2d,0x36,0x2e,0x39,0x38,0x38,0x2d,0x31,0x2e,0x34,0x30,0x32,0x2d,0x39,0x2e,
  0x35,0x32,0x39,0x2d,0x33,0x2e,0x39,0x34,0x33,0x6c,0x2d,0x37,0x37,0x2e,0x30,0x35,
  0x33,0x2d,0x37,0x37,0x2e,0x32,0x34,0x38,0x63,0x2d,0x30,0x2e,0x30,0x37,0x39,0x2d,
  0x30,0x2e,0x30,0x38,0x33,0x2d,0x30,0x2e,0x31,0x36,0x2d,0x30,0x2e,0x31,0x36,0x34,
  0x2d,0x30,0x2e,0x32,0x34,0x33,0x2d,0x30,0x2e,0x32,0x34,0x33,0x20,0x6c,0x2d,0x31,
  0x35,0x2e,0x38,0x33,0x34,0x2d,0x31,0x35,0x2e,0x38,0x37,0x34,0x63,0x2d,0x32,0x2e,
  0x35,0x34,0x36,0x2d,0x32,0x2e,0x35,0x34,0x37,0x2d,0x33,0x2e,0x39,0x34,0x39,0x2d,
  0x35,0x2e,0x39,0x33,0x33,0x2d,0x33,0x2e,0x39,0x34,0x39,0x2d,0x39,0x2e,0x35,0x33,
  0x35,0x63,0x30,0x2d,0x33,0x2e,0x36,0x30,0x31,0x2c,0x31,0x2e,0x34,0x30,0x33,0x2d,
  0x36,0x2e,0x39,0x38,0x38,0x2c,0x33,0x2e,0x39,0x34,0x39,0x2d,0x39,0x2e,0x35,0x33,
  0x34,0x6c,0x33,0x30,0x2e,0x35,0x30,0x35,0x2d,0x33,0x30,0x2e,0x35,0x30,0x33,0x20,
  0x63,0x35,0x2e,0x32,0x35,0x36,0x2d,0x35,0x2e,0x32,0x35,0x37,0x2c,0x31,0x33,0x2e,
  0x38,0x31,0x31,0x2d,0x35,0x2e,0x32,0x35,0x39,0x2c,0x31,0x39,0x2e,0x30,0x36,0x39,
  0x2c,0x30,0x6c,0x31,0x35,0x2e,0x38,0x33,0x33,0x2c,0x31,0x35,0x2e,0x38,0x37,0x33,
  0x63,0x30,0x2e,0x30,0x37,0x37,0x2c,0x30,0x2e,0x30,0x38,0x2c,0x30,0x2e,0x31,0x35,
  0x35,0x2c,0x30,0x2e,0x31,0x35,0x38,0x2c,0x30,0x2e,0x32,0x33,0x35,0x2c,0x30,0x2e,
  0x32,0x33,0x35,0x6c,0x37,0x37,0x2e,0x30,0x35,0x35,0x2c,0x37,0x37,0x2e,0x32,0x35,
  0x31,0x20,0x63,0x32,0x2e,0x35,0x34,0x36,0x2c,0x32,0x2e,0x35,0x34,0x37,0x2c,0x33,
  0x2e,0x39,0x34,0x38,0x2c,0x35,0x2e,0x39,0x33,0x33,0x2c,0x33,0x2e,0x39,0x34,0x38,
  0x2c,0x39,0x2e,0x35,0x33,0x35,0x43,0x34,0x36,0x38,0x2e,0x38,0x38,0x32,0x2c,0x34,
  0x35,0x35,0x2e,0x34,0x35,0x37,0x2c,0x34,0x36,0x37,0x2e,0x34,0x38,0x2c,0x34,0x35,
  0x38,0x2e,0x38,0x34,0x34,0x2c,0x34,0x36,0x34,0x2e,0x39,0x33,0x34,0x2c,0x34,0x36,
  0x31,0x2e,0x33,0x39,0x7a,0x20,0x4d,0x31,0x36,0x39,0x2e,0x37,0x32,0x32,0x2c,0x33,
  0x31,0x34,0x2e,0x36,0x34,0x36,0x20,0x63,0x31,0x36,0x2e,0x32,0x39,0x32,0x2c,0x31,
  0x36,0x2e,0x32,0x39,0x32,0x2c,0x33,0x37,0x2e,0x36,0x39,0x36,0x2c,0x32,0x34,0x2e,
  0x34,0x33,0x39,0x2c,0x35,0x39,0x2e,0x30,0x39,0x38,0x2c,0x32,0x34,0x2e,0x34,0x33,
  0x39,0x73,0x34,0x32,0x2e,0x38,0x30,0x35,0x2d,0x38,0x2e,0x31,0x34,0x37,0x2c,0x35,
  0x39,0x2e,0x30,0x39,0x38,0x2d,0x32,0x34,0x2e,0x34,0x33,0x39,0x63,0x31,0x35,0x2e,
  0x37,0x38,0x37,0x2d,0x31,0x35,0x2e,0x37,0x38,0x36,0x2c,0x32,0x34,0x2e,0x34,0x38,
  0x2d,0x33,0x36,0x2e,0x37,0x37,0x33,0x2c,0x32,0x34,0x2e,0x34,0x38,0x2d,0x35,0x39,
  0x2e,0x30,0x39,0x37,0x20,0x63,0x30,0x2d,0x32,0x32,0x2e,0x33,0x32,0x34,0x2d,0x38,
  0x2e,0x36,0x39,0x33,0x2d,0x34,0x33,0x2e,0x33,0x31,0x32,0x2d,0x32,0x34,0x2e,0x34,
  0x38,0x2d,0x35,0x39,0x2e,0x30,0x39,0x37,0x63,0x2d,0x33,0x32,0x2e,0x35,0x38,0x35,
  0x2d,0x33,0x32,0x2e,0x35,0x38,0x36,0x2d,0x38,0x35,0x2e,0x36,0x31,0x31,0x2d,0x33,
  0x32,0x2e,0x35,0x38,0x36,0x2d,0x31,0x31,0x38,0x2e,0x31,0x39,0x35,0x2c,0x30,0x63,
  0x2d,0x31,0x35,0x2e,0x37,0x38,0x37,0x2c,0x31,0x35,0x2e,0x37,0x38,0x35,0x2d,0x32,
  0x34,0x2e,0x34,0x38,0x2c,0x33,0x36,0x2e,0x37,0x37,0x33,0x2d,0x32,0x34,0x2e,0x34,
  0x38,0x2c,0x35,0x39,0x2e,0x30,0x39,0x38,0x20,0x43,0x31,0x34,0x35,0x2e,0x32,0x34,
  0x32,0x2c,0x32,0x37,0x37,0x2e,0x38,0x37,0x33,0x2c,0x31,0x35,0x33,0x2e,0x39,0x33,
  0x36,0x2c,0x32,0x39,0x38,0x2e,0x38,0x36,0x2c,0x31,0x36,0x39,0x2e,0x37,0x32,0x32,
  0x2c,0x33,0x31,0x34,0x2e,0x36,0x34,0x36,0x7a,0x20,0x4d,0x31,0x38,0x31,0x2e,0x31,
  0x35,0x33,0x2c,0x32,0x30,0x37,0x2e,0x38,0x38,0x36,0x4c,0x31,0x38,0x31,0x2e,0x31,
  0x35,0x33,0x2c,0x32,0x30,0x37,0x2e,0x38,0x38,0x36,0x63,0x31,0x33,0x2e,0x31,0x34,
  0x32,0x2d,0x31,0x33,0x2e,0x31,0x34,0x32,0x2c,0x33,0x30,0x2e,0x34,0x30,0x34,0x2d,
  0x31,0x39,0x2e,0x37,0x31,0x33,0x2c,0x34,0x37,0x2e,0x36,0x36,0x37,0x2d,0x31,0x39,
  0x2e,0x37,0x31,0x33,0x20,0x73,0x33,0x34,0x2e,0x35,0x32,0x34,0x2c,0x36,0x2e,0x35,
  0x37,0x31,0x2c,0x34,0x37,0x2e,0x36,0x36,0x37,0x2c,0x31,0x39,0x2e,0x37,0x31,0x33,
  0x63,0x31,0x32,0x2e,0x37,0x33,0x32,0x2c,0x31,0x32,0x2e,0x37,0x33,0x31,0x2c,0x31,
  0x39,0x2e,0x37,0x34,0x33,0x2c,0x32,0x39,0x2e,0x36,0x35,0x38,0x2c,0x31,0x39,0x2e,
  0x37,0x34,0x33,0x2c,0x34,0x37,0x2e,0x36,0x36,0x33,0x73,0x2d,0x37,0x2e,0x30,0x31,
  0x32,0x2c,0x33,0x34,0x2e,0x39,0x33,0x32,0x2d,0x31,0x39,0x2e,0x37,0x34,0x33,0x2c,
  0x34,0x37,0x2e,0x36,0x36,0x33,0x20,0x63,0x2d,0x32,0x36,0x2e,0x32,0x38,0x34,0x2c,
  0x32,0x36,0x2e,0x32,0x38,0x31,0x2d,0x36,0x39,0x2e,0x30,0x34,0x39,0x2c,0x32,0x36,
  0x2e,0x32,0x38,0x32,0x2d,0x39,0x35,0x2e,0x33,0x33,0x32,0x2c,0x30,0x63,0x2d,0x31,
  0x32,0x2e,0x37,0x33,0x32,0x2d,0x31,0x32,0x2e,0x37,0x33,0x31,0x2d,0x31,0x39,0x2e,
  0x37,0x34,0x33,0x2d,0x32,0x39,0x2e,0x36,0x35,0x38,0x2d,0x31,0x39,0x2e,0x37,0x34,
  0x33,0x2d,0x34,0x37,0x2e,0x36,0x36,0x32,0x20,0x43,0x31,0x36,0x31,0x2e,0x34,0x31,
  0x31,0x2c,0x32,0x33,0x37,0x2e,0x35,0x34,0x34,0x2c,0x31,0x36,0x38,0x2e,0x34,0x32,
  0x32,0x2c,0x32,0x32,0x30,0x2e,0x36,0x31,0x37,0x2c,0x31,0x38,0x31,0x2e,0x31,0x35,
  0x33,0x2c,0x32,0x30,0x37,0x2e,0x38,0x38,0x36,0x7a,0x22,0x2f,0x3e,0x20,0x3c,0x2f,
  0x67,0x3e,0xa,0xd,0x3c,0x2f,0x73,0x76,0x67,0x3e,
    // /home/etapadmin/Masaüstü/e-ag-qt6/dds/dds-monitor/icons/senddesktop.svg
  0x0,0x0,0x12,0x4e,
  0x3c,
  0x3f,0x78,0x6d,0x6c,0x20,0x76,0x65,0x72,0x73,0x69,0x6f,0x6e,0x3d,0x22,0x31,0x2e,
  0x30,0x22,0x20,0x65,0x6e,0x63,0x6f,0x64,0x69,0x6e,0x67,0x3d,0x22,0x55,0x54,0x46,
  0x2d,0x38,0x22,0x20,0x73,0x74,0x61,0x6e,0x64,0x61,0x6c,0x6f,0x6e,0x65,0x3d,0x22,
  0x6e,0x6f,0x22,0x3f,0x3e,0xa,0x3c,0x21,0x2d,0x2d,0x20,0x47,0x65,0x6e,0x65,0x72,
  0x61,0x74,0x6f,0x72,0x3a,0x20,0x41,0x64,0x6f,0x62,0x65,0x20,0x49,0x6c,0x6c,0x75,
  0x73,0x74,0x72,0x61,0x74,0x6f,0x72,0x20,0x31,0x39,0x2e,0x30,0x2e,0x30,0x2c,0x20,
  0x53,0x56,0x47,0x20,0x45,0x78,0x70,0x6f,0x72,0x74,0x20,0x50,0x6c,0x75,0x67,0x2d,
  0x49,0x6e,0x20,0x2e,0x20,0x53,0x56,0x47,0x20,0x56,0x65,0x72,0x73,0x69,0x6f,0x6e,
  0x3a,0x20,0x36,0x2e,0x30,0x30,0x20,0x42,0x75,0x69,0x6c,0x64,0x20,0x30,0x29,0x20,
  0x20,0x2d,0x2d,0x3e,0xa,0xa,0x3c,0x73,0x76,0x67,0xa,0x20,0x20,0x20,0x76,0x65,
  0x72,0x73,0x69,0x6f,0x6e,0x3d,0x22,0x31,0x2e,0x31,0x22,0xa,0x20,0x20,0x20,0x69,
  0x64,0x3d,0x22,0x4c,0x61,0x79,0x65,0x72,0x5f,0x31,0x22,0xa,0x20,0x20,0x20,0x78,
  0x3d,0x22,0x30,0x70,0x78,0x22,0xa,0x20,0x20,0x20,0x79,0x3d,0x22,0x30,0x70,0x78,
  0x22,0xa,0x20,0x20,0x20,0x76,0x69,0x65,0x77,0x42,0x6f,0x78,0x3d,0x22,0x30,0x20,
  0x30,0x20,0x34,0x38,0x39,0x2e,0x38,0x20,0x34,0x38,0x39,0x2e,0x38,0x22,0xa,0x20,
  0x20,0x20,0x73,0x74,0x79,0x6c,0x65,0x3d,0x22,0x65,0x6e,0x61,0x62,0x6c,0x65,0x2d,
  0x62,0x61,0x63,0x6b,0x67,0x72,0x6f,0x75,0x6e,0x64,0x3a,0x6e,0x65,0x77,0x20,0x30,
  0x20,0x30,0x20,0x34,0x38,0x39,0x2e,0x38,0x20,0x34,0x38,0x39,0x2e,0x38,0x3b,0x22,
  0xa,0x20,0x20,0x20,0x78,0x6d,0x6c,0x3a,0x73,0x70,0x61,0x63,0x65,0x3d,0x22,0x70,
  0x72,0x65,0x73,0x65,0x72,0x76,0x65,0x22,0xa,0x20,0x20,0x20,0x73,0x6f,0x64,0x69,
  0x70,0x6f,0x64,0x69,0x3a,0x64,0x6f,0x63,0x6e,0x61,0x6d,0x65,0x3d,0x22,0x73,0x65,
  0x6e,0x64,0x64,0x65,0x73,0x6b,0x74,0x6f,0x70,0x66,0x69,0x6c,0x65,0x2e,0x73,0x76,
  0x67,0x22,0xa,0x20,0x20,0x20,0x69,0x6e,0x6b,0x73,0x63,0x61,0x70,0x65,0x3a,0x76,
  0x65,0x72,0x73,0x69,0x6f,0x6e,0x3d,0x22,0x31,0x2e,0x32,0x2e,0x32,0x20,0x28,0x62,
  0x30,0x61,0x38,0x34,0x38,0x36,0x35,0x34,0x31,0x2c,0x20,0x32,0x30,0x32,0x32,0x2d,
  0x31,0x32,0x2d,0x30,0x31,0x29,0x22,0xa,0x20,0x20,0x20,0x78,0x6d,0x6c,0x6e,0x73,
  0x3a,0x69,0x6e,0x6b,0x73,0x63,0x61,0x70,0x65,0x3d,0x22,0x68,0x74,0x74,0x70,0x3a,
  0x2f,0x2f,0x77,0x77,0x77,0x2e,0x69,0x6e,0x6b,0x73,0x63,0x61,0x70,0x65,0x2e,0x6f,
  0x72,0x67,0x2f,0x6e,0x61,0x6d,0x65,0x73,0x70,0x61,0x63,0x65,0x73,0x2f,0x69,0x6e,
  0x6b,0x73,0x63,0x61,0x70,0x65,0x22,0xa,0x20,0x20,0x20,0x78,0x6d,0x6c,0x6e,0x73,
  0x3a,0x73,0x6f,0x64,0x69,0x70,0x6f,0x64,0x69,0x3d,0x22,0x68,0x74,0x74,0x70,0x3a,
  0x2f,0x2f,0x73,0x6f,0x64,0x69,0x70,0x6f,0x64,0x69,0x2e,0x73,0x6f,0x75,0x72,0x63,
  0x65,0x66,0x6f,0x72,0x67,0x65,0x2e,0x6e,0x65,0x74,0x2f,0x44,0x54,0x44,0x2f,0x73,
  0x6f,0x64,0x69,0x70,0x6f,0x64,0x69,0x2d,0x30,0x2e,0x64,0x74,0x64,0x22,0xa,0x20,
  0x20,0x20,0x78,0x6d,0x6c,0x6e,0x73,0x3d,0x22,0x68,0x74,0x74,0x70,0x3a,0x2f,0x2f,
  0x77,0x77,0x77,0x2e,0x77,0x33,0x2e,0x6f,0x72,0x67,0x2f,0x32,0x30,0x30,0x30,0x2f,
  0x73,0x76,0x67,0x22,0xa,0x20,0x20,0x20,0x78,0x6d,0x6c,0x6e,0x73,0x3a,0x73,0x76,
  0x67,0x3d,0x22,0x68,0x74,0x74,0x70,0x3a,0x2f,0x2f,0x77,0x77,0x77,0x2e,0x77,0x33,
  0x2e,0x6f,0x72,0x67,0x2f,0x32,0x30,0x30,0x30,0x2f,0x73,0x76,0x67,0x22,0xa,0x20,
  0x20,0x20,0x78,0x6d,0x6c,0x6e,0x73,0x3a,0x72,0x64,0x66,0x3d,0x22,0x68,0x74,0x74,
  0x70,0x3a,0x2f,0x2f,0x77,0x77,0x77,0x2e,0x77,0x33,0x2e,0x6f,0x72,0x67,0x2f,0x31,
  0x39,0x39,0x39,0x2f,0x30,0x32,0x2f,0x32,0x32,0x2d,0x72,0x64,0x66,0x2d,0x73,0x79,
  0x6e,0x74,0x61,0x78,0x2d,0x6e,0x73,0x23,0x22,0xa,0x20,0x20,0x20,0x78,0x6d,0x6c,
  0x6e,0x73,0x3a,0x63,0x63,0x3d,0x22,0x68,0x74,0x74,0x70,0x3a,0x2f,0x2f,0x63,0x72,
  0x65,0x61,0x74,0x69,0x76,0x65,0x63,0x6f,0x6d,0x6d,0x6f,0x6e,0x73,0x2e,0x6f,0x72,
  0x67,0x2f,0x6e,0x73,0x23,0x22,0xa,0x20,0x20,0x20,0x78,0x6d,0x6c,0x6e,0x73,0x3a,
  0x64,0x63,0x3d,0x22,0x68,0x74,0x74,0x70,0x3a,0x2f,0x2f,0x70,0x75,0x72,0x6c,0x2e,
  0x6f,0x72,0x67,0x2f,0x64,0x63,0x2f,0x65,0x6c,0x65,0x6d,0x65,0x6e,0x74,0x73,0x2f,
  0x31,0x2e,0x31,0x2f,0x22,0x3e,0x3c,0x6d,0x65,0x74,0x61,0x64,0x61,0x74,0x61,0xa,
  0x20,0x20,0x20,0x69,0x64,0x3d,0x22,0x6d,0x65,0x74,0x61,0x64,0x61,0x74,0x61,0x34,
  0x38,0x22,0x3e,0x3c,0x72,0x64,0x66,0x3a,0x52,0x44,0x46,0x3e,0x3c,0x63,0x63,0x3a,
  0x57,0x6f,0x72,0x6b,0xa,0x20,0x20,0x20,0x20,0x20,0x20,0x20,0x72,0x64,0x66,0x3a,
  0x61,0x62,0x6f,0x75,0x74,0x3d,0x22,0x22,0x3e,0x3c,0x64,0x63,0x3a,0x66,0x6f,0x72,
  0x6d,0x61,0x74,0x3e,0x69,0x6d,0x61,0x67,0x65,0x2f,0x73,0x76,0x67,0x2b,0x78,0x6d,
  0x6c,0x3c,0x2f,0x64,0x63,0x3a,0x66,0x6f,0x72,0x6d,0x61,0x74,0x3e,0x3c,0x64,0x63,
  0x3a,0x74,0x79,0x70,0x65,0xa,0x20,0x20,0x20,0x20,0x20,0x20,0x20,0x20,0x20,0x72,
  0x64,0x66,0x3a,0x72,0x65,0x73,0x6f,0x75,0x72,0x63,0x65,0x3d,0x22,0x68,0x74,0x74,
  0x70,0x3a,0x2f,0x2f,0x70,0x75,0x72,0x6c,0x2e,0x6f,0x72,0x67,0x2f,0x64,0x63,0x2f,
  0x64,0x63,0x6d,0x69,0x74,0x79,0x70,0x65,0x2f,0x53,0x74,0x69,0x6c,0x6c,0x49,0x6d,
  0x61,0x67,0x65,0x22,0x20,0x2f,0x3e,0x3c,0x64,0x63,0x3a,0x74,0x69,0x74,0x6c,0x65,
  0x20,0x2f,0x3e,0x3c,0x2f,0x63,0x63,0x3a,0x57,0x6f,0x72,0x6b,0x3e,0x3c,0x2f,0x72,
  0x64,0x66,0x3a,0x52,0x44,0x46,0x3e,0x3c,0x2f,0x6d,0x65,0x74,0x61,0x64,0x61,0x74,
  0x61,0x3e,0x3c,0x64,0x65,0x66,0x73,0xa,0x20,0x20,0x20,0x69,0x64,0x3d,0x22,0x64,
  0x65,0x66,0x73,0x34,0x36,0x22,0x20,0x2f,0x3e,0x3c,0x73,0x6f,0x64,0x69,0x70,0x6f,
  0x64,0x69,0x3a,0x6e,0x61,0x6d,0x65,0x64,0x76,0x69,0x65,0x77,0xa,0x20,0x20,0x20,
  0x70,0x61,0x67,0x65,0x63,0x6f,0x6c,0x6f,0x72,0x3d,0x22,0x23,0x66,0x66,0x66,0x66,
  0x66,0x66,0x22,0xa,0x20,0x20,0x20,0x62,0x6f,0x72,0x64,0x65,0x72,0x63,0x6f,0x6c,
  0x6f,0x72,0x3d,0x22,0x23,0x36,0x36,0x36,0x36,0x36,0x36,0x22,0xa,0x20,0x20,0x20,
  0x62,0x6f,0x72,0x64,0x65,0x72,0x6f,0x70,0x61,0x63,0x69,0x74,0x79,0x3d,0x22,0x31,
  0x22,0xa,0x20,0x20,0x20,0x6f,0x62,0x6a,0x65,0x63,0x74,0x74,0x6f,0x6c,0x65,0x72,
  0x61,0x6e,0x63,0x65,0x3d,0x22,0x31,0x30,0x22,0xa,0x20,0x20,0x20,0x67,0x72,0x69,
  0x64,0x74,0x6f,0x6c,0x65,0x72,0x61,0x6e,0x63,0x65,0x3d,0x22,0x31,0x30,0x22,0xa,
  0x20,0x20,0x20,0x67,0x75,0x69,0x64,0x65,0x74,0x6f,0x6c,0x65,0x72,0x61,0x6e,0x63,
  0x65,0x3d,0x22,0x31,0x30,0x22,0xa,0x20,0x20,0x20,0x69,0x6e,0x6b,0x73,0x63,0x61,
  0x70,0x65,0x3a,0x70,0x61,0x67,0x65,0x6f,0x70,0x61,0x63,0x69,0x74,0x79,0x3d,0x22,
  0x30,0x22,0xa,0x20,0x20,0x20,0x69,0x6e,0x6b,0x73,0x63,0x61,0x70,0x65,0x3a,0x70,
  0x61,0x67,0x65,0x73,0x68,0x61,0x64,0x6f,0x77,0x3d,0x22,0x32,0x22,0xa,0x20,0x20,
  0x20,0x69,0x6e,0x6b,0x73,0x63,0x61,0x70,0x65,0x3a,0x77,0x69,0x6e,0x64,0x6f,0x77,
  0x2d,0x77,0x69,0x64,0x74,0x68,0x3d,0x22,0x31,0x33,0x36,0x36,0x22,0xa,0x20,0x20,
  0x20,0x69,0x6e,0x6b,0x73,0x63,0x61,0x70,0x65,0x3a,0x77,0x69,0x6e,0x64,0x6f,0x77,
  0x2d,0x68,0x65,0x69,0x67,0x68,0x74,0x3d,0x22,0x36,0x36,0x37,0x22,0xa,0x20,0x20,
  0x20,0x69,0x64,0x3d,0x22,0x6e,0x61,0x6d,0x65,0x64,0x76,0x69,0x65,0x77,0x34,0x34,
  0x22,0xa,0x20,0x20,0x20,0x73,0x68,0x6f,0x77,0x67,0x72,0x69,0x64,0x3d,0x22,0x66,
  0x61,0x6c,0x73,0x65,0x22,0xa,0x20,0x20,0x20,0x69,0x6e,0x6b,0x73,0x63,0x61,0x70,
  0x65,0x3a,0x7a,0x6f,0x6f,0x6d,0x3d,0x22,0x30,0x2e,0x34,0x38,0x31,0x38,0x32,0x39,
  0x33,0x33,0x22,0xa,0x20,0x20,0x20,0x69,0x6e,0x6b,0x73,0x63,0x61,0x70,0x65,0x3a,
  0x63,0x78,0x3d,0x22,0x32,0x33,0x34,0x2e,0x35,0x32,0x32,0x38,0x38,0x22,0xa,0x20,
  0x20,0x20,0x69,0x6e,0x6b,0x73,0x63,0x61,0x70,0x65,0x3a,0x63,0x79,0x3d,0x22,0x32,
  0x34,0x34,0x2e,0x38,0x39,0x39,0x39,0x39,0x22,0xa,0x20,0x20,0x20,0x69,0x6e,0x6b,
  0x73,0x63,0x61,0x70,0x65,0x3a,0x77,0x69,0x6e,0x64,0x6f,0x77,0x2d,0x78,0x3d,0x22,
  0x30,0x22,0xa,0x20,0x20,0x20,0x69,0x6e,0x6b,0x73,0x63,0x61,0x70,0x65,0x3a,0x77,
  0x69,0x6e,0x64,0x6f,0x77,0x2d,0x79,0x3d,0x22,0x30,0x22,0xa,0x20,0x20,0x20,0x69,
  0x6e,0x6b,0x73,0x63,0x61,0x70,0x65,0x3a,0x77,0x69,0x6e,0x64,0x6f,0x77,0x2d,0x6d,
  0x61,0x78,0x69,0x6d,0x69,0x7a,0x65,0x64,0x3d,0x22,0x31,0x22,0xa,0x20,0x20,0x20,
  0x69,0x6e,0x6b,0x73,0x63,0x61,0x70,0x65,0x3a,0x63,0x75,0x72,0x72,0x65,0x6e,0x74,
  0x2d,0x6c,0x61,0x79,0x65,0x72,0x3d,0x22,0x4c,0x61,0x79,0x65,0x72,0x5f,0x31,0x22,
  0xa,0x20,0x20,0x20,0x69,0x6e,0x6b,0x73,0x63,0x61,0x70,0x65,0x3a,0x73,0x68,0x6f,
  0x77,0x70,0x61,0x67,0x65,0x73,0x68,0x61,0x64,0x6f,0x77,0x3d,0x22,0x32,0x22,0xa,
  0x20,0x20,0x20,0x69,0x6e,0x6b,0x73,0x63,0x61,0x70,0x65,0x3a,0x70,0x61,0x67,0x65,
  0x63,0x68,0x65,0x63,0x6b,0x65,0x72,0x62,0x6f,0x61,0x72,0x64,0x3d,0x22,0x30,0x22,
  0xa,0x20,0x20,0x20,0x69,0x6e,0x6b,0x73,0x63,0x61,0x70,0x65,0x3a,0x64,0x65,0x73,
  0x6b,0x63,0x6f,0x6c,0x6f,0x72,0x3d,0x22,0x23,0x64,0x31,0x64,0x31,0x64,0x31,0x22,
  0x20,0x2f,0x3e,0xa,0x3c,0x67,0xa,0x20,0x20,0x20,0x69,0x64,0x3d,0x22,0x67,0x31,
  0x31,0x22,0xa,0x20,0x20,0x20,0x74,0x72,0x61,0x6e,0x73,0x66,0x6f,0x72,0x6d,0x3d,
  0x22,0x6d,0x61,0x74,0x72,0x69,0x78,0x28,0x30,0x2e,0x38,0x39,0x38,0x33,0x30,0x35,
  0x30,0x39,0x2c,0x30,0x2c,0x30,0x2c,0x30,0x2e,0x37,0x39,0x30,0x31,0x34,0x39,0x33,
  0x2c,0x32,0x34,0x2e,0x39,0x30,0x35,0x30,0x37,0x37,0x2c,0x2d,0x31,0x30,0x2e,0x38,
  0x37,0x30,0x32,0x38,0x29,0x22,0x3e,0xa,0x9,0x3c,0x67,0xa,0x20,0x20,0x20,0x69,
  0x64,0x3d,0x22,0x67,0x39,0x22,0x3e,0xa,0x9,0x9,0x3c,0x70,0x61,0x74,0x68,0xa,
  0x20,0x20,0x20,0x69,0x64,0x3d,0x22,0x58,0x4d,0x4c,0x49,0x44,0x5f,0x32,0x30,0x34,
  0x39,0x5f,0x22,0xa,0x20,0x20,0x20,0x73,0x74,0x79,0x6c,0x65,0x3d,0x22,0x66,0x69,
  0x6c,0x6c,0x3a,0x23,0x33,0x63,0x39,0x32,0x63,0x61,0x22,0xa,0x20,0x20,0x20,0x64,
  0x3d,0x22,0x4d,0x20,0x33,0x34,0x30,0x2c,0x32,0x31,0x31,0x2e,0x39,0x20,0x48,0x20,
  0x31,0x34,0x39,0x2e,0x36,0x20,0x63,0x20,0x2d,0x36,0x2e,0x36,0x2c,0x30,0x20,0x2d,
  0x31,0x32,0x2c,0x2d,0x35,0x2e,0x34,0x20,0x2d,0x31,0x32,0x2c,0x2d,0x31,0x32,0x20,
  0x56,0x20,0x36,0x38,0x2e,0x31,0x20,0x63,0x20,0x30,0x2c,0x2d,0x36,0x2e,0x36,0x20,
  0x35,0x2e,0x34,0x2c,0x2d,0x31,0x32,0x20,0x31,0x32,0x2c,0x2d,0x31,0x32,0x20,0x48,
  0x20,0x33,0x34,0x30,0x20,0x63,0x20,0x36,0x2e,0x36,0x2c,0x30,0x20,0x31,0x32,0x2c,
  0x35,0x2e,0x34,0x20,0x31,0x32,0x2c,0x31,0x32,0x20,0x76,0x20,0x31,0x33,0x31,0x2e,
  0x38,0x20,0x63,0x20,0x30,0x2c,0x36,0x2e,0x36,0x20,0x2d,0x35,0x2e,0x34,0x2c,0x31,
  0x32,0x20,0x2d,0x31,0x32,0x2c,0x31,0x32,0x20,0x7a,0x22,0x20,0x2f,0x3e,0xa,0x9,
  0x9,0x3c,0x70,0x61,0x74,0x68,0xa,0x20,0x20,0x20,0x64,0x3d,0x22,0x6d,0x20,0x32,
  0x35,0x2e,0x33,0x2c,0x34,0x34,0x32,0x2e,0x37,0x20,0x68,0x20,0x39,0x31,0x2e,0x32,
  0x20,0x63,0x20,0x31,0x34,0x2c,0x30,0x20,0x32,0x35,0x2e,0x33,0x2c,0x2d,0x31,0x31,
  0x2e,0x34,0x20,0x32,0x35,0x2e,0x33,0x2c,0x2d,0x32,0x35,0x2e,0x33,0x20,0x56,0x20,
  0x33,0x36,0x38,0x20,0x63,0x20,0x30,0x2c,0x2d,0x31,0x34,0x20,0x2d,0x31,0x31,0x2e,
  0x34,0x2c,0x2d,0x32,0x35,0x2e,0x33,0x20,0x2d,0x32,0x35,0x2e,0x33,0x2c,0x2d,0x32,
  0x35,0x2e,0x33,0x20,0x48,0x20,0x38,0x30,0x20,0x56,0x20,0x33,0x30,0x30,0x20,0x63,
  0x20,0x30,0x2c,0x2d,0x37,0x2e,0x35,0x20,0x36,0x2e,0x31,0x2c,0x2d,0x31,0x33,0x2e,
  0x37,0x20,0x31,0x33,0x2e,0x37,0x2c,0x2d,0x31,0x33,0x2e,0x37,0x20,0x68,0x20,0x31,
  0x34,0x32,0x2e,0x31,0x20,0x76,0x20,0x35,0x36,0x2e,0x34,0x20,0x68,0x20,0x2d,0x33,
  0x36,0x2e,0x35,0x20,0x63,0x20,0x2d,0x31,0x34,0x2c,0x30,0x20,0x2d,0x32,0x35,0x2e,
  0x33,0x2c,0x31,0x31,0x2e,0x34,0x20,0x2d,0x32,0x35,0x2e,0x33,0x2c,0x32,0x35,0x2e,
  0x33,0x20,0x76,0x20,0x34,0x39,0x2e,0x34,0x20,0x63,0x20,0x30,0x2c,0x31,0x34,0x20,
  0x31,0x31,0x2e,0x34,0x2c,0x32,0x35,0x2e,0x33,0x20,0x32,0x35,0x2e,0x33,0x2c,0x32,
  0x35,0x2e,0x33,0x20,0x68,0x20,0x39,0x31,0x2e,0x32,0x20,0x63,0x20,0x31,0x34,0x2c,
  0x30,0x20,0x32,0x35,0x2e,0x33,0x2c,0x2d,0x31,0x31,0x2e,0x34,0x20,0x32,0x35,0x2e,
  0x33,0x2c,0x2d,0x32,0x35,0x2e,0x33,0x20,0x56,0x20,0x33,0x36,0x38,0x20,0x63,0x20,
  0x30,0x2c,0x2d,0x31,0x34,0x20,0x2d,0x31,0x31,0x2e,0x34,0x2c,0x2d,0x32,0x35,0x2e,
  0x33,0x20,0x2d,0x32,0x35,0x2e,0x33,0x2c,0x2d,0x32,0x35,0x2e,0x33,0x20,0x48,0x20,
  0x32,0x35,0x34,0x20,0x76,0x20,0x2d,0x35,0x36,0x2e,0x34,0x20,0x68,0x20,0x31,0x34,
  0x32,0x2e,0x31,0x20,0x63,0x20,0x37,0x2e,0x35,0x2c,0x30,0x20,0x31,0x33,0x2e,0x37,
  0x2c,0x36,0x2e,0x31,0x20,0x31,0x33,0x2e,0x37,0x2c,0x31,0x33,0x2e,0x37,0x20,0x76,
  0x20,0x34,0x32,0x2e,0x37,0x20,0x68,0x20,0x2d,0x33,0x36,0x2e,0x35,0x20,0x63,0x20,
  0x2d,0x31,0x34,0x2c,0x30,0x20,0x2d,0x32,0x35,0x2e,0x33,0x2c,0x31,0x31,0x2e,0x34,
  0x20,0x2d,0x32,0x35,0x2e,0x33,0x2c,0x32,0x35,0x2e,0x33,0x20,0x76,0x20,0x34,0x39,
  0x2e,0x34,0x20,0x63,0x20,0x30,0x2c,0x31,0x34,0x20,0x31,0x31,0x2e,0x34,0x2c,0x32,
  0x35,0x2e,0x33,0x20,0x32,0x35,0x2e,0x33,0x2c,0x32,0x35,0x2e,0x33,0x20,0x68,0x20,
  0x39,0x31,0x2e,0x32,0x20,0x63,0x20,0x31,0x34,0x2c,0x30,0x20,0x32,0x35,0x2e,0x33,
  0x2c,0x2d,0x31,0x31,0x2e,0x34,0x20,0x32,0x35,0x2e,0x33,0x2c,0x2d,0x32,0x35,0x2e,
  0x33,0x20,0x56,0x20,0x33,0x36,0x38,0x20,0x63,0x20,0x30,0x2c,0x2d,0x31,0x34,0x20,
  0x2d,0x31,0x31,0x2e,0x34,0x2c,0x2d,0x32,0x35,0x2e,0x33,0x20,0x2d,0x32,0x35,0x2e,
  0x33,0x2c,0x2d,0x32,0x35,0x2e,0x33,0x20,0x48,0x20,0x34,0x32,0x38,0x20,0x56,0x20,
  0x33,0x30,0x30,0x20,0x63,0x20,0x30,0x2c,0x2d,0x31,0x37,0x2e,0x35,0x20,0x2d,0x31,
  0x34,0x2e,0x33,0x2c,0x2d,0x33,0x31,0x2e,0x38,0x20,0x2d,0x33,0x31,0x2e,0x38,0x2c,
  0x2d,0x33,0x31,0x2e,0x38,0x20,0x48,0x20,0x32,0x35,0x33,0x2e,0x39,0x20,0x76,0x20,
  0x2d,0x34,0x37,0x2e,0x33,0x20,0x68,0x20,0x37,0x34,0x20,0x63,0x20,0x31,0x38,0x2e,
  0x33,0x2c,0x30,0x20,0x33,0x33,0x2e,0x32,0x2c,0x2d,0x31,0x34,0x2e,0x39,0x20,0x33,
  0x33,0x2e,0x32,0x2c,0x2d,0x33,0x33,0x2e,0x32,0x20,0x56,0x20,0x38,0x30,0x2e,0x33,
  0x20,0x43,0x20,0x33,0x36,0x31,0x2e,0x31,0x2c,0x36,0x32,0x20,0x33,0x34,0x36,0x2e,
  0x32,0x2c,0x34,0x37,0x2e,0x31,0x20,0x33,0x32,0x37,0x2e,0x39,0x2c,0x34,0x37,0x2e,
  0x31,0x20,0x48,0x20,0x31,0x36,0x31,0x2e,0x38,0x20,0x63,0x20,0x2d,0x31,0x38,0x2e,
  0x33,0x2c,0x30,0x20,0x2d,0x33,0x33,0x2e,0x32,0x2c,0x31,0x34,0x2e,0x39,0x20,0x2d,
  0x33,0x33,0x2e,0x32,0x2c,0x33,0x33,0x2e,0x32,0x20,0x76,0x20,0x31,0x30,0x37,0x2e,
  0x34,0x20,0x63,0x20,0x30,0x2c,0x31,0x38,0x2e,0x33,0x20,0x31,0x34,0x2e,0x39,0x2c,
  0x33,0x33,0x2e,0x32,0x20,0x33,0x33,0x2e,0x32,0x2c,0x33,0x33,0x2e,0x32,0x20,0x68,
  0x20,0x37,0x34,0x20,0x76,0x20,0x34,0x37,0x2e,0x32,0x20,0x48,0x20,0x39,0x33,0x2e,
  0x37,0x20,0x63,0x20,0x2d,0x31,0x37,0x2e,0x35,0x2c,0x30,0x20,0x2d,0x33,0x31,0x2e,
  0x38,0x2c,0x31,0x34,0x2e,0x33,0x20,0x2d,0x33,0x31,0x2e,0x38,0x2c,0x33,0x31,0x2e,
  0x38,0x20,0x76,0x20,0x34,0x32,0x2e,0x37,0x20,0x48,0x20,0x32,0x35,0x2e,0x33,0x20,
  0x43,0x20,0x31,0x31,0x2e,0x33,0x2c,0x33,0x34,0x32,0x2e,0x36,0x20,0x30,0x2c,0x33,
  0x35,0x34,0x20,0x30,0x2c,0x33,0x36,0x37,0x2e,0x39,0x20,0x76,0x20,0x34,0x39,0x2e,
  0x34,0x20,0x63,0x20,0x30,0x2c,0x31,0x34,0x2e,0x31,0x20,0x31,0x31,0x2e,0x34,0x2c,
  0x32,0x35,0x2e,0x34,0x20,0x32,0x35,0x2e,0x33,0x2c,0x32,0x35,0x2e,0x34,0x20,0x7a,
  0x20,0x4d,0x20,0x32,0x39,0x37,0x2e,0x36,0x2c,0x33,0x36,0x38,0x20,0x76,0x20,0x34,
  0x39,0x2e,0x34,0x20,0x63,0x20,0x30,0x2c,0x34,0x20,0x2d,0x33,0x2e,0x32,0x2c,0x37,
  0x2e,0x32,0x20,0x2d,0x37,0x2e,0x32,0x2c,0x37,0x2e,0x32,0x20,0x68,0x20,0x2d,0x39,
  0x31,0x2e,0x32,0x20,0x63,0x20,0x2d,0x34,0x2c,0x30,0x20,0x2d,0x37,0x2e,0x32,0x2c,
  0x2d,0x33,0x2e,0x32,0x20,0x2d,0x37,0x2e,0x32,0x2c,0x2d,0x37,0x2e,0x32,0x20,0x56,
  0x20,0x33,0x36,0x38,0x20,0x63,0x20,0x30,0x2c,0x2d,0x34,0x20,0x33,0x2e,0x32,0x2c,
  0x2d,0x37,0x2e,0x32,0x20,0x37,0x2e,0x32,0x2c,0x2d,0x37,0x2e,0x32,0x20,0x68,0x20,
  0x39,0x31,0x2e,0x32,0x20,0x63,0x20,0x34,0x2c,0x30,0x20,0x37,0x2e,0x32,0x2c,0x33,
  0x2e,0x33,0x20,0x37,0x2e,0x32,0x2c,0x37,0x2e,0x32,0x20,0x7a,0x20,0x6d,0x20,0x31,
  0x37,0x33,0x2e,0x39,0x2c,0x30,0x20,0x76,0x20,0x34,0x39,0x2e,0x34,0x20,0x63,0x20,
  0x30,0x2c,0x34,0x20,0x2d,0x33,0x2e,0x32,0x2c,0x37,0x2e,0x32,0x20,0x2d,0x37,0x2e,
  0x32,0x2c,0x37,0x2e,0x32,0x20,0x68,0x20,0x2d,0x39,0x31,0x2e,0x32,0x20,0x63,0x20,
  0x2d,0x34,0x2c,0x30,0x20,0x2d,0x37,0x2e,0x32,0x2c,0x2d,0x33,0x2e,0x32,0x20,0x2d,
  0x37,0x2e,0x32,0x2c,0x2d,0x37,0x2e,0x32,0x20,0x56,0x20,0x33,0x36,0x38,0x20,0x63,
  0x20,0x30,0x2c,0x2d,0x34,0x20,0x33,0x2e,0x32,0x2c,0x2d,0x37,0x2e,0x32,0x20,0x37,
  0x2e,0x32,0x2c,0x2d,0x37,0x2e,0x32,0x20,0x68,0x20,0x39,0x31,0x2e,0x32,0x20,0x63,
  0x20,0x33,0x2e,0x39,0x2c,0x30,0x20,0x37,0x2e,0x32,0x2c,0x33,0x2e,0x33,0x20,0x37,
  0x2e,0x32,0x2c,0x37,0x2e,0x32,0x20,0x7a,0x20,0x4d,0x20,0x31,0x34,0x36,0x2e,0x37,
  0x2c,0x31,0x38,0x37,0x2e,0x37,0x20,0x56,0x20,0x38,0x30,0x2e,0x33,0x20,0x63,0x20,
  0x30,0x2c,0x2d,0x38,0x2e,0x33,0x20,0x36,0x2e,0x38,0x2c,0x2d,0x31,0x35,0x2e,0x31,
  0x20,0x31,0x35,0x2e,0x31,0x2c,0x2d,0x31,0x35,0x2e,0x31,0x20,0x68,0x20,0x31,0x36,
  0x36,0x20,0x63,0x20,0x38,0x2e,0x33,0x2c,0x30,0x20,0x31,0x35,0x2e,0x31,0x2c,0x36,
  0x2e,0x38,0x20,0x31,0x35,0x2e,0x31,0x2c,0x31,0x35,0x2e,0x31,0x20,0x76,0x20,0x31,
  0x30,0x37,0x2e,0x34,0x20,0x63,0x20,0x30,0x2c,0x38,0x2e,0x33,0x20,0x2d,0x36,0x2e,
  0x38,0x2c,0x31,0x35,0x2e,0x31,0x20,0x2d,0x31,0x35,0x2e,0x31,0x2c,0x31,0x35,0x2e,
  0x31,0x20,0x68,0x20,0x2d,0x31,0x36,0x36,0x20,0x63,0x20,0x2d,0x38,0x2e,0x34,0x2c,
  0x30,0x20,0x2d,0x31,0x35,0x2e,0x31,0x2c,0x2d,0x36,0x2e,0x38,0x20,0x2d,0x31,0x35,
  0x2e,0x31,0x2c,0x2d,0x31,0x35,0x2e,0x31,0x20,0x7a,0x20,0x4d,0x20,0x31,0x38,0x2e,
  0x31,0x2c,0x33,0x36,0x38,0x20,0x63,0x20,0x30,0x2c,0x2d,0x34,0x20,0x33,0x2e,0x32,
  0x2c,0x2d,0x37,0x2e,0x32,0x20,0x37,0x2e,0x32,0x2c,0x2d,0x37,0x2e,0x32,0x20,0x68,
  0x20,0x39,0x31,0x2e,0x32,0x20,0x63,0x20,0x34,0x2c,0x30,0x20,0x37,0x2e,0x32,0x2c,
  0x33,0x2e,0x32,0x20,0x37,0x2e,0x32,0x2c,0x37,0x2e,0x32,0x20,0x76,0x20,0x34,0x39,
  0x2e,0x34,0x20,0x63,0x20,0x30,0x2c,0x34,0x20,0x2d,0x33,0x2e,0x32,0x2c,0x37,0x2e,
  0x32,0x20,0x2d,0x37,0x2e,0x32,0x2c,0x37,0x2e,0x32,0x20,0x48,0x20,0x32,0x35,0x2e,
  0x33,0x20,0x63,0x20,0x2d,0x34,0x2c,0x30,0x20,0x2d,0x37,0x2e,0x32,0x2c,0x2d,0x33,
  0x2e,0x32,0x20,0x2d,0x37,0x2e,0x32,0x2c,0x2d,0x37,0x2e,0x32,0x20,0x30,0x2c,0x30,
  0x20,0x30,0x2c,0x2d,0x34,0x39,0x2e,0x34,0x20,0x30,0x2c,0x2d,0x34,0x39,0x2e,0x34,
  0x20,0x7a,0x22,0xa,0x20,0x20,0x20,0x69,0x64,0x3d,0x22,0x70,0x61,0x74,0x68,0x33,
  0x22,0x20,0x2f,0x3e,0xa,0x9,0x9,0x3c,0x70,0x61,0x74,0x68,0xa,0x20,0x20,0x20,
  0x64,0x3d,0x22,0x6d,0x20,0x31,0x39,0x37,0x2e,0x31,0x2c,0x31,0x32,0x32,0x2e,0x31,
  0x20,0x68,0x20,0x39,0x35,0x2e,0x34,0x20,0x63,0x20,0x35,0x2c,0x30,0x20,0x39,0x2e,
  0x31,0x2c,0x2d,0x34,0x2e,0x31,0x20,0x39,0x2e,0x31,0x2c,0x2d,0x39,0x2e,0x31,0x20,
  0x30,0x2c,0x2d,0x35,0x20,0x2d,0x34,0x2e,0x31,0x2c,0x2d,0x39,0x2e,0x31,0x20,0x2d,
  0x39,0x2e,0x31,0x2c,0x2d,0x39,0x2e,0x31,0x20,0x68,0x20,0x2d,0x39,0x35,0x2e,0x34,
  0x20,0x63,0x20,0x2d,0x35,0x2c,0x30,0x20,0x2d,0x39,0x2e,0x31,0x2c,0x34,0x2e,0x31,
  0x20,0x2d,0x39,0x2e,0x31,0x2c,0x39,0x2e,0x31,0x20,0x30,0x2c,0x35,0x20,0x34,0x2e,
  0x31,0x2c,0x39,0x2e,0x31,0x20,0x39,0x2e,0x31,0x2c,0x39,0x2e,0x31,0x20,0x7a,0x22,
  0xa,0x20,0x20,0x20,0x69,0x64,0x3d,0x22,0x70,0x61,0x74,0x68,0x35,0x22,0x20,0x2f,
  0x3e,0xa,0x9,0x9,0x3c,0x70,0x61,0x74,0x68,0xa,0x20,0x20,0x20,0x64,0x3d,0x22,
  0x6d,0x20,0x33,0x30,0x31,0x2e,0x36,0x2c,0x31,0x35,0x34,0x2e,0x39,0x20,0x63,0x20,
  0x30,0x2c,0x2d,0x35,0x20,0x2d,0x34,0x2e,0x31,0x2c,0x2d,0x39,0x2e,0x31,0x20,0x2d,
  0x39,0x2e,0x31,0x2c,0x2d,0x39,0x2e,0x31,0x20,0x68,0x20,0x2d,0x39,0x35,0x2e,0x34,
  0x20,0x63,0x20,0x2d,0x35,0x2c,0x30,0x20,0x2d,0x39,0x2e,0x31,0x2c,0x34,0x2e,0x31,
  0x20,0x2d,0x39,0x2e,0x31,0x2c,0x39,0x2e,0x31,0x20,0x30,0x2c,0x35,0x20,0x34,0x2e,
  0x31,0x2c,0x39,0x2e,0x31,0x20,0x39,0x2e,0x31,0x2c,0x39,0x2e,0x31,0x20,0x68,0x20,
  0x39,0x35,0x2e,0x34,0x20,0x63,0x20,0x35,0x2c,0x30,0x20,0x39,0x2e,0x31,0x2c,0x2d,
  0x34,0x2e,0x31,0x20,0x39,0x2e,0x31,0x2c,0x2d,0x39,0x2e,0x31,0x20,0x7a,0x22,0xa,
  0x20,0x20,0x20,0x69,0x64,0x3d,0x22,0x70,0x61,0x74,0x68,0x37,0x22,0x20,0x2f,0x3e,
  0xa,0x9,0x3c,0x2f,0x67,0x3e,0xa,0x3c,0x2f,0x67,0x3e,0xa,0x3c,0x67,0xa,0x20,
  0x20,0x20,0x69,0x64,0x3d,0x22,0x67,0x31,0x33,0x22,0x3e,0xa,0x3c,0x2f,0x67,0x3e,
  0xa,0x3c,0x67,0xa,0x20,0x20,0x20,0x69,0x64,0x3d,0x22,0x67,0x31,0x35,0x22,0x3e,
  0xa,0x3c,0x2f,0x67,0x3e,0xa,0x3c,0x67,0xa,0x20,0x20,0x20,0x69,0x64,0x3d,0x22,
  0x67,0x31,0x37,0x22,0x3e,0xa,0x3c,0x2f,0x67,0x3e,0xa,0x3c,0x67,0xa,0x20,0x20,
  0x20,0x69,0x64,0x3d,0x22,0x67,0x31,0x39,0x22,0x3e,0xa,0x3c,0x2f,0x67,0x3e,0xa,
  0x3c,0x67,0xa,0x20,0x20,0x20,0x69,0x64,0x3d,0x22,0x67,0x32,0x31,0x22,0x3e,0xa,
  0x3c,0x2f,0x67,0x3e,0xa,0x3c,0x67,0xa,0x20,0x20,0x20,0x69,0x64,0x3d,0x22,0x67,
  0x32,0x33,0x22,0x3e,0xa,0x3c,0x2f,0x67,0x3e,0xa,0x3c,0x67,0xa,0x20,0x20,0x20,
  0x69,0x64,0x3d,0x22,0x67,0x32,0x35,0x22,0x3e,0xa,0x3c,0x2f,0x67,0x3e,0xa,0x3c,
  0x67,0xa,0x20,0x20,0x20,0x69,0x64,0x3d,0x22,0x67,0x32,0x37,0x22,0x3e,0xa,0x3c,
  0x2f,0x67,0x3e,0xa,0x3c,0x67,0xa,0x20,0x20,0x20,0x69,0x64,0x3d,0x22,0x67,0x32,
  0x39,0x22,0x3e,0xa,0x3c,0x2f,0x67,0x3e,0xa,0x3c,0x67,0xa,0x20,0x20,0x20,0x69,
  0x64,0x3d,0x22,0x67,0x33,0x31,0x22,0x3e,0xa,0x3c,0x2f,0x67,0x3e,0xa,0x3c,0x67,
  0xa,0x20,0x20,0x20,0x69,0x64,0x3d,0x22,0x67,0x33,0x33,0x22,0x3e,0xa,0x3c,0x2f,
  0x67,0x3e,0xa,0x3c,0x67,0xa,0x20,0x20,0x20,0x69,0x64,0x3d,0x22,0x67,0x33,0x35,
  0x22,0x3e,0xa,0x3c,0x2f,0x67,0x3e,0xa,0x3c,0x67,0xa,0x20,0x20,0x20,0x69,0x64,
  0x3d,0x22,0x67,0x33,0x37,0x22,0x3e,0xa,0x3c,0x2f,0x67,0x3e,0xa,0x3c,0x67,0xa,
  0x20,0x20,0x20,0x69,0x64,0x3d,0x22,0x67,0x33,0x39,0x22,0x3e,0xa,0x3c,0x2f,0x67,
  0x3e,0xa,0x3c,0x67,0xa,0x20,0x20,0x20,0x69,0x64,0x3d,0x22,0x67,0x34,0x31,0x22,
  0x3e,0xa,0x3c,0x2f,0x67,0x3e,0xa,0xa,0x3c,0x74,0x65,0x78,0x74,0xa,0x20,0x20,
  0x20,0x78,0x6d,0x6c,0x3a,0x73,0x70,0x61,0x63,0x65,0x3d,0x22,0x70,0x72,0x65,0x73,
  0x65,0x72,0x76,0x65,0x22,0xa,0x20,0x20,0x20,0x73,0x74,0x79,0x6c,0x65,0x3d,0x22,
  0x66,0x6f,0x6e,0x74,0x2d,0x73,0x74,0x79,0x6c,0x65,0x3a,0x6e,0x6f,0x72,0x6d,0x61,
  0x6c,0x3b,0x66,0x6f,0x6e,0x74,0x2d,0x77,0x65,0x69,0x67,0x68,0x74,0x3a,0x6e,0x6f,
  0x72,0x6d,0x61,0x6c,0x3b,0x66,0x6f,0x6e,0x74,0x2d,0x73,0x69,0x7a,0x65,0x3a,0x39,
  0x31,0x2e,0x33,0x33,0x34,0x39,0x70,0x78,0x3b,0x6c,0x69,0x6e,0x65,0x2d,0x68,0x65,
  0x69,0x67,0x68,0x74,0x3a,0x31,0x2e,0x32,0x35,0x3b,0x66,0x6f,0x6e,0x74,0x2d,0x66,
  0x61,0x6d,0x69,0x6c,0x79,0x3a,0x73,0x61,0x6e,0x73,0x2d,0x73,0x65,0x72,0x69,0x66,
  0x3b,0x6c,0x65,0x74,0x74,0x65,0x72,0x2d,0x73,0x70,0x61,0x63,0x69,0x6e,0x67,0x3a,
  0x30,0x70,0x78,0x3b,0x77,0x6f,0x72,0x64,0x2d,0x73,0x70,0x61,0x63,0x69,0x6e,0x67,
  0x3a,0x30,0x70,0x78,0x3b,0x66,0x69,0x6c,0x6c,0x3a,0x23,0x30,0x30,0x30,0x30,0x33,
  0x33,0x3b,0x66,0x69,0x6c,0x6c,0x2d,0x6f,0x70,0x61,0x63,0x69,0x74,0x79,0x3a,0x31,
  0x3b,0x73,0x74,0x72,0x6f,0x6b,0x65,0x3a,0x6e,0x6f,0x6e,0x65,0x3b,0x73,0x74,0x72,
  0x6f,0x6b,0x65,0x2d,0x77,0x69,0x64,0x74,0x68,0x3a,0x32,0x2e,0x32,0x38,0x33,0x33,
  0x37,0x22,0xa,0x20,0x20,0x20,0x78,0x3d,0x22,0x31,0x34,0x38,0x2e,0x39,0x33,0x35,
  0x31,0x37,0x22,0xa,0x20,0x20,0x20,0x79,0x3d,0x22,0x33,0x32,0x39,0x2e,0x36,0x31,
  0x32,0x38,0x32,0x22,0xa,0x20,0x20,0x20,0x69,0x64,0x3d,0x22,0x74,0x65,0x78,0x74,
  0x38,0x36,0x30,0x2d,0x33,0x22,0xa,0x20,0x20,0x20,0x74,0x72,0x61,0x6e,0x73,0x66,
  0x6f,0x72,0x6d,0x3d,0x22,0x73,0x63,0x61,0x6c,0x65,0x28,0x30,0x2e,0x37,0x32,0x30,
  0x37,0x36,0x31,0x37,0x31,0x2c,0x31,0x2e,0x33,0x38,0x37,0x34,0x32,0x31,0x31,0x29,
  0x22,0x3e,0x3c,0x74,0x73,0x70,0x61,0x6e,0xa,0x20,0x20,0x20,0x20,0x20,0x73,0x6f,
  0x64,0x69,0x70,0x6f,0x64,0x69,0x3a,0x72,0x6f,0x6c,0x65,0x3d,0x22,0x6c,0x69,0x6e,
  0x65,0x22,0xa,0x20,0x20,0x20,0x20,0x20,0x69,0x64,0x3d,0x22,0x74,0x73,0x70,0x61,
  0x6e,0x38,0x35,0x38,0x2d,0x36,0x22,0xa,0x20,0x20,0x20,0x20,0x20,0x78,0x3d,0x22,
  0x31,0x34,0x38,0x2e,0x39,0x33,0x35,0x31,0x37,0x22,0xa,0x20,0x20,0x20,0x20,0x20,
  0x79,0x3d,0x22,0x33,0x32,0x39,0x2e,0x36,0x31,0x32,0x38,0x32,0x22,0xa,0x20,0x20,
  0x20,0x20,0x20,0x73,0x74,0x79,0x6c,0x65,0x3d,0x22,0x66,0x6f,0x6e,0x74,0x2d,0x73,
  0x74,0x79,0x6c,0x65,0x3a,0x6e,0x6f,0x72,0x6d,0x61,0x6c,0x3b,0x66,0x6f,0x6e,0x74,
  0x2d,0x76,0x61,0x72,0x69,0x61,0x6e,0x74,0x3a,0x6e,0x6f,0x72,0x6d,0x61,0x6c,0x3b,
  0x66,0x6f,0x6e,0x74,0x2d,0x77,0x65,0x69,0x67,0x68,0x74,0x3a,0x62,0x6f,0x6c,0x64,
  0x3b,0x66,0x6f,0x6e,0x74,0x2d,0x73,0x74,0x72,0x65,0x74,0x63,0x68,0x3a,0x6e,0x6f,
  0x72,0x6d,0x61,0x6c,0x3b,0x66,0x6f,0x6e,0x74,0x2d,0x66,0x61,0x6d,0x69,0x6c,0x79,
  0x3a,0x73,0x61,0x6e,0x73,0x2d,0x73,0x65,0x72,0x69,0x66,0x3b,0x2d,0x69,0x6e,0x6b,
  0x73,0x63,0x61,0x70,0x65,0x2d,0x66,0x6f,0x6e,0x74,0x2d,0x73,0x70,0x65,0x63,0x69,
  0x66,0x69,0x63,0x61,0x74,0x69,0x6f,0x6e,0x3a,0x27,0x73,0x61,0x6e,0x73,0x2d,0x73,
  0x65,0x72,0x69,0x66,0x20,0x42,0x6f,0x6c,0x64,0x27,0x3b,0x66,0x69,0x6c,0x6c,0x3a,
  0x23,0x30,0x30,0x30,0x30,0x33,0x33,0x3b,0x73,0x74,0x72,0x6f,0x6b,0x65,0x2d,0x77,
  0x69,0x64,0x74,0x68,0x3a,0x32,0x2e,0x32,0x38,0x33,0x33,0x37,0x22,0x3e,0x44,0x65,
  0x73,0x6b,0x74,0x6f,0x70,0x3c,0x2f,0x74,0x73,0x70,0x61,0x6e,0x3e,0x3c,0x2f,0x74,
  0x65,0x78,0x74,0x3e,0xa,0xa,0x3c,0x2f,0x73,0x76,0x67,0x3e,0xa,
    // /home/etapadmin/Masaüstü/e-ag-qt6/dds/dds-monitor/icons/sendtmp.svg
  0x0,0x0,0x12,0x35,
  0x3c,
  0x3f,0x78,0x6d,0x6c,0x20,0x76,0x65,0x72,0x73,0x69,0x6f,0x6e,0x3d,0x22,0x31,0x2e,
  0x30,0x22,0x20,0x65,0x6e,0x63,0x6f,0x64,0x69,0x6e,0x67,0x3d,0x22,0x55,0x54,0x46,
  0x2d,0x38,0x22,0x20,0x73,0x74,0x61,0x6e,0x64,0x61,0x6c,0x6f,0x6e,0x65,0x3d,0x22,
  0x6e,0x6f,0x22,0x3f,0x3e,0xa,0x3c,0x21,0x2d,0x2d,0x20,0x47,0x65,0x6e,0x65,0x72,
  0x61,0x74,0x6f,0x72,0x3a,0x20,0x41,0x64,0x6f,0x62,0x65,0x20,0x49,0x6c,0x6c,0x75,
  0x73,0x74,0x72,0x61,0x74,0x6f,0x72,0x20,0x31,0x39,0x2e,0x30,0x2e,0x30,0x2c,0x20,
  0x53,0x56,0x47,0x20,0x45,0x78,0x70,0x6f,0x72,0x74,0x20,0x50,0x6c,0x75,0x67,0x2d,
  0x49,0x6e,0x20,0x2e,0x20,0x53,0x56,0x47,0x20,0x56,0x65,0x72,0x73,0x69,0x6f,0x6e,
  0x3a,0x20,0x36,0x2e,0x30,0x30,0x20,0x42,0x75,0x69,0x6c,0x64,0x20,0x30,0x29,0x20,
  0x20,0x2d,0x2d,0x3e,0xa,0xa,0x3c,0x73,0x76,0x67,0xa,0x20,0x20,0x20,0x76,0x65,
  0x72,0x73,0x69,0x6f,0x6e,0x3d,0x22,0x31,0x2e,0x31,0x22,0xa,0x20,0x20,0x20,0x69,
  0x64,0x3d,0x22,0x4c,0x61,0x79,0x65,0x72,0x5f,0x31,0x22,0xa,0x20,0x20,0x20,0x78,
  0x3d,0x22,0x30,0x70,0x78,0x22,0xa,0x20,0x20,0x20,0x79,0x3d,0x22,0x30,0x70,0x78,
  0x22,0xa,0x20,0x20,0x20,0x76,0x69,0x65,0x77,0x42,0x6f,0x78,0x3d,0x22,0x30,0x20,
  0x30,0x20,0x34,0x38,0x39,0x2e,0x38,0x20,0x34,0x38,0x39,0x2e,0x38,0x22,0xa,0x20,
  0x20,0x20,0x73,0x74,0x79,0x6c,0x65,0x3d,0x22,0x65,0x6e,0x61,0x62,0x6c,0x65,0x2d,
  0x62,0x61,0x63,0x6b,0x67,0x72,0x6f,0x75,0x6e,0x64,0x3a,0x6e,0x65,0x77,0x20,0x30,
  0x20,0x30,0x20,0x34,0x38,0x39,0x2e,0x38,0x20,0x34,0x38,0x39,0x2e,0x38,0x3b,0x22,
  0xa,0x20,0x20,0x20,0x78,0x6d,0x6c,0x3a,0x73,0x70,0x61,0x63,0x65,0x3d,0x22,0x70,
  0x72,0x65,0x73,0x65,0x72,0x76,0x65,0x22,0xa,0x20,0x20,0x20,0x73,0x6f,0x64,0x69,
  0x70,0x6f,0x64,0x69,0x3a,0x64,0x6f,0x63,0x6e,0x61,0x6d,0x65,0x3d,0x22,0x73,0x65,
  0x6e,0x64,0x74,0x6d,0x70,0x2e,0x73,0x76,0x67,0x22,0xa,0x20,0x20,0x20,0x69,0x6e,
  0x6b,0x73,0x63,0x61,0x70,0x65,0x3a,0x76,0x65,0x72,0x73,0x69,0x6f,0x6e,0x3d,0x22,
  0x31,0x2e,0x32,0x2e,0x32,0x20,0x28,0x62,0x30,0x61,0x38,0x34,0x38,0x36,0x35,0x34,
  0x31,0x2c,0x20,0x32,0x30,0x32,0x32,0x2d,0x31,0x32,0x2d,0x30,0x31,0x29,0x22,0xa,
  0x20,0x20,0x20,0x78,0x6d,0x6c,0x6e,0x73,0x3a,0x69,0x6e,0x6b,0x73,0x63,0x61,0x70,
  0x65,0x3d,0x22,0x68,0x74,0x74,0x70,0x3a,0x2f,0x2f,0x77,0x77,0x77,0x2e,0x69,0x6e,
  0x6b,0x73,0x63,0x61,0x70,0x65,0x2e,0x6f,0x72,0x67,0x2f,0x6e,0x61,0x6d,0x65,0x73,
  0x70,0x61,0x63,0x65,0x73,0x2f,0x69,0x6e,0x6b,0x73,0x63,0x61,0x70,0x65,0x22,0xa,
  0x20,0x20,0x20,0x78,0x6d,0x6c,0x6e,0x73,0x3a,0x73,0x6f,0x64,0x69,0x70,0x6f,0x64,
  0x69,0x3d,0x22,0x68,0x74,0x74,0x70,0x3a,0x2f,0x2f,0x73,0x6f,0x64,0x69,0x70,0x6f,
  0x64,0x69,0x2e,0x73,0x6f,0x75,0x72,0x63,0x65,0x66,0x6f,0x72,0x67,0x65,0x2e,0x6e,
  0x65,0x74,0x2f,0x44,0x54,0x44,0x2f,0x73,0x6f,0x64,0x69,0x70,0x6f,0x64,0x69,0x2d,
  0x30,0x2e,0x64,0x74,0x64,0x22,0xa,0x20,0x20,0x20,0x78,0x6d,0x6c,0x6e,0x73,0x3d,
  0x22,0x68,0x74,0x74,0x70,0x3a,0x2f,0x2f,0x77,0x77,0x77,0x2e,0x77,0x33,0x2e,0x6f,
  0x72,0x67,0x2f,0x32,0x30,0x30,0x30,0x2f,0x73,0x76,0x67,0x22,0xa,0x20,0x20,0x20,
  0x78,0x6d,0x6c,0x6e,0x73,0x3a,0x73,0x76,0x67,0x3d,0x22,0x68,0x74,0x74,0x70,0x3a,
  0x2f,0x2f,0x77,0x77,0x77,0x2e,0x77,0x33,0x2e,0x6f,0x72,0x67,0x2f,0x32,0x30,0x30,
  0x30,0x2f,0x73,0x76,0x67,0x22,0xa,0x20,0x20,0x20,0x78,0x6d,0x6c,0x6e,0x73,0x3a,
  0x72,0x64,0x66,0x3d,0x22,0x68,0x74,0x74,0x70,0x3a,0x2f,0x2f,0x77,0x77,0x77,0x2e,
  0x77,0x33,0x2e,0x6f,0x72,0x67,0x2f,0x31,0x39,0x39,0x39,0x2f,0x30,0x32,0x2f,0x32,
  0x32,0x2d,0x72,0x64,0x66,0x2d,0x73,0x79,0x6e,0x74,0x61,0x78,0x2d,0x6e,0x73,0x23,
  0x22,0xa,0x20,0x20,0x20,0x78,0x6d,0x6c,0x6e,0x73,0x3a,0x63,0x63,0x3d,0x22,0x68,
  0x74,0x74,0x70,0x3a,0x2f,0x2f,0x63,0x72,0x65,0x61,0x74,0x69,0x76,0x65,0x63,0x6f,
  0x6d,0x6d,0x6f,0x6e,0x73,0x2e,0x6f,0x72,0x67,0x2f,0x6e,0x73,0x23,0x22,0xa,0x20,
  0x20,0x20,0x78,0x6d,0x6c,0x6e,0x73,0x3a,0x64,0x63,0x3d,0x22,0x68,0x74,0x74,0x70,
  0x3a,0x2f,0x2f,0x70,0x75,0x72,0x6c,0x2e,0x6f,0x72,0x67,0x2f,0x64,0x63,0x2f,0x65,
  0x6c,0x65,0x6d,0x65,0x6e,0x74,0x73,0x2f,0x31,0x2e,0x31,0x2f,0x22,0x3e,0x3c,0x6d,
  0x65,0x74,0x61,0x64,0x61,0x74,0x61,0xa,0x20,0x20,0x20,0x69,0x64,0x3d,0x22,0x6d,
  0x65,0x74,0x61,0x64,0x61,0x74,0x61,0x34,0x38,0x22,0x3e,0x3c,0x72,0x64,0x66,0x3a,
  0x52,0x44,0x46,0x3e,0x3c,0x63,0x63,0x3a,0x57,0x6f,0x72,0x6b,0xa,0x20,0x20,0x20,
  0x20,0x20,0x20,0x20,0x72,0x64,0x66,0x3a,0x61,0x62,0x6f,0x75,0x74,0x3d,0x22,0x22,
  0x3e,0x3c,0x64,0x63,0x3a,0x66,0x6f,0x72,0x6d,0x61,0x74,0x3e,0x69,0x6d,0x61,0x67,
  0x65,0x2f,0x73,0x76,0x67,0x2b,0x78,0x6d,0x6c,0x3c,0x2f,0x64,0x63,0x3a,0x66,0x6f,
  0x72,0x6d,0x61,0x74,0x3e,0x3c,0x64,0x63,0x3a,0x74,0x79,0x70,0x65,0xa,0x20,0x20,
  0x20,0x20,0x20,0x20,0x20,0x20,0x20,0x72,0x64,0x66,0x3a,0x72,0x65,0x73,0x6f,0x75,
  0x72,0x63,0x65,0x3d,0x22,0x68,0x74,0x74,0x70,0x3a,0x2f,0x2f,0x70,0x75,0x72,0x6c,
  0x2e,0x6f,0x72,0x67,0x2f,0x64,0x63,0x2f,0x64,0x63,0x6d,0x69,0x74,0x79,0x70,0x65,
  0x2f,0x53,0x74,0x69,0x6c,0x6c,0x49,0x6d,0x61,0x67,0x65,0x22,0x20,0x2f,0x3e,0x3c,
  0x2f,0x63,0x63,0x3a,0x57,0x6f,0x72,0x6b,0x3e,0x3c,0x2f,0x72,0x64,0x66,0x3a,0x52,
  0x44,0x46,0x3e,0x3c,0x2f,0x6d,0x65,0x74,0x61,0x64,0x61,0x74,0x61,0x3e,0x3c,0x64,
  0x65,0x66,0x73,0xa,0x20,0x20,0x20,0x69,0x64,0x3d,0x22,0x64,0x65,0x66,0x73,0x34,
  0x36,0x22,0x20,0x2f,0x3e,0x3c,0x73,0x6f,0x64,0x69,0x70,0x6f,0x64,0x69,0x3a,0x6e,
  0x61,0x6d,0x65,0x64,0x76,0x69,0x65,0x77,0xa,0x20,0x20,0x20,0x70,0x61,0x67,0x65,
  0x63,0x6f,0x6c,0x6f,0x72,0x3d,0x22,0x23,0x66,0x66,0x66,0x66,0x66,0x66,0x22,0xa,
  0x20,0x20,0x20,0x62,0x6f,0x72,0x64,0x65,0x72,0x63,0x6f,0x6c,0x6f,0x72,0x3d,0x22,
  0x23,0x36,0x36,0x36,0x36,0x36,0x36,0x22,0xa,0x20,0x20,0x20,0x62,0x6f,0x72,0x64,
  0x65,0x72,0x6f,0x70,0x61,0x63,0x69,0x74,0x79,0x3d,0x22,0x31,0x22,0xa,0x20,0x20,
  0x20,0x6f,0x62,0x6a,0x65,0x63,0x74,0x74,0x6f,0x6c,0x65,0x72,0x61,0x6e,0x63,0x65,
  0x3d,0x22,0x31,0x30,0x22,0xa,0x20,0x20,0x20,0x67,0x72,0x69,0x64,0x74,0x6f,0x6c,
  0x65,0x72,0x61,0x6e,0x63,0x65,0x3d,0x22,0x31,0x30,0x22,0xa,0x20,0x20,0x20,0x67,
  0x75,0x69,0x64,0x65,0x74,0x6f,0x6c,0x65,0x72,0x61,0x6e,0x63,0x65,0x3d,0x22,0x31,
  0x30,0x22,0xa,0x20,0x20,0x20,0x69,0x6e,0x6b,0x73,0x63,0x61,0x70,0x65,0x3a,0x70,
  0x61,0x67,0x65,0x6f,0x70,0x61,0x63,0x69,0x74,0x79,0x3d,0x22,0x30,0x22,0xa,0x20,
  0x20,0x20,0x69,0x6e,0x6b,0x73,0x63,0x61,0x70,0x65,0x3a,0x70,0x61,0x67,0x65,0x73,
  0x68,0x61,0x64,0x6f,0x77,0x3d,0x22,0x32,0x22,0xa,0x20,0x20,0x20,0x69,0x6e,0x6b,
  0x73,0x63,0x61,0x70,0x65,0x3a,0x77,0x69,0x6e,0x64,0x6f,0x77,0x2d,0x77,0x69,0x64,
  0x74,0x68,0x3d,0x22,0x31,0x33,0x36,0x36,0x22,0xa,0x20,0x20,0x20,0x69,0x6e,0x6b,
  0x73,0x63,0x61,0x70,0x65,0x3a,0x77,0x69,0x6e,0x64,0x6f,0x77,0x2d,0x68,0x65,0x69,
  0x67,0x68,0x74,0x3d,0x22,0x36,0x36,0x37,0x22,0xa,0x20,0x20,0x20,0x69,0x64,0x3d,
  0x22,0x6e,0x61,0x6d,0x65,0x64,0x76,0x69,0x65,0x77,0x34,0x34,0x22,0xa,0x20,0x20,
  0x20,0x73,0x68,0x6f,0x77,0x67,0x72,0x69,0x64,0x3d,0x22,0x66,0x61,0x6c,0x73,0x65,
  0x22,0xa,0x20,0x20,0x20,0x69,0x6e,0x6b,0x73,0x63,0x61,0x70,0x65,0x3a,0x7a,0x6f,
  0x6f,0x6d,0x3d,0x22,0x30,0x2e,0x34,0x38,0x31,0x38,0x32,0x39,0x33,0x33,0x22,0xa,
  0x20,0x20,0x20,0x69,0x6e,0x6b,0x73,0x63,0x61,0x70,0x65,0x3a,0x63,0x78,0x3d,0x22,
  0x32,0x32,0x36,0x2e,0x32,0x32,0x31,0x31,0x38,0x22,0xa,0x20,0x20,0x20,0x69,0x6e,
  0x6b,0x73,0x63,0x61,0x70,0x65,0x3a,0x63,0x79,0x3d,0x22,0x32,0x34,0x34,0x2e,0x38,
  0x39,0x39,0x39,0x39,0x22,0xa,0x20,0x20,0x20,0x69,0x6e,0x6b,0x73,0x63,0x61,0x70,
  0x65,0x3a,0x77,0x69,0x6e,0x64,0x6f,0x77,0x2d,0x78,0x3d,0x22,0x30,0x22,0xa,0x20,
  0x20,0x20,0x69,0x6e,0x6b,0x73,0x63,0x61,0x70,0x65,0x3a,0x77,0x69,0x6e,0x64,0x6f,
  0x77,0x2d,0x79,0x3d,0x22,0x30,0x22,0xa,0x20,0x20,0x20,0x69,0x6e,0x6b,0x73,0x63,
  0x61,0x70,0x65,0x3a,0x77,0x69,0x6e,0x64,0x6f,0x77,0x2d,0x6d,0x61,0x78,0x69,0x6d,
  0x69,0x7a,0x65,0x64,0x3d,0x22,0x31,0x22,0xa,0x20,0x20,0x20,0x69,0x6e,0x6b,0x73,
  0x63,0x61,0x70,0x65,0x3a,0x63,0x75,0x72,0x72,0x65,0x6e,0x74,0x2d,0x6c,0x61,0x79,
  0x65,0x72,0x3d,0x22,0x4c,0x61,0x79,0x65,0x72,0x5f,0x31,0x22,0xa,0x20,0x20,0x20,
  0x69,0x6e,0x6b,0x73,0x63,0x61,0x70,0x65,0x3a,0x73,0x68,0x6f,0x77,0x70,0x61,0x67,
  0x65,0x73,0x68,0x61,0x64,0x6f,0x77,0x3d,0x22,0x32,0x22,0xa,0x20,0x20,0x20,0x69,
  0x6e,0x6b,0x73,0x63,0x61,0x70,0x65,0x3a,0x70,0x61,0x67,0x65,0x63,0x68,0x65,0x63,
  0x6b,0x65,0x72,0x62,0x6f,0x61,0x72,0x64,0x3d,0x22,0x30,0x22,0xa,0x20,0x20,0x20,
  0x69,0x6e,0x6b,0x73,0x63,0x61,0x70,0x65,0x3a,0x64,0x65,0x73,0x6b,0x63,0x6f,0x6c,
  0x6f,0x72,0x3d,0x22,0x23,0x64,0x31,0x64,0x31,0x64,0x31,0x22,0x20,0x2f,0x3e,0xa,
  0x3c,0x67,0xa,0x20,0x20,0x20,0x69,0x64,0x3d,0x22,0x67,0x31,0x31,0x22,0xa,0x20,
  0x20,0x20,0x74,0x72,0x61,0x6e,0x73,0x66,0x6f,0x72,0x6d,0x3d,0x22,0x6d,0x61,0x74,
  0x72,0x69,0x78,0x28,0x30,0x2e,0x38,0x39,0x38,0x33,0x30,0x35,0x30,0x39,0x2c,0x30,
  0x2c,0x30,0x2c,0x30,0x2e,0x37,0x39,0x30,0x31,0x34,0x39,0x33,0x2c,0x32,0x34,0x2e,
  0x39,0x30,0x35,0x30,0x37,0x37,0x2c,0x2d,0x31,0x30,0x2e,0x38,0x37,0x30,0x32,0x38,
  0x29,0x22,0x3e,0xa,0x9,0x3c,0x67,0xa,0x20,0x20,0x20,0x69,0x64,0x3d,0x22,0x67,
  0x39,0x22,0x3e,0xa,0x9,0x9,0x3c,0x70,0x61,0x74,0x68,0xa,0x20,0x20,0x20,0x69,
  0x64,0x3d,0x22,0x58,0x4d,0x4c,0x49,0x44,0x5f,0x32,0x30,0x34,0x39,0x5f,0x22,0xa,
  0x20,0x20,0x20,0x73,0x74,0x79,0x6c,0x65,0x3d,0x22,0x66,0x69,0x6c,0x6c,0x3a,0x23,
  0x33,0x63,0x39,0x32,0x63,0x61,0x22,0xa,0x20,0x20,0x20,0x64,0x3d,0x22,0x4d,0x20,
  0x33,0x34,0x30,0x2c,0x32,0x31,0x31,0x2e,0x39,0x20,0x48,0x20,0x31,0x34,0x39,0x2e,
  0x36,0x20,0x63,0x20,0x2d,0x36,0x2e,0x36,0x2c,0x30,0x20,0x2d,0x31,0x32,0x2c,0x2d,
  0x35,0x2e,0x34,0x20,0x2d,0x31,0x32,0x2c,0x2d,0x31,0x32,0x20,0x56,0x20,0x36,0x38,
  0x2e,0x31,0x20,0x63,0x20,0x30,0x2c,0x2d,0x36,0x2e,0x36,0x20,0x35,0x2e,0x34,0x2c,
  0x2d,0x31,0x32,0x20,0x31,0x32,0x2c,0x2d,0x31,0x32,0x20,0x48,0x20,0x33,0x34,0x30,
  0x20,0x63,0x20,0x36,0x2e,0x36,0x2c,0x30,0x20,0x31,0x32,0x2c,0x35,0x2e,0x34,0x20,
  0x31,0x32,0x2c,0x31,0x32,0x20,0x76,0x20,0x31,0x33,0x31,0x2e,0x38,0x20,0x63,0x20,
  0x30,0x2c,0x36,0x2e,0x36,0x20,0x2d,0x35,0x2e,0x34,0x2c,0x31,0x32,0x20,0x2d,0x31,
  0x32,0x2c,0x31,0x32,0x20,0x7a,0x22,0x20,0x2f,0x3e,0xa,0x9,0x9,0x3c,0x70,0x61,
  0x74,0x68,0xa,0x20,0x20,0x20,0x64,0x3d,0x22,0x6d,0x20,0x32,0x35,0x2e,0x33,0x2c,
  0x34,0x34,0x32,0x2e,0x37,0x20,0x68,0x20,0x39,0x31,0x2e,0x32,0x20,0x63,0x20,0x31,
  0x34,0x2c,0x30,0x20,0x32,0x35,0x2e,0x33,0x2c,0x2d,0x31,0x31,0x2e,0x34,0x20,0x32,
  0x35,0x2e,0x33,0x2c,0x2d,0x32,0x35,0x2e,0x33,0x20,0x56,0x20,0x33,0x36,0x38,0x20,
  0x63,0x20,0x30,0x2c,0x2d,0x31,0x34,0x20,0x2d,0x31,0x31,0x2e,0x34,0x2c,0x2d,0x32,
  0x35,0x2e,0x33,0x20,0x2d,0x32,0x35,0x2e,0x33,0x2c,0x2d,0x32,0x35,0x2e,0x33,0x20,
  0x48,0x20,0x38,0x30,0x20,0x56,0x20,0x33,0x30,0x30,0x20,0x63,0x20,0x30,0x2c,0x2d,
  0x37,0x2e,0x35,0x20,0x36,0x2e,0x31,0x2c,0x2d,0x31,0x33,0x2e,0x37,0x20,0x31,0x33,
  0x2e,0x37,0x2c,0x2d,0x31,0x33,0x2e,0x37,0x20,0x68,0x20,0x31,0x34,0x32,0x2e,0x31,
  0x20,0x76,0x20,0x35,0x36,0x2e,0x34,0x20,0x68,0x20,0x2d,0x33,0x36,0x2e,0x35,0x20,
  0x63,0x20,0x2d,0x31,0x34,0x2c,0x30,0x20,0x2d,0x32,0x35,0x2e,0x33,0x2c,0x31,0x31,
  0x2e,0x34,0x20,0x2d,0x32,0x35,0x2e,0x33,0x2c,0x32,0x35,0x2e,0x33,0x20,0x76,0x20,
  0x34,0x39,0x2e,0x34,0x20,0x63,0x20,0x30,0x2c,0x31,0x34,0x20,0x31,0x31,0x2e,0x34,
  0x2c,0x32,0x35,0x2e,0x33,0x20,0x32,0x35,0x2e,0x33,0x2c,0x32,0x35,0x2e,0x33,0x20,
  0x68,0x20,0x39,0x31,0x2e,0x32,0x20,0x63,0x20,0x31,0x34,0x2c,0x30,0x20,0x32,0x35,
  0x2e,0x33,0x2c,0x2d,0x31,0x31,0x2e,0x34,0x20,0x32,0x35,0x2e,0x33,0x2c,0x2d,0x32,
  0x35,0x2e,0x33,0x20,0x56,0x20,0x33,0x36,0x38,0x20,0x63,0x20,0x30,0x2c,0x2d,0x31,
  0x34,0x20,0x2d,0x31,0x31,0x2e,0x34,0x2c,0x2d,0x32,0x35,0x2e,0x33,0x20,0x2d,0x32,
  0x35,0x2e,0x33,0x2c,0x2d,0x32,0x35,0x2e,0x33,0x20,0x48,0x20,0x32,0x35,0x34,0x20,
  0x76,0x20,0x2d,0x35,0x36,0x2e,0x34,0x20,0x68,0x20,0x31,0x34,0x32,0x2e,0x31,0x20,
  0x63,0x20,0x37,0x2e,0x35,0x2c,0x30,0x20,0x31,0x33,0x2e,0x37,0x2c,0x36,0x2e,0x31,
  0x20,0x31,0x33,0x2e,0x37,0x2c,0x31,0x33,0x2e,0x37,0x20,0x76,0x20,0x34,0x32,0x2e,
  0x37,0x20,0x68,0x20,0x2d,0x33,0x36,0x2e,0x35,0x20,0x63,0x20,0x2d,0x31,0x34,0x2c,
  0x30,0x20,0x2d,0x32,0x35,0x2e,0x33,0x2c,0x31,0x31,0x2e,0x34,0x20,0x2d,0x32,0x35,
  0x2e,0x33,0x2c,0x32,0x35,0x2e,0x33,0x20,0x76,0x20,0x34,0x39,0x2e,0x34,0x20,0x63,
  0x20,0x30,0x2c,0x31,0x34,0x20,0x31,0x31,0x2e,0x34,0x2c,0x32,0x35,0x2e,0x33,0x20,
  0x32,0x35,0x2e,0x33,0x2c,0x32,0x35,0x2e,0x33,0x20,0x68,0x20,0x39,0x31,0x2e,0x32,
  0x20,0x63,0x20,0x31,0x34,0x2c,0x30,0x20,0x32,0x35,0x2e,0x33,0x2c,0x2d,0x31,0x31,
  0x2e,0x34,0x20,0x32,0x35,0x2e,0x33,0x2c,0x2d,0x32,0x35,0x2e,0x33,0x20,0x56,0x20,
  0x33,0x36,0x38,0x20,0x63,0x20,0x30,0x2c,0x2d,0x31,0x34,0x20,0x2d,0x31,0x31,0x2e,
  0x34,0x2c,0x2d,0x32,0x35,0x2e,0x33,0x20,0x2d,0x32,0x35,0x2e,0x33,0x2c,0x2d,0x32,
  0x35,0x2e,0x33,0x20,0x48,0x20,0x34,0x32,0x38,0x20,0x56,0x20,0x33,0x30,0x30,0x20,
  0x63,0x20,0x30,0x2c,0x2d,0x31,0x37,0x2e,0x35,0x20,0x2d,0x31,0x34,0x2e,0x33,0x2c,
  0x2d,0x33,0x31,0x2e,0x38,0x20,0x2d,0x33,0x31,0x2e,0x38,0x2c,0x2d,0x33,0x31,0x2e,
  0x38,0x20,0x48,0x20,0x32,0x35,0x33,0x2e,0x39,0x20,0x76,0x20,0x2d,0x34,0x37,0x2e,
  0x33,0x20,0x68,0x20,0x37,0x34,0x20,0x63,0x20,0x31,0x38,0x2e,0x33,0x2c,0x30,0x20,
  0x33,0x33,0x2e,0x32,0x2c,0x2d,0x31,0x34,0x2e,0x39,0x20,0x33,0x33,0x2e,0x32,0x2c,
  0x2d,0x33,0x33,0x2e,0x32,0x20,0x56,0x20,0x38,0x30,0x2e,0x33,0x20,0x43,0x20,0x33,
  0x36,0x31,0x2e,0x31,0x2c,0x36,0x32,0x20,0x33,0x34,0x36,0x2e,0x32,0x2c,0x34,0x37,
  0x2e,0x31,0x20,0x33,0x32,0x37,0x2e,0x39,0x2c,0x34,0x37,0x2e,0x31,0x20,0x48,0x20,
  0x31,0x36,0x31,0x2e,0x38,0x20,0x63,0x20,0x2d,0x31,0x38,0x2e,0x33,0x2c,0x30,0x20,
  0x2d,0x33,0x33,0x2e,0x32,0x2c,0x31,0x34,0x2e,0x39,0x20,0x2d,0x33,0x33,0x2e,0x32,
  0x2c,0x33,0x33,0x2e,0x32,0x20,0x76,0x20,0x31,0x30,0x37,0x2e,0x34,0x20,0x63,0x20,
  0x30,0x2c,0x31,0x38,0x2e,0x33,0x20,0x31,0x34,0x2e,0x39,0x2c,0x33,0x33,0x2e,0x32,
  0x20,0x33,0x33,0x2e,0x32,0x2c,0x33,0x33,0x2e,0x32,0x20,0x68,0x20,0x37,0x34,0x20,
  0x76,0x20,0x34,0x37,0x2e,0x32,0x20,0x48,0x20,0x39,0x33,0x2e,0x37,0x20,0x63,0x20,
  0x2d,0x31,0x37,0x2e,0x35,0x2c,0x30,0x20,0x2d,0x33,0x31,0x2e,0x38,0x2c,0x31,0x34,
  0x2e,0x33,0x20,0x2d,0x33,0x31,0x2e,0x38,0x2c,0x33,0x31,0x2e,0x38,0x20,0x76,0x20,
  0x34,0x32,0x2e,0x37,0x20,0x48,0x20,0x32,0x35,0x2e,0x33,0x20,0x43,0x20,0x31,0x31,
  0x2e,0x33,0x2c,0x33,0x34,0x32,0x2e,0x36,0x20,0x30,0x2c,0x33,0x35,0x34,0x20,0x30,
  0x2c,0x33,0x36,0x37,0x2e,0x39,0x20,0x76,0x20,0x34,0x39,0x2e,0x34,0x20,0x63,0x20,
  0x30,0x2c,0x31,0x34,0x2e,0x31,0x20,0x31,0x31,0x2e,0x34,0x2c,0x32,0x35,0x2e,0x34,
  0x20,0x32,0x35,0x2e,0x33,0x2c,0x32,0x35,0x2e,0x34,0x20,0x7a,0x20,0x4d,0x20,0x32,
  0x39,0x37,0x2e,0x36,0x2c,0x33,0x36,0x38,0x20,0x76,0x20,0x34,0x39,0x2e,0x34,0x20,
  0x63,0x20,0x30,0x2c,0x34,0x20,0x2d,0x33,0x2e,0x32,0x2c,0x37,0x2e,0x32,0x20,0x2d,
  0x37,0x2e,0x32,0x2c,0x37,0x2e,0x32,0x20,0x68,0x20,0x2d,0x39,0x31,0x2e,0x32,0x20,
  0x63,0x20,0x2d,0x34,0x2c,0x30,0x20,0x2d,0x37,0x2e,0x32,0x2c,0x2d,0x33,0x2e,0x32,
  0x20,0x2d,0x37,0x2e,0x32,0x2c,0x2d,0x37,0x2e,0x32,0x20,0x56,0x20,0x33,0x36,0x38,
  0x20,0x63,0x20,0x30,0x2c,0x2d,0x34,0x20,0x33,0x2e,0x32,0x2c,0x2d,0x37,0x2e,0x32,
  0x20,0x37,0x2e,0x32,0x2c,0x2d,0x37,0x2e,0x32,0x20,0x68,0x20,0x39,0x31,0x2e,0x32,
  0x20,0x63,0x20,0x34,0x2c,0x30,0x20,0x37,0x2e,0x32,0x2c,0x33,0x2e,0x33,0x20,0x37,
  0x2e,0x32,0x2c,0x37,0x2e,0x32,0x20,0x7a,0x20,0x6d,0x20,0x31,0x37,0x33,0x2e,0x39,
  0x2c,0x30,0x20,0x76,0x20,0x34,0x39,0x2e,0x34,0x20,0x63,0x20,0x30,0x2c,0x34,0x20,
  0x2d,0x33,0x2e,0x32,0x2c,0x37,0x2e,0x32,0x20,0x2d,0x37,0x2e,0x32,0x2c,0x37,0x2e,
  0x32,0x20,0x68,0x20,0x2d,0x39,0x31,0x2e,0x32,0x20,0x63,0x20,0x2d,0x34,0x2c,0x30,
  0x20,0x2d,0x37,0x2e,0x32,0x2c,0x2d,0x33,0x2e,0x32,0x20,0x2d,0x37,0x2e,0x32,0x2c,
  0x2d,0x37,0x2e,0x32,0x20,0x56,0x20,0x33,0x36,0x38,0x20,0x63,0x20,0x30,0x2c,0x2d,
  0x34,0x20,0x33,0x2e,0x32,0x2c,0x2d,0x37,0x2e,0x32,0x20,0x37,0x2e,0x32,0x2c,0x2d,
  0x37,0x2e,0x32,0x20,0x68,0x20,0x39,0x31,0x2e,0x32,0x20,0x63,0x20,0x33,0x2e,0x39,
  0x2c,0x30,0x20,0x37,0x2e,0x32,0x2c,0x33,0x2e,0x33,0x20,0x37,0x2e,0x32,0x2c,0x37,
  0x2e,0x32,0x20,0x7a,0x20,0x4d,0x20,0x31,0x34,0x36,0x2e,0x37,0x2c,0x31,0x38,0x37,
  0x2e,0x37,0x20,0x56,0x20,0x38,0x30,0x2e,0x33,0x20,0x63,0x20,0x30,0x2c,0x2d,0x38,
  0x2e,0x33,0x20,0x36,0x2e,0x38,0x2c,0x2d,0x31,0x35,0x2e,0x31,0x20,0x31,0x35,0x2e,
  0x31,0x2c,0x2d,0x31,0x35,0x2e,0x31,0x20,0x68,0x20,0x31,0x36,0x36,0x20,0x63,0x20,
  0x38,0x2e,0x33,0x2c,0x30,0x20,0x31,0x35,0x2e,0x31,0x2c,0x36,0x2e,0x38,0x20,0x31,
  0x35,0x2e,0x31,0x2c,0x31,0x35,0x2e,0x31,0x20,0x76,0x20,0x31,0x30,0x37,0x2e,0x34,
  0x20,0x63,0x20,0x30,0x2c,0x38,0x2e,0x33,0x20,0x2d,0x36,0x2e,0x38,0x2c,0x31,0x35,
  0x2e,0x31,0x20,0x2d,0x31,0x35,0x2e,0x31,0x2c,0x31,0x35,0x2e,0x31,0x20,0x68,0x20,
  0x2d,0x31,0x36,0x36,0x20,0x63,0x20,0x2d,0x38,0x2e,0x34,0x2c,0x30,0x20,0x2d,0x31,
  0x35,0x2e,0x31,0x2c,0x2d,0x36,0x2e,0x38,0x20,0x2d,0x31,0x35,0x2e,0x31,0x2c,0x2d,
  0x31,0x35,0x2e,0x31,0x20,0x7a,0x20,0x4d,0x20,0x31,0x38,0x2e,0x31,0x2c,0x33,0x36,
  0x38,0x20,0x63,0x20,0x30,0x2c,0x2d,0x34,0x20,0x33,0x2e,0x32,0x2c,0x2d,0x37,0x2e,
  0x32,0x20,0x37,0x2e,0x32,0x2c,0x2d,0x37,0x2e,0x32,0x20,0x68,0x20,0x39,0x31,0x2e,
  0x32,0x20,0x63,0x20,0x34,0x2c,0x30,0x20,0x37,0x2e,0x32,0x2c,0x33,0x2e,0x32,0x20,
  0x37,0x2e,0x32,0x2c,0x37,0x2e,0x32,0x20,0x76,0x20,0x34,0x39,0x2e,0x34,0x20,0x63,
  0x20,0x30,0x2c,0x34,0x20,0x2d,0x33,0x2e,0x32,0x2c,0x37,0x2e,0x32,0x20,0x2d,0x37,
  0x2e,0x32,0x2c,0x37,0x2e,0x32,0x20,0x48,0x20,0x32,0x35,0x2e,0x33,0x20,0x63,0x20,
  0x2d,0x34,0x2c,0x30,0x20,0x2d,0x37,0x2e,0x32,0x2c,0x2d,0x33,0x2e,0x32,0x20,0x2d,
  0x37,0x2e,0x32,0x2c,0x2d,0x37,0x2e,0x32,0x20,0x30,0x2c,0x30,0x20,0x30,0x2c,0x2d,
  0x34,0x39,0x2e,0x34,0x20,0x30,0x2c,0x2d,0x34,0x39,0x2e,0x34,0x20,0x7a,0x22,0xa,
  0x20,0x20,0x20,0x69,0x64,0x3d,0x22,0x70,0x61,0x74,0x68,0x33,0x22,0x20,0x2f,0x3e,
  0xa,0x9,0x9,0x3c,0x70,0x61,0x74,0x68,0xa,0x20,0x20,0x20,0x64,0x3d,0x22,0x6d,
  0x20,0x31,0x39,0x37,0x2e,0x31,0x2c,0x31,0x32,0x32,0x2e,0x31,0x20,0x68,0x20,0x39,
  0x35,0x2e,0x34,0x20,0x63,0x20,0x35,0x2c,0x30,0x20,0x39,0x2e,0x31,0x2c,0x2d,0x34,
  0x2e,0x31,0x20,0x39,0x2e,0x31,0x2c,0x2d,0x39,0x2e,0x31,0x20,0x30,0x2c,0x2d,0x35,
  0x20,0x2d,0x34,0x2e,0x31,0x2c,0x2d,0x39,0x2e,0x31,0x20,0x2d,0x39,0x2e,0x31,0x2c,
  0x2d,0x39,0x2e,0x31,0x20,0x68,0x20,0x2d,0x39,0x35,0x2e,0x34,0x20,0x63,0x20,0x2d,
  0x35,0x2c,0x30,0x20,0x2d,0x39,0x2e,0x31,0x2c,0x34,0x2e,0x31,0x20,0x2d,0x39,0x2e,
  0x31,0x2c,0x39,0x2e,0x31,0x20,0x30,0x2c,0x35,0x20,0x34,0x2e,0x31,0x2c,0x39,0x2e,
  0x31,0x20,0x39,0x2e,0x31,0x2c,0x39,0x2e,0x31,0x20,0x7a,0x22,0xa,0x20,0x20,0x20,
  0x69,0x64,0x3d,0x22,0x70,0x61,0x74,0x68,0x35,0x22,0x20,0x2f,0x3e,0xa,0x9,0x9,
  0x3c,0x70,0x61,0x74,0x68,0xa,0x20,0x20,0x20,0x64,0x3d,0x22,0x6d,0x20,0x33,0x30,
  0x31,0x2e,0x36,0x2c,0x31,0x35,0x34,0x2e,0x39,0x20,0x63,0x20,0x30,0x2c,0x2d,0x35,
  0x20,0x2d,0x34,0x2e,0x31,0x2c,0x2d,0x39,0x2e,0x31,0x20,0x2d,0x39,0x2e,0x31,0x2c,
  0x2d,0x39,0x2e,0x31,0x20,0x68,0x20,0x2d,0x39,0x35,0x2e,0x34,0x20,0x63,0x20,0x2d,
  0x35,0x2c,0x30,0x20,0x2d,0x39,0x2e,0x31,0x2c,0x34,0x2e,0x31,0x20,0x2d,0x39,0x2e,
  0x31,0x2c,0x39,0x2e,0x31,0x20,0x30,0x2c,0x35,0x20,0x34,0x2e,0x31,0x2c,0x39,0x2e,
  0x31,0x20,0x39,0x2e,0x31,0x2c,0x39,0x2e,0x31,0x20,0x68,0x20,0x39,0x35,0x2e,0x34,
  0x20,0x63,0x20,0x35,0x2c,0x30,0x20,0x39,0x2e,0x31,0x2c,0x2d,0x34,0x2e,0x31,0x20,
  0x39,0x2e,0x31,0x2c,0x2d,0x39,0x2e,0x31,0x20,0x7a,0x22,0xa,0x20,0x20,0x20,0x69,
  0x64,0x3d,0x22,0x70,0x61,0x74,0x68,0x37,0x22,0x20,0x2f,0x3e,0xa,0x9,0x3c,0x2f,
  0x67,0x3e,0xa,0x3c,0x2f,0x67,0x3e,0xa,0x3c,0x67,0xa,0x20,0x20,0x20,0x69,0x64,
  0x3d,0x22,0x67,0x31,0x33,0x22,0x3e,0xa,0x3c,0x2f,0x67,0x3e,0xa,0x3c,0x67,0xa,
  0x20,0x20,0x20,0x69,0x64,0x3d,0x22,0x67,0x31,0x35,0x22,0x3e,0xa,0x3c,0x2f,0x67,
  0x3e,0xa,0x3c,0x67,0xa,0x20,0x20,0x20,0x69,0x64,0x3d,0x22,0x67,0x31,0x37,0x22,
  0x3e,0xa,0x3c,0x2f,0x67,0x3e,0xa,0x3c,0x67,0xa,0x20,0x20,0x20,0x69,0x64,0x3d,
  0x22,0x67,0x31,0x39,0x22,0x3e,0xa,0x3c,0x2f,0x67,0x3e,0xa,0x3c,0x67,0xa,0x20,
  0x20,0x20,0x69,0x64,0x3d,0x22,0x67,0x32,0x31,0x22,0x3e,0xa,0x3c,0x2f,0x67,0x3e,
  0xa,0x3c,0x67,0xa,0x20,0x20,0x20,0x69,0x64,0x3d,0x22,0x67,0x32,0x33,0x22,0x3e,
  0xa,0x3c,0x2f,0x67,0x3e,0xa,0x3c,0x67,0xa,0x20,0x20,0x20,0x69,0x64,0x3d,0x22,
  0x67,0x32,0x35,0x22,0x3e,0xa,0x3c,0x2f,0x67,0x3e,0xa,0x3c,0x67,0xa,0x20,0x20,
  0x20,0x69,0x64,0x3d,0x22,0x67,0x32,0x37,0x22,0x3e,0xa,0x3c,0x2f,0x67,0x3e,0xa,
  0x3c,0x67,0xa,0x20,0x20,0x20,0x69,0x64,0x3d,0x22,0x67,0x32,0x39,0x22,0x3e,0xa,
  0x3c,0x2f,0x67,0x3e,0xa,0x3c,0x67,0xa,0x20,0x20,0x20,0x69,0x64,0x3d,0x22,0x67,
  0x33,0x31,0x22,0x3e,0xa,0x3c,0x2f,0x67,0x3e,0xa,0x3c,0x67,0xa,0x20,0x20,0x20,
  0x69,0x64,0x3d,0x22,0x67,0x33,0x33,0x22,0x3e,0xa,0x3c,0x2f,0x67,0x3e,0xa,0x3c,
  0x67,0xa,0x20,0x20,0x20,0x69,0x64,0x3d,0x22,0x67,0x33,0x35,0x22,0x3e,0xa,0x3c,
  0x2f,0x67,0x3e,0xa,0x3c,0x67,0xa,0x20,0x20,0x20,0x69,0x64,0x3d,0x22,0x67,0x33,
  0x37,0x22,0x3e,0xa,0x3c,0x2f,0x67,0x3e,0xa,0x3c,0x67,0xa,0x20,0x20,0x20,0x69,
  0x64,0x3d,0x22,0x67,0x33,0x39,0x22,0x3e,0xa,0x3c,0x2f,0x67,0x3e,0xa,0x3c,0x67,
  0xa,0x20,0x20,0x20,0x69,0x64,0x3d,0x22,0x67,0x34,0x31,0x22,0x3e,0xa,0x3c,0x2f,
  0x67,0x3e,0xa,0xa,0x3c,0x74,0x65,0x78,0x74,0xa,0x20,0x20,0x20,0x78,0x6d,0x6c,
  0x3a,0x73,0x70,0x61,0x63,0x65,0x3d,0x22,0x70,0x72,0x65,0x73,0x65,0x72,0x76,0x65,
  0x22,0xa,0x20,0x20,0x20,0x73,0x74,0x79,0x6c,0x65,0x3d,0x22,0x66,0x6f,0x6e,0x74,
  0x2d,0x73,0x74,0x79,0x6c,0x65,0x3a,0x6e,0x6f,0x72,0x6d,0x61,0x6c,0x3b,0x66,0x6f,
  0x6e,0x74,0x2d,0x77,0x65,0x69,0x67,0x68,0x74,0x3a,0x6e,0x6f,0x72,0x6d,0x61,0x6c,
  0x3b,0x66,0x6f,0x6e,0x74,0x2d,0x73,0x69,0x7a,0x65,0x3a,0x39,0x31,0x2e,0x33,0x33,
  0x34,0x39,0x70,0x78,0x3b,0x6c,0x69,0x6e,0x65,0x2d,0x68,0x65,0x69,0x67,0x68,0x74,
  0x3a,0x31,0x2e,0x32,0x35,0x3b,0x66,0x6f,0x6e,0x74,0x2d,0x66,0x61,0x6d,0x69,0x6c,
  0x79,0x3a,0x73,0x61,0x6e,0x73,0x2d,0x73,0x65,0x72,0x69,0x66,0x3b,0x6c,0x65,0x74,
  0x74,0x65,0x72,0x2d,0x73,0x70,0x61,0x63,0x69,0x6e,0x67,0x3a,0x30,0x70,0x78,0x3b,
  0x77,0x6f,0x72,0x64,0x2d,0x73,0x70,0x61,0x63,0x69,0x6e,0x67,0x3a,0x30,0x70,0x78,
  0x3b,0x66,0x69,0x6c,0x6c,0x3a,0x23,0x30,0x30,0x30,0x30,0x33,0x33,0x3b,0x66,0x69,
  0x6c,0x6c,0x2d,0x6f,0x70,0x61,0x63,0x69,0x74,0x79,0x3a,0x31,0x3b,0x73,0x74,0x72,
  0x6f,0x6b,0x65,0x3a,0x6e,0x6f,0x6e,0x65,0x3b,0x73,0x74,0x72,0x6f,0x6b,0x65,0x2d,
  0x77,0x69,0x64,0x74,0x68,0x3a,0x32,0x2e,0x32,0x38,0x33,0x33,0x37,0x22,0xa,0x20,
  0x20,0x20,0x78,0x3d,0x22,0x32,0x32,0x39,0x2e,0x30,0x38,0x31,0x35,0x22,0xa,0x20,
  0x20,0x20,0x79,0x3d,0x22,0x33,0x32,0x38,0x2e,0x31,0x31,0x36,0x39,0x34,0x22,0xa,
  0x20,0x20,0x20,0x69,0x64,0x3d,0x22,0x74,0x65,0x78,0x74,0x38,0x36,0x30,0x2d,0x33,
  0x22,0xa,0x20,0x20,0x20,0x74,0x72,0x61,0x6e,0x73,0x66,0x6f,0x72,0x6d,0x3d,0x22,
  0x73,0x63,0x61,0x6c,0x65,0x28,0x30,0x2e,0x37,0x32,0x30,0x37,0x36,0x31,0x37,0x31,
  0x2c,0x31,0x2e,0x33,0x38,0x37,0x34,0x32,0x31,0x31,0x29,0x22,0x3e,0x3c,0x74,0x73,
  0x70,0x61,0x6e,0xa,0x20,0x20,0x20,0x20,0x20,0x73,0x6f,0x64,0x69,0x70,0x6f,0x64,
  0x69,0x3a,0x72,0x6f,0x6c,0x65,0x3d,0x22,0x6c,0x69,0x6e,0x65,0x22,0xa,0x20,0x20,
  0x20,0x20,0x20,0x69,0x64,0x3d,0x22,0x74,0x73,0x70,0x61,0x6e,0x38,0x35,0x38,0x2d,
  0x36,0x22,0xa,0x20,0x20,0x20,0x20,0x20,0x78,0x3d,0x22,0x32,0x32,0x39,0x2e,0x30,
  0x38,0x31,0x35,0x22,0xa,0x20,0x20,0x20,0x20,0x20,0x79,0x3d,0x22,0x33,0x32,0x38,
  0x2e,0x31,0x31,0x36,0x39,0x34,0x22,0xa,0x20,0x20,0x20,0x20,0x20,0x73,0x74,0x79,
  0x6c,0x65,0x3d,0x22,0x66,0x6f,0x6e,0x74,0x2d,0x73,0x74,0x79,0x6c,0x65,0x3a,0x6e,
  0x6f,0x72,0x6d,0x61,0x6c,0x3b,0x66,0x6f,0x6e,0x74,0x2d,0x76,0x61,0x72,0x69,0x61,
  0x6e,0x74,0x3a,0x6e,0x6f,0x72,0x6d,0x61,0x6c,0x3b,0x66,0x6f,0x6e,0x74,0x2d,0x77,
  0x65,0x69,0x67,0x68,0x74,0x3a,0x62,0x6f,0x6c,0x64,0x3b,0x66,0x6f,0x6e,0x74,0x2d,
  0x73,0x74,0x72,0x65,0x74,0x63,0x68,0x3a,0x6e,0x6f,0x72,0x6d,0x61,0x6c,0x3b,0x66,
  0x6f,0x6e,0x74,0x2d,0x66,0x61,0x6d,0x69,0x6c,0x79,0x3a,0x73,0x61,0x6e,0x73,0x2d,
  0x73,0x65,0x72,0x69,0x66,0x3b,0x2d,0x69,0x6e,0x6b,0x73,0x63,0x61,0x70,0x65,0x2d,
  0x66,0x6f,0x6e,0x74,0x2d,0x73,0x70,0x65,0x63,0x69,0x66,0x69,0x63,0x61,0x74,0x69,
  0x6f,0x6e,0x3a,0x27,0x73,0x61,0x6e,0x73,0x2d,0x73,0x65,0x72,0x69,0x66,0x20,0x42,
  0x6f,0x6c,0x64,0x27,0x3b,0x66,0x69,0x6c,0x6c,0x3a,0x23,0x30,0x30,0x30,0x30,0x33,
  0x33,0x3b,0x73,0x74,0x72,0x6f,0x6b,0x65,0x2d,0x77,0x69,0x64,0x74,0x68,0x3a,0x32,
  0x2e,0x32,0x38,0x33,0x33,0x37,0x22,0x3e,0x2f,0x74,0x6d,0x70,0x3c,0x2f,0x74,0x73,
  0x70,0x61,0x6e,0x3e,0x3c,0x2f,0x74,0x65,0x78,0x74,0x3e,0xa,0xa,0x3c,0x2f,0x73,
  0x76,0x67,0x3e,0xa,
    // /home/etapadmin/Masaüstü/e-ag-qt6/dds/dds-monitor/icons/debinstall.svg
  0x0,0x0,0x5,0x8c,
  0x3c,
  0x3f,0x78,0x6d,0x6c,0x20,0x76,0x65,0x72,0x73,0x69,0x6f,0x6e,0x3d,0x22,0x31,0x2e,
  0x30,0x22,0x20,0x65,0x6e,0x63,0x6f,0x64,0x69,0x6e,0x67,0x3d,0x22,0x69,0x73,0x6f,
  0x2d,0x38,0x38,0x35,0x39,0x2d,0x31,0x22,0x3f,0x3e,0xd,0xa,0x3c,0x21,0x2d,0x2d,
  0x20,0x47,0x65,0x6e,0x65,0x72,0x61,0x74,0x6f,0x72,0x3a,0x20,0x41,0x64,0x6f,0x62,
  0x65,0x20,0x49,0x6c,0x6c,0x75,0x73,0x74,0x72,0x61,0x74,0x6f,0x72,0x20,0x31,0x39,
  0x2e,0x30,0x2e,0x30,0x2c,0x20,0x53,0x56,0x47,0x20,0x45,0x78,0x70,0x6f,0x72,0x74,
  0x20,0x50,0x6c,0x75,0x67,0x2d,0x49,0x6e,0x20,0x2e,0x20,0x53,0x56,0x47,0x20,0x56,
  0x65,0x72,0x73,0x69,0x6f,0x6e,0x3a,0x20,0x36,0x2e,0x30,0x30,0x20,0x42,0x75,0x69,
  0x6c,0x64,0x20,0x30,0x29,0x20,0x20,0x2d,0x2d,0x3e,0xd,0xa,0x3c,0x73,0x76,0x67,
  0x20,0x76,0x65,0x72,0x73,0x69,0x6f,0x6e,0x3d,0x22,0x31,0x2e,0x31,0x22,0x20,0x69,
  0x64,0x3d,0x22,0x4c,0x61,0x79,0x65,0x72,0x5f,0x31,0x22,0x20,0x78,0x6d,0x6c,0x6e,
  0x73,0x3d,0x22,0x68,0x74,0x74,0x70,0x3a,0x2f,0x2f,0x77,0x77,0x77,0x2e,0x77,0x33,
  0x2e,0x6f,0x72,0x67,0x2f,0x32,0x30,0x30,0x30,0x2f,0x73,0x76,0x67,0x22,0x20,0x78,
  0x6d,0x6c,0x6e,0x73,0x3a,0x78,0x6c,0x69,0x6e,0x6b,0x3d,0x22,0x68,0x74,0x74,0x70,
  0x3a,0x2f,0x2f,0x77,0x77,0x77,0x2e,0x77,0x33,0x2e,0x6f,0x72,0x67,0x2f,0x31,0x39,
  0x39,0x39,0x2f,0x78,0x6c,0x69,0x6e,0x6b,0x22,0x20,0x78,0x3d,0x22,0x30,0x70,0x78,
  0x22,0x20,0x79,0x3d,0x22,0x30,0x70,0x78,0x22,0xd,0xa,0x9,0x20,0x76,0x69,0x65,
  0x77,0x42,0x6f,0x78,0x3d,0x22,0x30,0x20,0x30,0x20,0x35,0x30,0x37,0x2e,0x38,0x20,
  0x35,0x30,0x37,0x2e,0x38,0x22,0x20,0x73,0x74,0x79,0x6c,0x65,0x3d,0x22,0x65,0x6e,
  0x61,0x62,0x6c,0x65,0x2d,0x62,0x61,0x63,0x6b,0x67,0x72,0x6f,0x75,0x6e,0x64,0x3a,
  0x6e,0x65,0x77,0x20,0x30,0x20,0x30,0x20,0x35,0x30,0x37,0x2e,0x38,0x20,0x35,0x30,
  0x37,0x2e,0x38,0x3b,0x22,0x20,0x78,0x6d,0x6c,0x3a,0x73,0x70,0x61,0x63,0x65,0x3d,
  0x22,0x70,0x72,0x65,0x73,0x65,0x72,0x76,0x65,0x22,0x3e,0xd,0xa,0x3c,0x63,0x69,
  0x72,0x63,0x6c,0x65,0x20,0x73,0x74,0x79,0x6c,0x65,0x3d,0x22,0x66,0x69,0x6c,0x6c,
  0x3a,0x23,0x33,0x32,0x34,0x41,0x35,0x45,0x3b,0x22,0x20,0x63,0x78,0x3d,0x22,0x32,
  0x35,0x33,0x2e,0x39,0x22,0x20,0x63,0x79,0x3d,0x22,0x32,0x35,0x33,0x2e,0x39,0x22,
  0x20,0x72,0x3d,0x22,0x32,0x35,0x33,0x2e,0x39,0x22,0x2f,0x3e,0xd,0xa,0x3c,0x70,
  0x61,0x74,0x68,0x20,0x73,0x74,0x79,0x6c,0x65,0x3d,0x22,0x66,0x69,0x6c,0x6c,0x3a,
  0x23,0x46,0x39,0x42,0x35,0x34,0x43,0x3b,0x22,0x20,0x64,0x3d,0x22,0x4d,0x33,0x38,
  0x31,0x2e,0x32,0x2c,0x34,0x32,0x33,0x2e,0x34,0x48,0x31,0x32,0x36,0x2e,0x36,0x63,
  0x2d,0x32,0x2e,0x33,0x2c,0x30,0x2d,0x34,0x2e,0x32,0x2d,0x31,0x2e,0x39,0x2d,0x34,
  0x2e,0x32,0x2d,0x34,0x2e,0x32,0x56,0x31,0x38,0x34,0x2e,0x35,0x68,0x32,0x36,0x33,
  0x2e,0x31,0x76,0x32,0x33,0x34,0x2e,0x37,0x43,0x33,0x38,0x35,0x2e,0x35,0x2c,0x34,
  0x32,0x31,0x2e,0x35,0x2c,0x33,0x38,0x33,0x2e,0x36,0x2c,0x34,0x32,0x33,0x2e,0x34,
  0x2c,0x33,0x38,0x31,0x2e,0x32,0x2c,0x34,0x32,0x33,0x2e,0x34,0x7a,0x22,0xd,0xa,
  0x9,0x2f,0x3e,0xd,0xa,0x3c,0x70,0x6f,0x6c,0x79,0x67,0x6f,0x6e,0x20,0x73,0x74,
  0x79,0x6c,0x65,0x3d,0x22,0x66,0x69,0x6c,0x6c,0x3a,0x23,0x46,0x46,0x44,0x30,0x35,
  0x42,0x3b,0x22,0x20,0x70,0x6f,0x69,0x6e,0x74,0x73,0x3d,0x22,0x34,0x31,0x30,0x2e,
  0x37,0x2c,0x32,0x35,0x39,0x2e,0x38,0x20,0x33,0x38,0x35,0x2e,0x35,0x2c,0x31,0x38,
  0x34,0x2e,0x35,0x20,0x31,0x32,0x32,0x2e,0x33,0x2c,0x31,0x38,0x34,0x2e,0x35,0x20,
  0x39,0x37,0x2e,0x31,0x2c,0x32,0x35,0x39,0x2e,0x38,0x20,0x22,0x2f,0x3e,0xd,0xa,
  0x3c,0x67,0x3e,0xd,0xa,0x9,0x3c,0x70,0x6f,0x6c,0x79,0x67,0x6f,0x6e,0x20,0x73,
  0x74,0x79,0x6c,0x65,0x3d,0x22,0x66,0x69,0x6c,0x6c,0x3a,0x23,0x46,0x46,0x37,0x30,
  0x35,0x38,0x3b,0x22,0x20,0x70,0x6f,0x69,0x6e,0x74,0x73,0x3d,0x22,0x33,0x32,0x33,
  0x2c,0x31,0x32,0x38,0x2e,0x36,0x20,0x33,0x32,0x33,0x2c,0x36,0x30,0x2e,0x36,0x20,
  0x32,0x39,0x35,0x2e,0x39,0x2c,0x36,0x30,0x2e,0x36,0x20,0x32,0x39,0x35,0x2e,0x39,
  0x2c,0x31,0x32,0x38,0x2e,0x36,0x20,0x32,0x36,0x37,0x2e,0x38,0x2c,0x31,0x32,0x38,
  0x2e,0x36,0x20,0x33,0x30,0x39,0x2e,0x35,0x2c,0x31,0x37,0x30,0x2e,0x32,0x20,0x33,
  0x35,0x31,0x2e,0x31,0x2c,0x31,0x32,0x38,0x2e,0x36,0x20,0x9,0x22,0x2f,0x3e,0xd,
  0xa,0x9,0x3c,0x70,0x6f,0x6c,0x79,0x67,0x6f,0x6e,0x20,0x73,0x74,0x79,0x6c,0x65,
  0x3d,0x22,0x66,0x69,0x6c,0x6c,0x3a,0x23,0x46,0x46,0x37,0x30,0x35,0x38,0x3b,0x22,
  0x20,0x70,0x6f,0x69,0x6e,0x74,0x73,0x3d,0x22,0x32,0x31,0x31,0x2e,0x39,0x2c,0x31,
  0x32,0x38,0x2e,0x36,0x20,0x32,0x31,0x31,0x2e,0x39,0x2c,0x36,0x30,0x2e,0x36,0x20,
  0x31,0x38,0x34,0x2e,0x38,0x2c,0x36,0x30,0x2e,0x36,0x20,0x31,0x38,0x34,0x2e,0x38,
  0x2c,0x31,0x32,0x38,0x2e,0x36,0x20,0x31,0x35,0x36,0x2e,0x37,0x2c,0x31,0x32,0x38,
  0x2e,0x36,0x20,0x31,0x39,0x38,0x2e,0x33,0x2c,0x31,0x37,0x30,0x2e,0x32,0x20,0x32,
  0x34,0x30,0x2c,0x31,0x32,0x38,0x2e,0x36,0x20,0x9,0x22,0x2f,0x3e,0xd,0xa,0x3c,
  0x2f,0x67,0x3e,0xd,0xa,0x3c,0x67,0x3e,0xd,0xa,0x9,0x3c,0x70,0x6f,0x6c,0x79,
  0x67,0x6f,0x6e,0x20,0x73,0x74,0x79,0x6c,0x65,0x3d,0x22,0x66,0x69,0x6c,0x6c,0x3a,
  0x23,0x46,0x46,0x46,0x46,0x46,0x46,0x3b,0x22,0x20,0x70,0x6f,0x69,0x6e,0x74,0x73,
  0x3d,0x22,0x31,0x35,0x32,0x2e,0x36,0x2c,0x33,0x35,0x34,0x20,0x31,0x35,0x32,0x2e,
  0x36,0x2c,0x33,0x38,0x39,0x2e,0x39,0x20,0x31,0x36,0x31,0x2e,0x39,0x2c,0x33,0x38,
  0x39,0x2e,0x39,0x20,0x31,0x36,0x31,0x2e,0x39,0x2c,0x33,0x35,0x34,0x20,0x31,0x37,
  0x31,0x2e,0x36,0x2c,0x33,0x35,0x34,0x20,0x31,0x35,0x37,0x2e,0x32,0x2c,0x33,0x33,
  0x32,0x20,0x31,0x34,0x32,0x2e,0x39,0x2c,0x33,0x35,0x34,0x20,0x9,0x22,0x2f,0x3e,
  0xd,0xa,0x9,0x3c,0x70,0x6f,0x6c,0x79,0x67,0x6f,0x6e,0x20,0x73,0x74,0x79,0x6c,
  0x65,0x3d,0x22,0x66,0x69,0x6c,0x6c,0x3a,0x23,0x46,0x46,0x46,0x46,0x46,0x46,0x3b,
  0x22,0x20,0x70,0x6f,0x69,0x6e,0x74,0x73,0x3d,0x22,0x31,0x38,0x38,0x2e,0x32,0x2c,
  0x33,0x35,0x34,0x20,0x31,0x38,0x38,0x2e,0x32,0x2c,0x33,0x38,0x39,0x2e,0x39,0x20,
  0x31,0x39,0x37,0x2e,0x35,0x2c,0x33,0x38,0x39,0x2e,0x39,0x20,0x31,0x39,0x37,0x2e,
  0x35,0x2c,0x33,0x35,0x34,0x20,0x32,0x30,0x37,0x2e,0x32,0x2c,0x33,0x35,0x34,0x20,
  0x31,0x39,0x32,0x2e,0x38,0x2c,0x33,0x33,0x32,0x20,0x31,0x37,0x38,0x2e,0x35,0x2c,
  0x33,0x35,0x34,0x20,0x9,0x22,0x2f,0x3e,0xd,0xa,0x9,0x3c,0x72,0x65,0x63,0x74,
  0x20,0x78,0x3d,0x22,0x31,0x34,0x32,0x2e,0x38,0x22,0x20,0x79,0x3d,0x22,0x33,0x39,
  0x35,0x2e,0x32,0x22,0x20,0x73,0x74,0x79,0x6c,0x65,0x3d,0x22,0x66,0x69,0x6c,0x6c,
  0x3a,0x23,0x46,0x46,0x46,0x46,0x46,0x46,0x3b,0x22,0x20,0x77,0x69,0x64,0x74,0x68,
  0x3d,0x22,0x36,0x34,0x2e,0x35,0x22,0x20,0x68,0x65,0x69,0x67,0x68,0x74,0x3d,0x22,
  0x35,0x2e,0x33,0x22,0x2f,0x3e,0xd,0xa,0x3c,0x2f,0x67,0x3e,0xd,0xa,0x3c,0x67,
  0x3e,0xd,0xa,0x3c,0x2f,0x67,0x3e,0xd,0xa,0x3c,0x67,0x3e,0xd,0xa,0x3c,0x2f,
  0x67,0x3e,0xd,0xa,0x3c,0x67,0x3e,0xd,0xa,0x3c,0x2f,0x67,0x3e,0xd,0xa,0x3c,
  0x67,0x3e,0xd,0xa,0x3c,0x2f,0x67,0x3e,0xd,0xa,0x3c,0x67,0x3e,0xd,0xa,0x3c,
  0x2f,0x67,0x3e,0xd,0xa,0x3c,0x67,0x3e,0xd,0xa,0x3c,0x2f,0x67,0x3e,0xd,0xa,
  0x3c,0x67,0x3e,0xd,0xa,0x3c,0x2f,0x67,0x3e,0xd,0xa,0x3c,0x67,0x3e,0xd,0xa,
  0x3c,0x2f,0x67,0x3e,0xd,0xa,0x3c,0x67,0x3e,0xd,0xa,0x3c,0x2f,0x67,0x3e,0xd,
  0xa,0x3c,0x67,0x3e,0xd,0xa,0x3c,0x2f,0x67,0x3e,0xd,0xa,0x3c,0x67,0x3e,0xd,
  0xa,0x3c,0x2f,0x67,0x3e,0xd,0xa,0x3c,0x67,0x3e,0xd,0xa,0x3c,0x2f,0x67,0x3e,
  0xd,0xa,0x3c,0x67,0x3e,0xd,0xa,0x3c,0x2f,0x67,0x3e,0xd,0xa,0x3c,0x67,0x3e,
  0xd,0xa,0x3c,0x2f,0x67,0x3e,0xd,0xa,0x3c,0x67,0x3e,0xd,0xa,0x3c,0x2f,0x67,
  0x3e,0xd,0xa,0x3c,0x2f,0x73,0x76,0x67,0x3e,0xd,0xa,
    // /home/etapadmin/Masaüstü/e-ag-qt6/dds/dds-monitor/icons/about.svg
  0x0,0x0,0x8,0x27,
  0x3c,
  0x3f,0x78,0x6d,0x6c,0x20,0x76,0x65,0x72,0x73,0x69,0x6f,0x6e,0x3d,0x22,0x31,0x2e,
  0x30,0x22,0x20,0x65,0x6e,0x63,0x6f,0x64,0x69,0x6e,0x67,0x3d,0x22,0x69,0x73,0x6f,
  0x2d,0x38,0x38,0x35,0x39,0x2d,0x31,0x22,0x3f,0x3e,0xd,0xa,0x3c,0x21,0x2d,0x2d,
  0x20,0x47,0x65,0x6e,0x65,0x72,0x61,0x74,0x6f,0x72,0x3a,0x20,0x41,0x64,0x6f,0x62,
  0x65,0x20,0x49,0x6c,0x6c,0x75,0x73,0x74,0x72,0x61,0x74,0x6f,0x72,0x20,0x31,0x39,
  0x2e,0x30,0x2e,0x30,0x2c,0x20,0x53,0x56,0x47,0x20,0x45,0x78,0x70,0x6f,0x72,0x74,
  0x20,0x50,0x6c,0x75,0x67,0x2d,0x49,0x6e,0x20,0x2e,0x20,0x53,0x56,0x47,0x20,0x56,
  0x65,0x72,0x73,0x69,0x6f,0x6e,0x3a,0x20,0x36,0x2e,0x30,0x30,0x20,0x42,0x75,0x69,
  0x6c,0x64,0x20,0x30,0x29,0x20,0x20,0x2d,0x2d,0x3e,0xd,0xa,0x3c,0x73,0x76,0x67,
  0x20,0x76,0x65,0x72,0x73,0x69,0x6f,0x6e,0x3d,0x22,0x31,0x2e,0x31,0x22,0x20,0x69,
  0x64,0x3d,0x22,0x4c,0x61,0x79,0x65,0x72,0x5f,0x31,0x22,0x20,0x78,0x6d,0x6c,0x6e,
  0x73,0x3d,0x22,0x68,0x74,0x74,0x70,0x3a,0x2f,0x2f,0x77,0x77,0x77,0x2e,0x77,0x33,
  0x2e,0x6f,0x72,0x67,0x2f,0x32,0x30,0x30,0x30,0x2f,0x73,0x76,0x67,0x22,0x20,0x78,
  0x6d,0x6c,0x6e,0x73,0x3a,0x78,0x6c,0x69,0x6e,0x6b,0x3d,0x22,0x68,0x74,0x74,0x70,
  0x3a,0x2f,0x2f,0x77,0x77,0x77,0x2e,0x77,0x33,0x2e,0x6f,0x72,0x67,0x2f,0x31,0x39,
  0x39,0x39,0x2f,0x78,0x6c,0x69,0x6e,0x6b,0x22,0x20,0x78,0x3d,0x22,0x30,0x70,0x78,
  0x22,0x20,0x79,0x3d,0x22,0x30,0x70,0x78,0x22,0xd,0xa,0x9,0x20,0x76,0x69,0x65,
  0x77,0x42,0x6f,0x78,0x3d,0x22,0x30,0x20,0x30,0x20,0x34,0x39,0x36,0x2e,0x31,0x35,
  0x38,0x20,0x34,0x39,0x36,0x2e,0x31,0x35,0x38,0x22,0x20,0x73,0x74,0x79,0x6c,0x65,
  0x3d,0x22,0x65,0x6e,0x61,0x62,0x6c,0x65,0x2d,0x62,0x61,0x63,0x6b,0x67,0x72,0x6f,
  0x75,0x6e,0x64,0x3a,0x6e,0x65,0x77,0x20,0x30,0x20,0x30,0x20,0x34,0x39,0x36,0x2e,
  0x31,0x35,0x38,0x20,0x34,0x39,0x36,0x2e,0x31,0x35,0x38,0x3b,0x22,0x20,0x78,0x6d,
  0x6c,0x3a,0x73,0x70,0x61,0x63,0x65,0x3d,0x22,0x70,0x72,0x65,0x73,0x65,0x72,0x76,
  0x65,0x22,0x3e,0xd,0xa,0x3c,0x70,0x61,0x74,0x68,0x20,0x73,0x74,0x79,0x6c,0x65,
  0x3d,0x22,0x66,0x69,0x6c,0x6c,0x3a,0x23,0x32,0x35,0x42,0x37,0x44,0x33,0x3b,0x22,
  0x20,0x64,0x3d,0x22,0x4d,0x34,0x39,0x36,0x2e,0x31,0x35,0x38,0x2c,0x32,0x34,0x38,
  0x2e,0x30,0x38,0x35,0x63,0x30,0x2d,0x31,0x33,0x37,0x2e,0x30,0x32,0x32,0x2d,0x31,
  0x31,0x31,0x2e,0x30,0x36,0x39,0x2d,0x32,0x34,0x38,0x2e,0x30,0x38,0x32,0x2d,0x32,
  0x34,0x38,0x2e,0x30,0x37,0x35,0x2d,0x32,0x34,0x38,0x2e,0x30,0x38,0x32,0x43,0x31,
  0x31,0x31,0x2e,0x30,0x37,0x2c,0x30,0x2e,0x30,0x30,0x33,0x2c,0x30,0x2c,0x31,0x31,
  0x31,0x2e,0x30,0x36,0x33,0x2c,0x30,0x2c,0x32,0x34,0x38,0x2e,0x30,0x38,0x35,0xd,
  0xa,0x9,0x63,0x30,0x2c,0x31,0x33,0x37,0x2e,0x30,0x30,0x31,0x2c,0x31,0x31,0x31,
  0x2e,0x30,0x37,0x2c,0x32,0x34,0x38,0x2e,0x30,0x37,0x2c,0x32,0x34,0x38,0x2e,0x30,
  0x38,0x33,0x2c,0x32,0x34,0x38,0x2e,0x30,0x37,0x43,0x33,0x38,0x35,0x2e,0x30,0x38,
  0x39,0x2c,0x34,0x39,0x36,0x2e,0x31,0x35,0x35,0x2c,0x34,0x39,0x36,0x2e,0x31,0x35,
  0x38,0x2c,0x33,0x38,0x35,0x2e,0x30,0x38,0x36,0x2c,0x34,0x39,0x36,0x2e,0x31,0x35,
  0x38,0x2c,0x32,0x34,0x38,0x2e,0x30,0x38,0x35,0x7a,0x22,0x2f,0x3e,0xd,0xa,0x3c,
  0x67,0x3e,0xd,0xa,0x9,0x3c,0x70,0x61,0x74,0x68,0x20,0x73,0x74,0x79,0x6c,0x65,
  0x3d,0x22,0x66,0x69,0x6c,0x6c,0x3a,0x23,0x46,0x46,0x46,0x46,0x46,0x46,0x3b,0x22,
  0x20,0x64,0x3d,0x22,0x4d,0x33,0x31,0x35,0x2e,0x32,0x34,0x39,0x2c,0x33,0x35,0x39,
  0x2e,0x35,0x35,0x35,0x63,0x2d,0x31,0x2e,0x33,0x38,0x37,0x2d,0x32,0x2e,0x30,0x33,
  0x32,0x2d,0x34,0x2e,0x30,0x34,0x38,0x2d,0x32,0x2e,0x37,0x35,0x35,0x2d,0x36,0x2e,
  0x32,0x37,0x2d,0x31,0x2e,0x37,0x30,0x32,0x63,0x2d,0x32,0x34,0x2e,0x35,0x38,0x32,
  0x2c,0x31,0x31,0x2e,0x36,0x33,0x37,0x2d,0x35,0x32,0x2e,0x34,0x38,0x32,0x2c,0x32,
  0x33,0x2e,0x39,0x34,0x2d,0x35,0x37,0x2e,0x39,0x35,0x38,0x2c,0x32,0x35,0x2e,0x30,
  0x31,0x35,0xd,0xa,0x9,0x9,0x63,0x2d,0x30,0x2e,0x31,0x33,0x38,0x2d,0x30,0x2e,
  0x31,0x32,0x33,0x2d,0x30,0x2e,0x33,0x35,0x37,0x2d,0x30,0x2e,0x33,0x34,0x38,0x2d,
  0x30,0x2e,0x36,0x34,0x34,0x2d,0x30,0x2e,0x37,0x33,0x37,0x63,0x2d,0x30,0x2e,0x37,
  0x34,0x32,0x2d,0x31,0x2e,0x30,0x30,0x35,0x2d,0x31,0x2e,0x31,0x30,0x33,0x2d,0x32,
  0x2e,0x33,0x31,0x38,0x2d,0x31,0x2e,0x31,0x30,0x33,0x2d,0x34,0x2e,0x30,0x31,0x35,
  0x63,0x30,0x2d,0x31,0x33,0x2e,0x39,0x30,0x35,0x2c,0x31,0x30,0x2e,0x34,0x39,0x35,
  0x2d,0x35,0x36,0x2e,0x32,0x30,0x35,0x2c,0x33,0x31,0x2e,0x31,0x39,0x32,0x2d,0x31,
  0x32,0x35,0x2e,0x37,0x31,0x39,0xd,0xa,0x9,0x9,0x63,0x31,0x37,0x2e,0x34,0x35,
  0x31,0x2d,0x35,0x38,0x2e,0x34,0x30,0x36,0x2c,0x31,0x39,0x2e,0x34,0x36,0x39,0x2d,
  0x37,0x30,0x2e,0x34,0x39,0x39,0x2c,0x31,0x39,0x2e,0x34,0x36,0x39,0x2d,0x37,0x34,
  0x2e,0x35,0x31,0x34,0x63,0x30,0x2d,0x36,0x2e,0x31,0x39,0x38,0x2d,0x32,0x2e,0x33,
  0x37,0x33,0x2d,0x31,0x31,0x2e,0x34,0x33,0x35,0x2d,0x36,0x2e,0x38,0x36,0x35,0x2d,
  0x31,0x35,0x2e,0x31,0x34,0x36,0x63,0x2d,0x34,0x2e,0x32,0x36,0x37,0x2d,0x33,0x2e,
  0x35,0x31,0x39,0x2d,0x31,0x30,0x2e,0x32,0x32,0x39,0x2d,0x35,0x2e,0x33,0x30,0x32,
  0x2d,0x31,0x37,0x2e,0x37,0x31,0x39,0x2d,0x35,0x2e,0x33,0x30,0x32,0xd,0xa,0x9,
  0x9,0x63,0x2d,0x31,0x32,0x2e,0x34,0x35,0x39,0x2c,0x30,0x2d,0x32,0x36,0x2e,0x38,
  0x39,0x39,0x2c,0x34,0x2e,0x37,0x33,0x2d,0x34,0x34,0x2e,0x31,0x34,0x36,0x2c,0x31,
  0x34,0x2e,0x34,0x36,0x31,0x63,0x2d,0x31,0x36,0x2e,0x37,0x31,0x33,0x2c,0x39,0x2e,
  0x34,0x33,0x33,0x2d,0x33,0x35,0x2e,0x33,0x35,0x32,0x2c,0x32,0x35,0x2e,0x34,0x31,
  0x2d,0x35,0x35,0x2e,0x33,0x39,0x36,0x2c,0x34,0x37,0x2e,0x34,0x38,0x37,0x63,0x2d,
  0x31,0x2e,0x35,0x36,0x39,0x2c,0x31,0x2e,0x37,0x32,0x39,0x2d,0x31,0x2e,0x37,0x33,
  0x33,0x2c,0x34,0x2e,0x33,0x31,0x34,0x2d,0x30,0x2e,0x33,0x39,0x35,0x2c,0x36,0x2e,
  0x32,0x32,0x38,0xd,0xa,0x9,0x9,0x63,0x31,0x2e,0x33,0x34,0x2c,0x31,0x2e,0x39,
  0x31,0x35,0x2c,0x33,0x2e,0x38,0x32,0x35,0x2c,0x32,0x2e,0x36,0x34,0x34,0x2c,0x35,
  0x2e,0x39,0x38,0x36,0x2c,0x31,0x2e,0x37,0x36,0x34,0x63,0x37,0x2e,0x30,0x33,0x37,
  0x2d,0x32,0x2e,0x38,0x37,0x32,0x2c,0x34,0x32,0x2e,0x34,0x30,0x32,0x2d,0x31,0x37,
  0x2e,0x33,0x35,0x39,0x2c,0x34,0x37,0x2e,0x35,0x35,0x37,0x2d,0x32,0x30,0x2e,0x35,
  0x39,0x37,0x63,0x34,0x2e,0x32,0x32,0x31,0x2d,0x32,0x2e,0x36,0x34,0x36,0x2c,0x37,
  0x2e,0x38,0x37,0x35,0x2d,0x33,0x2e,0x39,0x38,0x39,0x2c,0x31,0x30,0x2e,0x38,0x36,
  0x31,0x2d,0x33,0x2e,0x39,0x38,0x39,0xd,0xa,0x9,0x9,0x63,0x30,0x2e,0x31,0x30,
  0x37,0x2c,0x30,0x2c,0x30,0x2e,0x31,0x39,0x39,0x2c,0x30,0x2e,0x30,0x30,0x34,0x2c,
  0x30,0x2e,0x32,0x37,0x36,0x2c,0x30,0x2e,0x30,0x31,0x63,0x30,0x2e,0x30,0x33,0x36,
  0x2c,0x30,0x2e,0x31,0x39,0x38,0x2c,0x30,0x2e,0x30,0x37,0x2c,0x30,0x2e,0x35,0x2c,
  0x30,0x2e,0x30,0x37,0x2c,0x30,0x2e,0x39,0x33,0x33,0x63,0x30,0x2c,0x33,0x2e,0x30,
  0x34,0x37,0x2d,0x30,0x2e,0x36,0x32,0x37,0x2c,0x36,0x2e,0x36,0x35,0x34,0x2d,0x31,
  0x2e,0x38,0x35,0x36,0x2c,0x31,0x30,0x2e,0x37,0x30,0x33,0xd,0xa,0x9,0x9,0x63,
  0x2d,0x33,0x30,0x2e,0x31,0x33,0x36,0x2c,0x39,0x37,0x2e,0x36,0x34,0x31,0x2d,0x34,
  0x34,0x2e,0x37,0x38,0x35,0x2c,0x31,0x35,0x37,0x2e,0x34,0x39,0x38,0x2d,0x34,0x34,
  0x2e,0x37,0x38,0x35,0x2c,0x31,0x38,0x32,0x2e,0x39,0x39,0x34,0x63,0x30,0x2c,0x38,
  0x2e,0x39,0x39,0x38,0x2c,0x32,0x2e,0x35,0x30,0x31,0x2c,0x31,0x36,0x2e,0x32,0x34,
  0x32,0x2c,0x37,0x2e,0x34,0x33,0x32,0x2c,0x32,0x31,0x2e,0x35,0x32,0x38,0x63,0x35,
  0x2e,0x30,0x32,0x35,0x2c,0x35,0x2e,0x33,0x39,0x33,0x2c,0x31,0x31,0x2e,0x38,0x30,
  0x33,0x2c,0x38,0x2e,0x31,0x32,0x37,0x2c,0x32,0x30,0x2e,0x31,0x34,0x36,0x2c,0x38,
  0x2e,0x31,0x32,0x37,0xd,0xa,0x9,0x9,0x63,0x38,0x2e,0x38,0x39,0x31,0x2c,0x30,
  0x2c,0x31,0x39,0x2e,0x37,0x31,0x32,0x2d,0x33,0x2e,0x37,0x31,0x34,0x2c,0x33,0x33,
  0x2e,0x30,0x38,0x2d,0x31,0x31,0x2e,0x33,0x35,0x34,0x63,0x31,0x32,0x2e,0x39,0x33,
  0x36,0x2d,0x37,0x2e,0x33,0x39,0x32,0x2c,0x33,0x32,0x2e,0x36,0x38,0x2d,0x32,0x33,
  0x2e,0x36,0x35,0x33,0x2c,0x36,0x30,0x2e,0x33,0x36,0x33,0x2d,0x34,0x39,0x2e,0x37,
  0x31,0x37,0x43,0x33,0x31,0x36,0x2e,0x33,0x33,0x37,0x2c,0x33,0x36,0x34,0x2e,0x33,
  0x32,0x36,0x2c,0x33,0x31,0x36,0x2e,0x36,0x33,0x36,0x2c,0x33,0x36,0x31,0x2e,0x35,
  0x38,0x37,0x2c,0x33,0x31,0x35,0x2e,0x32,0x34,0x39,0x2c,0x33,0x35,0x39,0x2e,0x35,
  0x35,0x35,0x7a,0x22,0x2f,0x3e,0xd,0xa,0x9,0x3c,0x70,0x61,0x74,0x68,0x20,0x73,
  0x74,0x79,0x6c,0x65,0x3d,0x22,0x66,0x69,0x6c,0x6c,0x3a,0x23,0x46,0x46,0x46,0x46,
  0x46,0x46,0x3b,0x22,0x20,0x64,0x3d,0x22,0x4d,0x33,0x31,0x34,0x2e,0x32,0x38,0x32,
  0x2c,0x37,0x36,0x2e,0x36,0x37,0x32,0x63,0x2d,0x34,0x2e,0x39,0x32,0x35,0x2d,0x35,
  0x2e,0x30,0x34,0x31,0x2d,0x31,0x31,0x2e,0x32,0x32,0x37,0x2d,0x37,0x2e,0x35,0x39,
  0x37,0x2d,0x31,0x38,0x2e,0x37,0x32,0x39,0x2d,0x37,0x2e,0x35,0x39,0x37,0x63,0x2d,
  0x39,0x2e,0x33,0x34,0x2c,0x30,0x2d,0x31,0x37,0x2e,0x34,0x37,0x35,0x2c,0x33,0x2e,
  0x36,0x39,0x31,0x2d,0x32,0x34,0x2e,0x31,0x37,0x36,0x2c,0x31,0x30,0x2e,0x39,0x37,
  0x31,0xd,0xa,0x9,0x9,0x63,0x2d,0x36,0x2e,0x35,0x39,0x34,0x2c,0x37,0x2e,0x31,
  0x36,0x2d,0x39,0x2e,0x39,0x33,0x38,0x2c,0x31,0x35,0x2e,0x39,0x34,0x36,0x2d,0x39,
  0x2e,0x39,0x33,0x38,0x2c,0x32,0x36,0x2e,0x31,0x31,0x33,0x63,0x30,0x2c,0x38,0x2e,
  0x30,0x33,0x33,0x2c,0x32,0x2e,0x34,0x36,0x33,0x2c,0x31,0x34,0x2e,0x36,0x39,0x2c,
  0x37,0x2e,0x33,0x32,0x2c,0x31,0x39,0x2e,0x37,0x38,0x35,0x63,0x34,0x2e,0x39,0x32,
  0x32,0x2c,0x35,0x2e,0x31,0x37,0x32,0x2c,0x31,0x31,0x2e,0x31,0x33,0x39,0x2c,0x37,
  0x2e,0x37,0x39,0x34,0x2c,0x31,0x38,0x2e,0x34,0x37,0x36,0x2c,0x37,0x2e,0x37,0x39,
  0x34,0xd,0xa,0x9,0x9,0x63,0x38,0x2e,0x39,0x35,0x38,0x2c,0x30,0x2c,0x31,0x37,
  0x2e,0x30,0x34,0x39,0x2d,0x33,0x2e,0x38,0x39,0x38,0x2c,0x32,0x34,0x2e,0x30,0x34,
  0x37,0x2d,0x31,0x31,0x2e,0x35,0x38,0x36,0x63,0x36,0x2e,0x38,0x37,0x36,0x2d,0x37,
  0x2e,0x35,0x35,0x33,0x2c,0x31,0x30,0x2e,0x33,0x36,0x33,0x2d,0x31,0x36,0x2e,0x34,
  0x33,0x33,0x2c,0x31,0x30,0x2e,0x33,0x36,0x33,0x2d,0x32,0x36,0x2e,0x33,0x39,0x33,
  0x43,0x33,0x32,0x31,0x2e,0x36,0x34,0x36,0x2c,0x38,0x38,0x2e,0x31,0x30,0x35,0x2c,
  0x33,0x31,0x39,0x2e,0x31,0x36,0x39,0x2c,0x38,0x31,0x2e,0x36,0x38,0x34,0x2c,0x33,
  0x31,0x34,0x2e,0x32,0x38,0x32,0x2c,0x37,0x36,0x2e,0x36,0x37,0x32,0x7a,0x22,0x2f,
  0x3e,0xd,0xa,0x3c,0x2f,0x67,0x3e,0xd,0xa,0x3c,0x67,0x3e,0xd,0xa,0x3c,0x2f,
  0x67,0x3e,0xd,0xa,0x3c,0x67,0x3e,0xd,0xa,0x3c,0x2f,0x67,0x3e,0xd,0xa,0x3c,
  0x67,0x3e,0xd,0xa,0x3c,0x2f,0x67,0x3e,0xd,0xa,0x3c,0x67,0x3e,0xd,0xa,0x3c,
  0x2f,0x67,0x3e,0xd,0xa,0x3c,0x67,0x3e,0xd,0xa,0x3c,0x2f,0x67,0x3e,0xd,0xa,
  0x3c,0x67,0x3e,0xd,0xa,0x3c,0x2f,0x67,0x3e,0xd,0xa,0x3c,0x67,0x3e,0xd,0xa,
  0x3c,0x2f,0x67,0x3e,0xd,0xa,0x3c,0x67,0x3e,0xd,0xa,0x3c,0x2f,0x67,0x3e,0xd,
  0xa,0x3c,0x67,0x3e,0xd,0xa,0x3c,0x2f,0x67,0x3e,0xd,0xa,0x3c,0x67,0x3e,0xd,
  0xa,0x3c,0x2f,0x67,0x3e,0xd,0xa,0x3c,0x67,0x3e,0xd,0xa,0x3c,0x2f,0x67,0x3e,
  0xd,0xa,0x3c,0x67,0x3e,0xd,0xa,0x3c,0x2f,0x67,0x3e,0xd,0xa,0x3c,0x67,0x3e,
  0xd,0xa,0x3c,0x2f,0x67,0x3e,0xd,0xa,0x3c,0x67,0x3e,0xd,0xa,0x3c,0x2f,0x67,
  0x3e,0xd,0xa,0x3c,0x67,0x3e,0xd,0xa,0x3c,0x2f,0x67,0x3e,0xd,0xa,0x3c,0x2f,
  0x73,0x76,0x67,0x3e,0xd,0xa,
    // /home/etapadmin/Masaüstü/e-ag-qt6/dds/dds-monitor/icons/stop.svg
  0x0,0x0,0x5,0xaa,
  0x3c,
  0x3f,0x78,0x6d,0x6c,0x20,0x76,0x65,0x72,0x73,0x69,0x6f,0x6e,0x3d,0x22,0x31,0x2e,
  0x30,0x22,0x20,0x65,0x6e,0x63,0x6f,0x64,0x69,0x6e,0x67,0x3d,0x22,0x55,0x54,0x46,
  0x2d,0x38,0x22,0x20,0x73,0x74,0x61,0x6e,0x64,0x61,0x6c,0x6f,0x6e,0x65,0x3d,0x22,
  0x6e,0x6f,0x22,0x3f,0x3e,0xa,0x3c,0x21,0x2d,0x2d,0x20,0x55,0x70,0x6c,0x6f,0x61,
  0x64,0x65,0x64,0x20,0x74,0x6f,0x3a,0x20,0x53,0x56,0x47,0x20,0x52,0x65,0x70,0x6f,
  0x2c,0x20,0x77,0x77,0x77,0x2e,0x73,0x76,0x67,0x72,0x65,0x70,0x6f,0x2e,0x63,0x6f,
  0x6d,0x2c,0x20,0x47,0x65,0x6e,0x65,0x72,0x61,0x74,0x6f,0x72,0x3a,0x20,0x53,0x56,
  0x47,0x20,0x52,0x65,0x70,0x6f,0x20,0x4d,0x69,0x78,0x65,0x72,0x20,0x54,0x6f,0x6f,
  0x6c,0x73,0x20,0x2d,0x2d,0x3e,0xa,0xa,0x3c,0x73,0x76,0x67,0xa,0x20,0x20,0x20,
  0x77,0x69,0x64,0x74,0x68,0x3d,0x22,0x38,0x30,0x30,0x70,0x78,0x22,0xa,0x20,0x20,
  0x20,0x68,0x65,0x69,0x67,0x68,0x74,0x3d,0x22,0x38,0x30,0x30,0x70,0x78,0x22,0xa,
  0x20,0x20,0x20,0x76,0x69,0x65,0x77,0x42,0x6f,0x78,0x3d,0x22,0x30,0x20,0x30,0x20,
  0x36,0x34,0x20,0x36,0x34,0x22,0xa,0x20,0x20,0x20,0x61,0x72,0x69,0x61,0x2d,0x68,
  0x69,0x64,0x64,0x65,0x6e,0x3d,0x22,0x74,0x72,0x75,0x65,0x22,0xa,0x20,0x20,0x20,
  0x72,0x6f,0x6c,0x65,0x3d,0x22,0x69,0x6d,0x67,0x22,0xa,0x20,0x20,0x20,0x63,0x6c,
  0x61,0x73,0x73,0x3d,0x22,0x69,0x63,0x6f,0x6e,0x69,0x66,0x79,0x20,0x69,0x63,0x6f,
  0x6e,0x69,0x66,0x79,0x2d,0x2d,0x65,0x6d,0x6f,0x6a,0x69,0x6f,0x6e,0x65,0x22,0xa,
  0x20,0x20,0x20,0x70,0x72,0x65,0x73,0x65,0x72,0x76,0x65,0x41,0x73,0x70,0x65,0x63,
  0x74,0x52,0x61,0x74,0x69,0x6f,0x3d,0x22,0x78,0x4d,0x69,0x64,0x59,0x4d,0x69,0x64,
  0x20,0x6d,0x65,0x65,0x74,0x22,0xa,0x20,0x20,0x20,0x76,0x65,0x72,0x73,0x69,0x6f,
  0x6e,0x3d,0x22,0x31,0x2e,0x31,0x22,0xa,0x20,0x20,0x20,0x69,0x64,0x3d,0x22,0x73,
  0x76,0x67,0x36,0x22,0xa,0x20,0x20,0x20,0x73,0x6f,0x64,0x69,0x70,0x6f,0x64,0x69,
  0x3a,0x64,0x6f,0x63,0x6e,0x61,0x6d,0x65,0x3d,0x22,0x73,0x74,0x6f,0x70,0x2e,0x73,
  0x76,0x67,0x22,0xa,0x20,0x20,0x20,0x69,0x6e,0x6b,0x73,0x63,0x61,0x70,0x65,0x3a,
  0x76,0x65,0x72,0x73,0x69,0x6f,0x6e,0x3d,0x22,0x31,0x2e,0x32,0x2e,0x32,0x20,0x28,
  0x62,0x30,0x61,0x38,0x34,0x38,0x36,0x35,0x34,0x31,0x2c,0x20,0x32,0x30,0x32,0x32,
  0x2d,0x31,0x32,0x2d,0x30,0x31,0x29,0x22,0xa,0x20,0x20,0x20,0x78,0x6d,0x6c,0x6e,
  0x73,0x3a,0x69,0x6e,0x6b,0x73,0x63,0x61,0x70,0x65,0x3d,0x22,0x68,0x74,0x74,0x70,
  0x3a,0x2f,0x2f,0x77,0x77,0x77,0x2e,0x69,0x6e,0x6b,0x73,0x63,0x61,0x70,0x65,0x2e,
  0x6f,0x72,0x67,0x2f,0x6e,0x61,0x6d,0x65,0x73,0x70,0x61,0x63,0x65,0x73,0x2f,0x69,
  0x6e,0x6b,0x73,0x63,0x61,0x70,0x65,0x22,0xa,0x20,0x20,0x20,0x78,0x6d,0x6c,0x6e,
  0x73,0x3a,0x73,0x6f,0x64,0x69,0x70,0x6f,0x64,0x69,0x3d,0x22,0x68,0x74,0x74,0x70,
  0x3a,0x2f,0x2f,0x73,0x6f,0x64,0x69,0x70,0x6f,0x64,0x69,0x2e,0x73,0x6f,0x75,0x72,
  0x63,0x65,0x66,0x6f,0x72,0x67,0x65,0x2e,0x6e,0x65,0x74,0x2f,0x44,0x54,0x44,0x2f,
  0x73,0x6f,0x64,0x69,0x70,0x6f,0x64,0x69,0x2d,0x30,0x2e,0x64,0x74,0x64,0x22,0xa,
  0x20,0x20,0x20,0x78,0x6d,0x6c,0x6e,0x73,0x3d,0x22,0x68,0x74,0x74,0x70,0x3a,0x2f,
  0x2f,0x77,0x77,0x77,0x2e,0x77,0x33,0x2e,0x6f,0x72,0x67,0x2f,0x32,0x30,0x30,0x30,
  0x2f,0x73,0x76,0x67,0x22,0xa,0x20,0x20,0x20,0x78,0x6d,0x6c,0x6e,0x73,0x3a,0x73,
  0x76,0x67,0x3d,0x22,0x68,0x74,0x74,0x70,0x3a,0x2f,0x2f,0x77,0x77,0x77,0x2e,0x77,
  0x33,0x2e,0x6f,0x72,0x67,0x2f,0x32,0x30,0x30,0x30,0x2f,0x73,0x76,0x67,0x22,0x3e,
  0xa,0x20,0x20,0x3c,0x64,0x65,0x66,0x73,0xa,0x20,0x20,0x20,0x20,0x20,0x69,0x64,
  0x3d,0x22,0x64,0x65,0x66,0x73,0x31,0x30,0x22,0x20,0x2f,0x3e,0xa,0x20,0x20,0x3c,
  0x73,0x6f,0x64,0x69,0x70,0x6f,0x64,0x69,0x3a,0x6e,0x61,0x6d,0x65,0x64,0x76,0x69,
  0x65,0x77,0xa,0x20,0x20,0x20,0x20,0x20,0x69,0x64,0x3d,0x22,0x6e,0x61,0x6d,0x65,
  0x64,0x76,0x69,0x65,0x77,0x38,0x22,0xa,0x20,0x20,0x20,0x20,0x20,0x70,0x61,0x67,
  0x65,0x63,0x6f,0x6c,0x6f,0x72,0x3d,0x22,0x23,0x66,0x66,0x66,0x66,0x66,0x66,0x22,
  0xa,0x20,0x20,0x20,0x20,0x20,0x62,0x6f,0x72,0x64,0x65,0x72,0x63,0x6f,0x6c,0x6f,
  0x72,0x3d,0x22,0x23,0x30,0x30,0x30,0x30,0x30,0x30,0x22,0xa,0x20,0x20,0x20,0x20,
  0x20,0x62,0x6f,0x72,0x64,0x65,0x72,0x6f,0x70,0x61,0x63,0x69,0x74,0x79,0x3d,0x22,
  0x30,0x2e,0x32,0x35,0x22,0xa,0x20,0x20,0x20,0x20,0x20,0x69,0x6e,0x6b,0x73,0x63,
  0x61,0x70,0x65,0x3a,0x73,0x68,0x6f,0x77,0x70,0x61,0x67,0x65,0x73,0x68,0x61,0x64,
  0x6f,0x77,0x3d,0x22,0x32,0x22,0xa,0x20,0x20,0x20,0x20,0x20,0x69,0x6e,0x6b,0x73,
  0x63,0x61,0x70,0x65,0x3a,0x70,0x61,0x67,0x65,0x6f,0x70,0x61,0x63,0x69,0x74,0x79,
  0x3d,0x22,0x30,0x2e,0x30,0x22,0xa,0x20,0x20,0x20,0x20,0x20,0x69,0x6e,0x6b,0x73,
  0x63,0x61,0x70,0x65,0x3a,0x70,0x61,0x67,0x65,0x63,0x68,0x65,0x63,0x6b,0x65,0x72,
  0x62,0x6f,0x61,0x72,0x64,0x3d,0x22,0x30,0x22,0xa,0x20,0x20,0x20,0x20,0x20,0x69,
  0x6e,0x6b,0x73,0x63,0x61,0x70,0x65,0x3a,0x64,0x65,0x73,0x6b,0x63,0x6f,0x6c,0x6f,
  0x72,0x3d,0x22,0x23,0x64,0x31,0x64,0x31,0x64,0x31,0x22,0xa,0x20,0x20,0x20,0x20,
  0x20,0x73,0x68,0x6f,0x77,0x67,0x72,0x69,0x64,0x3d,0x22,0x66,0x61,0x6c,0x73,0x65,
  0x22,0xa,0x20,0x20,0x20,0x20,0x20,0x69,0x6e,0x6b,0x73,0x63,0x61,0x70,0x65,0x3a,
  0x7a,0x6f,0x6f,0x6d,0x3d,0x22,0x30,0x2e,0x36,0x33,0x31,0x32,0x35,0x22,0xa,0x20,
  0x20,0x20,0x20,0x20,0x69,0x6e,0x6b,0x73,0x63,0x61,0x70,0x65,0x3a,0x63,0x78,0x3d,
  0x22,0x33,0x39,0x31,0x2e,0x32,0x38,0x37,0x31,0x33,0x22,0xa,0x20,0x20,0x20,0x20,
  0x20,0x69,0x6e,0x6b,0x73,0x63,0x61,0x70,0x65,0x3a,0x63,0x79,0x3d,0x22,0x34,0x30,
  0x30,0x2e,0x37,0x39,0x32,0x30,0x38,0x22,0xa,0x20,0x20,0x20,0x20,0x20,0x69,0x6e,
  0x6b,0x73,0x63,0x61,0x70,0x65,0x3a,0x77,0x69,0x6e,0x64,0x6f,0x77,0x2d,0x77,0x69,
  0x64,0x74,0x68,0x3d,0x22,0x31,0x33,0x36,0x36,0x22,0xa,0x20,0x20,0x20,0x20,0x20,
  0x69,0x6e,0x6b,0x73,0x63,0x61,0x70,0x65,0x3a,0x77,0x69,0x6e,0x64,0x6f,0x77,0x2d,
  0x68,0x65,0x69,0x67,0x68,0x74,0x3d,0x22,0x36,0x36,0x37,0x22,0xa,0x20,0x20,0x20,
  0x20,0x20,0x69,0x6e,0x6b,0x73,0x63,0x61,0x70,0x65,0x3a,0x77,0x69,0x6e,0x64,0x6f,
  0x77,0x2d,0x78,0x3d,0x22,0x30,0x22,0xa,0x20,0x20,0x20,0x20,0x20,0x69,0x6e,0x6b,
  0x73,0x63,0x61,0x70,0x65,0x3a,0x77,0x69,0x6e,0x64,0x6f,0x77,0x2d,0x79,0x3d,0x22,
  0x30,0x22,0xa,0x20,0x20,0x20,0x20,0x20,0x69,0x6e,0x6b,0x73,0x63,0x61,0x70,0x65,
  0x3a,0x77,0x69,0x6e,0x64,0x6f,0x77,0x2d,0x6d,0x61,0x78,0x69,0x6d,0x69,0x7a,0x65,
  0x64,0x3d,0x22,0x31,0x22,0xa,0x20,0x20,0x20,0x20,0x20,0x69,0x6e,0x6b,0x73,0x63,
  0x61,0x70,0x65,0x3a,0x63,0x75,0x72,0x72,0x65,0x6e,0x74,0x2d,0x6c,0x61,0x79,0x65,
  0x72,0x3d,0x22,0x73,0x76,0x67,0x36,0x22,0x20,0x2f,0x3e,0xa,0x20,0x20,0x3c,0x63,
  0x69,0x72,0x63,0x6c,0x65,0xa,0x20,0x20,0x20,0x20,0x20,0x63,0x78,0x3d,0x22,0x33,
  0x32,0x22,0xa,0x20,0x20,0x20,0x20,0x20,0x63,0x79,0x3d,0x22,0x33,0x32,0x22,0xa,
  0x20,0x20,0x20,0x20,0x20,0x72,0x3d,0x22,0x33,0x30,0x22,0xa,0x20,0x20,0x20,0x20,
  0x20,0x66,0x69,0x6c,0x6c,0x3d,0x22,0x23,0x34,0x66,0x64,0x31,0x64,0x39,0x22,0xa,
  0x20,0x20,0x20,0x20,0x20,0x69,0x64,0x3d,0x22,0x63,0x69,0x72,0x63,0x6c,0x65,0x32,
  0x22,0xa,0x20,0x20,0x20,0x20,0x20,0x73,0x74,0x79,0x6c,0x65,0x3d,0x22,0x66,0x69,
  0x6c,0x6c,0x3a,0x23,0x65,0x63,0x65,0x63,0x65,0x63,0x22,0x20,0x2f,0x3e,0xa,0x20,
  0x20,0x3c,0x70,0x61,0x74,0x68,0xa,0x20,0x20,0x20,0x20,0x20,0x66,0x69,0x6c,0x6c,
  0x3d,0x22,0x23,0x66,0x66,0x66,0x66,0x66,0x66,0x22,0xa,0x20,0x20,0x20,0x20,0x20,
  0x64,0x3d,0x22,0x4d,0x31,0x37,0x20,0x31,0x37,0x68,0x33,0x30,0x76,0x33,0x30,0x48,
  0x31,0x37,0x7a,0x22,0xa,0x20,0x20,0x20,0x20,0x20,0x69,0x64,0x3d,0x22,0x70,0x61,
  0x74,0x68,0x34,0x22,0xa,0x20,0x20,0x20,0x20,0x20,0x73,0x74,0x79,0x6c,0x65,0x3d,
  0x22,0x66,0x69,0x6c,0x6c,0x3a,0x23,0x66,0x66,0x38,0x30,0x38,0x30,0x22,0x20,0x2f,
  0x3e,0xa,0x3c,0x2f,0x73,0x76,0x67,0x3e,0xa,
    // /home/etapadmin/Masaüstü/e-ag-qt6/dds/dds-monitor/icons/save.svg
  0x0,0x0,0xb,0x6c,
  0x3c,
  0x3f,0x78,0x6d,0x6c,0x20,0x76,0x65,0x72,0x73,0x69,0x6f,0x6e,0x3d,0x22,0x31,0x2e,
  0x30,0x22,0x20,0x65,0x6e,0x63,0x6f,0x64,0x69,0x6e,0x67,0x3d,0x22,0x69,0x73,0x6f,
  0x2d,0x38,0x38,0x35,0x39,0x2d,0x31,0x22,0x3f,0x3e,0xd,0xa,0x3c,0x21,0x2d,0x2d,
  0x20,0x47,0x65,0x6e,0x65,0x72,0x61,0x74,0x6f,0x72,0x3a,0x20,0x41,0x64,0x6f,0x62,
  0x65,0x20,0x49,0x6c,0x6c,0x75,0x73,0x74,0x72,0x61,0x74,0x6f,0x72,0x20,0x31,0x39,
  0x2e,0x30,0x2e,0x30,0x2c,0x20,0x53,0x56,0x47,0x20,0x45,0x78,0x70,0x6f,0x72,0x74,
  0x20,0x50,0x6c,0x75,0x67,0x2d,0x49,0x6e,0x20,0x2e,0x20,0x53,0x56,0x47,0x20,0x56,
  0x65,0x72,0x73,0x69,0x6f,0x6e,0x3a,0x20,0x36,0x2e,0x30,0x30,0x20,0x42,0x75,0x69,
  0x6c,0x64,0x20,0x30,0x29,0x20,0x20,0x2d,0x2d,0x3e,0xd,0xa,0x3c,0x73,0x76,0x67,
  0x20,0x76,0x65,0x72,0x73,0x69,0x6f,0x6e,0x3d,0x22,0x31,0x2e,0x31,0x22,0x20,0x69,
  0x64,0x3d,0x22,0x4c,0x61,0x79,0x65,0x72,0x5f,0x31,0x22,0x20,0x78,0x6d,0x6c,0x6e,
  0x73,0x3d,0x22,0x68,0x74,0x74,0x70,0x3a,0x2f,0x2f,0x77,0x77,0x77,0x2e,0x77,0x33,
  0x2e,0x6f,0x72,0x67,0x2f,0x32,0x30,0x30,0x30,0x2f,0x73,0x76,0x67,0x22,0x20,0x78,
  0x6d,0x6c,0x6e,0x73,0x3a,0x78,0x6c,0x69,0x6e,0x6b,0x3d,0x22,0x68,0x74,0x74,0x70,
  0x3a,0x2f,0x2f,0x77,0x77,0x77,0x2e,0x77,0x33,0x2e,0x6f,0x72,0x67,0x2f,0x31,0x39,
  0x39,0x39,0x2f,0x78,0x6c,0x69,0x6e,0x6b,0x22,0x20,0x78,0x3d,0x22,0x30,0x70,0x78,
  0x22,0x20,0x79,0x3d,0x22,0x30,0x70,0x78,0x22,0xd,0xa,0x9,0x20,0x76,0x69,0x65,
  0x77,0x42,0x6f,0x78,0x3d,0x22,0x30,0x20,0x30,0x20,0x35,0x30,0x33,0x2e,0x34,0x36,
  0x37,0x20,0x35,0x30,0x33,0x2e,0x34,0x36,0x37,0x22,0x20,0x73,0x74,0x79,0x6c,0x65,
  0x3d,0x22,0x65,0x6e,0x61,0x62,0x6c,0x65,0x2d,0x62,0x61,0x63,0x6b,0x67,0x72,0x6f,
  0x75,0x6e,0x64,0x3a,0x6e,0x65,0x77,0x20,0x30,0x20,0x30,0x20,0x35,0x30,0x33,0x2e,
  0x34,0x36,0x37,0x20,0x35,0x30,0x33,0x2e,0x34,0x36,0x37,0x3b,0x22,0x20,0x78,0x6d,
  0x6c,0x3a,0x73,0x70,0x61,0x63,0x65,0x3d,0x22,0x70,0x72,0x65,0x73,0x65,0x72,0x76,
  0x65,0x22,0x3e,0xd,0xa,0x3c,0x67,0x20,0x74,0x72,0x61,0x6e,0x73,0x66,0x6f,0x72,
  0x6d,0x3d,0x22,0x74,0x72,0x61,0x6e,0x73,0x6c,0x61,0x74,0x65,0x28,0x31,0x20,0x31,
  0x29,0x22,0x3e,0xd,0xa,0x9,0x3c,0x67,0x3e,0xd,0xa,0x9,0x9,0x3c,0x70,0x6f,
  0x6c,0x79,0x67,0x6f,0x6e,0x20,0x73,0x74,0x79,0x6c,0x65,0x3d,0x22,0x66,0x69,0x6c,
  0x6c,0x3a,0x23,0x45,0x43,0x46,0x34,0x46,0x37,0x3b,0x22,0x20,0x70,0x6f,0x69,0x6e,
  0x74,0x73,0x3d,0x22,0x32,0x37,0x36,0x2e,0x33,0x33,0x33,0x2c,0x31,0x32,0x32,0x2e,
  0x37,0x33,0x33,0x20,0x33,0x34,0x34,0x2e,0x36,0x2c,0x31,0x32,0x32,0x2e,0x37,0x33,
  0x33,0x20,0x33,0x34,0x34,0x2e,0x36,0x2c,0x33,0x2e,0x32,0x36,0x37,0x20,0x32,0x37,
  0x36,0x2e,0x33,0x33,0x33,0x2c,0x33,0x2e,0x32,0x36,0x37,0x20,0x9,0x9,0x22,0x2f,
  0x3e,0xd,0xa,0x9,0x9,0x3c,0x70,0x6f,0x6c,0x79,0x67,0x6f,0x6e,0x20,0x73,0x74,
  0x79,0x6c,0x65,0x3d,0x22,0x66,0x69,0x6c,0x6c,0x3a,0x23,0x45,0x43,0x46,0x34,0x46,
  0x37,0x3b,0x22,0x20,0x70,0x6f,0x69,0x6e,0x74,0x73,0x3d,0x22,0x33,0x37,0x38,0x2e,
  0x37,0x33,0x33,0x2c,0x33,0x2e,0x32,0x36,0x37,0x20,0x33,0x37,0x38,0x2e,0x37,0x33,
  0x33,0x2c,0x31,0x35,0x36,0x2e,0x38,0x36,0x37,0x20,0x31,0x32,0x32,0x2e,0x37,0x33,
  0x33,0x2c,0x31,0x35,0x36,0x2e,0x38,0x36,0x37,0x20,0x31,0x32,0x32,0x2e,0x37,0x33,
  0x33,0x2c,0x33,0x2e,0x32,0x36,0x37,0x20,0x32,0x37,0x36,0x2e,0x33,0x33,0x33,0x2c,
  0x33,0x2e,0x32,0x36,0x37,0x20,0xd,0xa,0x9,0x9,0x9,0x32,0x37,0x36,0x2e,0x33,
  0x33,0x33,0x2c,0x31,0x32,0x32,0x2e,0x37,0x33,0x33,0x20,0x33,0x34,0x34,0x2e,0x36,
  0x2c,0x31,0x32,0x32,0x2e,0x37,0x33,0x33,0x20,0x33,0x34,0x34,0x2e,0x36,0x2c,0x33,
  0x2e,0x32,0x36,0x37,0x20,0x9,0x9,0x22,0x2f,0x3e,0xd,0xa,0x9,0x9,0x3c,0x70,
  0x6f,0x6c,0x79,0x67,0x6f,0x6e,0x20,0x73,0x74,0x79,0x6c,0x65,0x3d,0x22,0x66,0x69,
  0x6c,0x6c,0x3a,0x23,0x45,0x43,0x46,0x34,0x46,0x37,0x3b,0x22,0x20,0x70,0x6f,0x69,
  0x6e,0x74,0x73,0x3d,0x22,0x38,0x38,0x2e,0x36,0x2c,0x34,0x39,0x38,0x2e,0x32,0x20,
  0x34,0x31,0x32,0x2e,0x38,0x36,0x37,0x2c,0x34,0x39,0x38,0x2e,0x32,0x20,0x34,0x31,
  0x32,0x2e,0x38,0x36,0x37,0x2c,0x32,0x37,0x36,0x2e,0x33,0x33,0x33,0x20,0x38,0x38,
  0x2e,0x36,0x2c,0x32,0x37,0x36,0x2e,0x33,0x33,0x33,0x20,0x9,0x9,0x22,0x2f,0x3e,
  0xd,0xa,0x9,0x3c,0x2f,0x67,0x3e,0xd,0xa,0x9,0x3c,0x70,0x61,0x74,0x68,0x20,
  0x73,0x74,0x79,0x6c,0x65,0x3d,0x22,0x66,0x69,0x6c,0x6c,0x3a,0x23,0x38,0x30,0x44,
  0x36,0x46,0x41,0x3b,0x22,0x20,0x64,0x3d,0x22,0x4d,0x34,0x39,0x38,0x2e,0x32,0x2c,
  0x38,0x38,0x2e,0x36,0x76,0x33,0x37,0x35,0x2e,0x34,0x36,0x37,0x63,0x30,0x2c,0x31,
  0x38,0x2e,0x37,0x37,0x33,0x2d,0x31,0x35,0x2e,0x33,0x36,0x2c,0x33,0x34,0x2e,0x31,
  0x33,0x33,0x2d,0x33,0x34,0x2e,0x31,0x33,0x33,0x2c,0x33,0x34,0x2e,0x31,0x33,0x33,
  0x68,0x2d,0x35,0x31,0x2e,0x32,0x56,0x32,0x37,0x36,0x2e,0x33,0x33,0x33,0x48,0x38,
  0x38,0x2e,0x36,0x56,0x34,0x39,0x38,0x2e,0x32,0x48,0x33,0x37,0x2e,0x34,0xd,0xa,
  0x9,0x9,0x63,0x2d,0x31,0x38,0x2e,0x37,0x37,0x33,0x2c,0x30,0x2d,0x33,0x34,0x2e,
  0x31,0x33,0x33,0x2d,0x31,0x35,0x2e,0x33,0x36,0x2d,0x33,0x34,0x2e,0x31,0x33,0x33,
  0x2d,0x33,0x34,0x2e,0x31,0x33,0x33,0x56,0x33,0x37,0x2e,0x34,0x63,0x30,0x2d,0x31,
  0x38,0x2e,0x37,0x37,0x33,0x2c,0x31,0x35,0x2e,0x33,0x36,0x2d,0x33,0x34,0x2e,0x31,
  0x33,0x33,0x2c,0x33,0x34,0x2e,0x31,0x33,0x33,0x2d,0x33,0x34,0x2e,0x31,0x33,0x33,
  0x68,0x38,0x35,0x2e,0x33,0x33,0x33,0x76,0x31,0x35,0x33,0x2e,0x36,0x68,0x32,0x35,
  0x36,0x56,0x33,0x2e,0x32,0x36,0x37,0x68,0x33,0x34,0x2e,0x31,0x33,0x33,0x4c,0x34,
  0x39,0x38,0x2e,0x32,0x2c,0x38,0x38,0x2e,0x36,0x7a,0x22,0x2f,0x3e,0xd,0xa,0x3c,
  0x2f,0x67,0x3e,0xd,0xa,0x3c,0x70,0x61,0x74,0x68,0x20,0x73,0x74,0x79,0x6c,0x65,
  0x3d,0x22,0x66,0x69,0x6c,0x6c,0x3a,0x23,0x35,0x31,0x35,0x36,0x35,0x46,0x3b,0x22,
  0x20,0x64,0x3d,0x22,0x4d,0x34,0x36,0x35,0x2e,0x30,0x36,0x37,0x2c,0x35,0x30,0x33,
  0x2e,0x34,0x36,0x37,0x68,0x2d,0x35,0x31,0x2e,0x32,0x63,0x2d,0x32,0x2e,0x35,0x36,
  0x2c,0x30,0x2d,0x34,0x2e,0x32,0x36,0x37,0x2d,0x31,0x2e,0x37,0x30,0x37,0x2d,0x34,
  0x2e,0x32,0x36,0x37,0x2d,0x34,0x2e,0x32,0x36,0x37,0x56,0x32,0x38,0x31,0x2e,0x36,
  0x48,0x39,0x33,0x2e,0x38,0x36,0x37,0x76,0x31,0x38,0x33,0x2e,0x34,0x36,0x37,0xd,
  0xa,0x9,0x63,0x30,0x2c,0x32,0x2e,0x35,0x36,0x2d,0x31,0x2e,0x37,0x30,0x37,0x2c,
  0x34,0x2e,0x32,0x36,0x37,0x2d,0x34,0x2e,0x32,0x36,0x37,0x2c,0x34,0x2e,0x32,0x36,
  0x37,0x63,0x2d,0x32,0x2e,0x35,0x36,0x2c,0x30,0x2d,0x34,0x2e,0x32,0x36,0x37,0x2d,
  0x31,0x2e,0x37,0x30,0x37,0x2d,0x34,0x2e,0x32,0x36,0x37,0x2d,0x34,0x2e,0x32,0x36,
  0x37,0x56,0x32,0x37,0x37,0x2e,0x33,0x33,0x33,0x63,0x30,0x2d,0x32,0x2e,0x35,0x36,
  0x2c,0x31,0x2e,0x37,0x30,0x37,0x2d,0x34,0x2e,0x32,0x36,0x37,0x2c,0x34,0x2e,0x32,
  0x36,0x37,0x2d,0x34,0x2e,0x32,0x36,0x37,0x68,0x33,0x32,0x34,0x2e,0x32,0x36,0x37,
  0xd,0xa,0x9,0x63,0x32,0x2e,0x35,0x36,0x2c,0x30,0x2c,0x34,0x2e,0x32,0x36,0x37,
  0x2c,0x31,0x2e,0x37,0x30,0x37,0x2c,0x34,0x2e,0x32,0x36,0x37,0x2c,0x34,0x2e,0x32,
  0x36,0x37,0x76,0x32,0x31,0x37,0x2e,0x36,0x68,0x34,0x36,0x2e,0x39,0x33,0x33,0x63,
  0x31,0x36,0x2e,0x32,0x31,0x33,0x2c,0x30,0x2c,0x32,0x39,0x2e,0x38,0x36,0x37,0x2d,
  0x31,0x33,0x2e,0x36,0x35,0x33,0x2c,0x32,0x39,0x2e,0x38,0x36,0x37,0x2d,0x32,0x39,
  0x2e,0x38,0x36,0x37,0x56,0x39,0x31,0x2e,0x33,0x30,0x37,0x4c,0x34,0x31,0x32,0x2e,
  0x31,0x36,0x2c,0x38,0x2e,0x35,0x33,0x33,0x68,0x2d,0x36,0x32,0x2e,0x32,0x39,0x33,
  0x76,0x31,0x31,0x35,0x2e,0x32,0xd,0xa,0x9,0x63,0x30,0x2c,0x32,0x2e,0x35,0x36,
  0x2d,0x31,0x2e,0x37,0x30,0x37,0x2c,0x34,0x2e,0x32,0x36,0x37,0x2d,0x34,0x2e,0x32,
  0x36,0x37,0x2c,0x34,0x2e,0x32,0x36,0x37,0x68,0x2d,0x36,0x38,0x2e,0x32,0x36,0x37,
  0x63,0x2d,0x32,0x2e,0x35,0x36,0x2c,0x30,0x2d,0x34,0x2e,0x32,0x36,0x37,0x2d,0x31,
  0x2e,0x37,0x30,0x37,0x2d,0x34,0x2e,0x32,0x36,0x37,0x2d,0x34,0x2e,0x32,0x36,0x37,
  0x56,0x34,0x2e,0x32,0x36,0x37,0x63,0x30,0x2d,0x32,0x2e,0x35,0x36,0x2c,0x31,0x2e,
  0x37,0x30,0x37,0x2d,0x34,0x2e,0x32,0x36,0x37,0x2c,0x34,0x2e,0x32,0x36,0x37,0x2d,
  0x34,0x2e,0x32,0x36,0x37,0x68,0x33,0x34,0x2e,0x31,0x33,0x33,0xd,0xa,0x9,0x63,
  0x32,0x2e,0x35,0x36,0x2c,0x30,0x2c,0x34,0x2e,0x32,0x36,0x37,0x2c,0x31,0x2e,0x37,
  0x30,0x37,0x2c,0x34,0x2e,0x32,0x36,0x37,0x2c,0x34,0x2e,0x32,0x36,0x37,0x73,0x2d,
  0x31,0x2e,0x37,0x30,0x37,0x2c,0x34,0x2e,0x32,0x36,0x37,0x2d,0x34,0x2e,0x32,0x36,
  0x37,0x2c,0x34,0x2e,0x32,0x36,0x37,0x48,0x32,0x38,0x31,0x2e,0x36,0x76,0x31,0x31,
  0x30,0x2e,0x39,0x33,0x33,0x68,0x35,0x39,0x2e,0x37,0x33,0x33,0x56,0x36,0x2e,0x38,
  0x32,0x37,0x63,0x2d,0x30,0x2e,0x38,0x35,0x33,0x2d,0x30,0x2e,0x38,0x35,0x33,0x2d,
  0x30,0x2e,0x38,0x35,0x33,0x2d,0x31,0x2e,0x37,0x30,0x37,0x2d,0x30,0x2e,0x38,0x35,
  0x33,0x2d,0x32,0x2e,0x35,0x36,0xd,0xa,0x9,0x63,0x30,0x2d,0x32,0x2e,0x35,0x36,
  0x2c,0x31,0x2e,0x37,0x30,0x37,0x2d,0x34,0x2e,0x32,0x36,0x37,0x2c,0x34,0x2e,0x32,
  0x36,0x37,0x2d,0x34,0x2e,0x32,0x36,0x37,0x68,0x36,0x39,0x2e,0x31,0x32,0x63,0x30,
  0x2e,0x38,0x35,0x33,0x2c,0x30,0x2c,0x32,0x2e,0x35,0x36,0x2c,0x30,0x2e,0x38,0x35,
  0x33,0x2c,0x33,0x2e,0x34,0x31,0x33,0x2c,0x30,0x2e,0x38,0x35,0x33,0x6c,0x38,0x35,
  0x2e,0x33,0x33,0x33,0x2c,0x38,0x35,0x2e,0x33,0x33,0x33,0x63,0x30,0x2e,0x38,0x35,
  0x33,0x2c,0x30,0x2e,0x38,0x35,0x33,0x2c,0x30,0x2e,0x38,0x35,0x33,0x2c,0x31,0x2e,
  0x37,0x30,0x37,0x2c,0x30,0x2e,0x38,0x35,0x33,0x2c,0x33,0x2e,0x34,0x31,0x33,0x76,
  0x33,0x37,0x35,0x2e,0x34,0x36,0x37,0xd,0xa,0x9,0x43,0x35,0x30,0x33,0x2e,0x34,
  0x36,0x37,0x2c,0x34,0x38,0x36,0x2e,0x34,0x2c,0x34,0x38,0x36,0x2e,0x34,0x2c,0x35,
  0x30,0x33,0x2e,0x34,0x36,0x37,0x2c,0x34,0x36,0x35,0x2e,0x30,0x36,0x37,0x2c,0x35,
  0x30,0x33,0x2e,0x34,0x36,0x37,0x7a,0x20,0x4d,0x33,0x37,0x39,0x2e,0x37,0x33,0x33,
  0x2c,0x35,0x30,0x33,0x2e,0x34,0x36,0x37,0x48,0x33,0x38,0x2e,0x34,0x63,0x2d,0x32,
  0x31,0x2e,0x33,0x33,0x33,0x2c,0x30,0x2d,0x33,0x38,0x2e,0x34,0x2d,0x31,0x37,0x2e,
  0x30,0x36,0x37,0x2d,0x33,0x38,0x2e,0x34,0x2d,0x33,0x38,0x2e,0x34,0x56,0x33,0x38,
  0x2e,0x34,0xd,0xa,0x9,0x43,0x30,0x2c,0x31,0x37,0x2e,0x30,0x36,0x37,0x2c,0x31,
  0x37,0x2e,0x30,0x36,0x37,0x2c,0x30,0x2c,0x33,0x38,0x2e,0x34,0x2c,0x30,0x68,0x35,
  0x31,0x2e,0x32,0x63,0x32,0x2e,0x35,0x36,0x2c,0x30,0x2c,0x34,0x2e,0x32,0x36,0x37,
  0x2c,0x31,0x2e,0x37,0x30,0x37,0x2c,0x34,0x2e,0x32,0x36,0x37,0x2c,0x34,0x2e,0x32,
  0x36,0x37,0x53,0x39,0x32,0x2e,0x31,0x36,0x2c,0x38,0x2e,0x35,0x33,0x33,0x2c,0x38,
  0x39,0x2e,0x36,0x2c,0x38,0x2e,0x35,0x33,0x33,0x48,0x33,0x38,0x2e,0x34,0x43,0x32,
  0x32,0x2e,0x31,0x38,0x37,0x2c,0x38,0x2e,0x35,0x33,0x33,0x2c,0x38,0x2e,0x35,0x33,
  0x33,0x2c,0x32,0x32,0x2e,0x31,0x38,0x37,0x2c,0x38,0x2e,0x35,0x33,0x33,0x2c,0x33,
  0x38,0x2e,0x34,0xd,0xa,0x9,0x76,0x34,0x32,0x36,0x2e,0x36,0x36,0x37,0x63,0x30,
  0x2c,0x31,0x36,0x2e,0x32,0x31,0x33,0x2c,0x31,0x33,0x2e,0x36,0x35,0x33,0x2c,0x32,
  0x39,0x2e,0x38,0x36,0x37,0x2c,0x32,0x39,0x2e,0x38,0x36,0x37,0x2c,0x32,0x39,0x2e,
  0x38,0x36,0x37,0x68,0x33,0x34,0x31,0x2e,0x33,0x33,0x33,0x63,0x32,0x2e,0x35,0x36,
  0x2c,0x30,0x2c,0x34,0x2e,0x32,0x36,0x37,0x2c,0x31,0x2e,0x37,0x30,0x37,0x2c,0x34,
  0x2e,0x32,0x36,0x37,0x2c,0x34,0x2e,0x32,0x36,0x37,0x43,0x33,0x38,0x34,0x2c,0x35,
  0x30,0x31,0x2e,0x37,0x36,0x2c,0x33,0x38,0x32,0x2e,0x32,0x39,0x33,0x2c,0x35,0x30,
  0x33,0x2e,0x34,0x36,0x37,0x2c,0x33,0x37,0x39,0x2e,0x37,0x33,0x33,0x2c,0x35,0x30,
  0x33,0x2e,0x34,0x36,0x37,0xd,0xa,0x9,0x7a,0x20,0x4d,0x33,0x32,0x38,0x2e,0x35,
  0x33,0x33,0x2c,0x34,0x31,0x38,0x2e,0x31,0x33,0x33,0x68,0x2d,0x31,0x35,0x33,0x2e,
  0x36,0x63,0x2d,0x32,0x2e,0x35,0x36,0x2c,0x30,0x2d,0x34,0x2e,0x32,0x36,0x37,0x2d,
  0x31,0x2e,0x37,0x30,0x37,0x2d,0x34,0x2e,0x32,0x36,0x37,0x2d,0x34,0x2e,0x32,0x36,
  0x37,0x63,0x30,0x2d,0x32,0x2e,0x35,0x36,0x2c,0x31,0x2e,0x37,0x30,0x37,0x2d,0x34,
  0x2e,0x32,0x36,0x37,0x2c,0x34,0x2e,0x32,0x36,0x37,0x2d,0x34,0x2e,0x32,0x36,0x37,
  0x68,0x31,0x35,0x33,0x2e,0x36,0x63,0x32,0x2e,0x35,0x36,0x2c,0x30,0x2c,0x34,0x2e,
  0x32,0x36,0x37,0x2c,0x31,0x2e,0x37,0x30,0x37,0x2c,0x34,0x2e,0x32,0x36,0x37,0x2c,
  0x34,0x2e,0x32,0x36,0x37,0xd,0xa,0x9,0x43,0x33,0x33,0x32,0x2e,0x38,0x2c,0x34,
  0x31,0x36,0x2e,0x34,0x32,0x37,0x2c,0x33,0x33,0x31,0x2e,0x30,0x39,0x33,0x2c,0x34,
  0x31,0x38,0x2e,0x31,0x33,0x33,0x2c,0x33,0x32,0x38,0x2e,0x35,0x33,0x33,0x2c,0x34,
  0x31,0x38,0x2e,0x31,0x33,0x33,0x7a,0x20,0x4d,0x33,0x32,0x38,0x2e,0x35,0x33,0x33,
  0x2c,0x33,0x36,0x36,0x2e,0x39,0x33,0x33,0x68,0x2d,0x31,0x35,0x33,0x2e,0x36,0x63,
  0x2d,0x32,0x2e,0x35,0x36,0x2c,0x30,0x2d,0x34,0x2e,0x32,0x36,0x37,0x2d,0x31,0x2e,
  0x37,0x30,0x37,0x2d,0x34,0x2e,0x32,0x36,0x37,0x2d,0x34,0x2e,0x32,0x36,0x37,0x73,
  0x31,0x2e,0x37,0x30,0x37,0x2d,0x34,0x2e,0x32,0x36,0x37,0x2c,0x34,0x2e,0x32,0x36,
  0x37,0x2d,0x34,0x2e,0x32,0x36,0x37,0xd,0xa,0x9,0x68,0x31,0x35,0x33,0x2e,0x36,
  0x63,0x32,0x2e,0x35,0x36,0x2c,0x30,0x2c,0x34,0x2e,0x32,0x36,0x37,0x2c,0x31,0x2e,
  0x37,0x30,0x37,0x2c,0x34,0x2e,0x32,0x36,0x37,0x2c,0x34,0x2e,0x32,0x36,0x37,0x53,
  0x33,0x33,0x31,0x2e,0x30,0x39,0x33,0x2c,0x33,0x36,0x36,0x2e,0x39,0x33,0x33,0x2c,
  0x33,0x32,0x38,0x2e,0x35,0x33,0x33,0x2c,0x33,0x36,0x36,0x2e,0x39,0x33,0x33,0x7a,
  0x20,0x4d,0x33,0x37,0x39,0x2e,0x37,0x33,0x33,0x2c,0x31,0x36,0x32,0x2e,0x31,0x33,
  0x33,0x68,0x2d,0x32,0x35,0x36,0x63,0x2d,0x32,0x2e,0x35,0x36,0x2c,0x30,0x2d,0x34,
  0x2e,0x32,0x36,0x37,0x2d,0x31,0x2e,0x37,0x30,0x37,0x2d,0x34,0x2e,0x32,0x36,0x37,
  0x2d,0x34,0x2e,0x32,0x36,0x37,0xd,0xa,0x9,0x56,0x34,0x2e,0x32,0x36,0x37,0x63,
  0x30,0x2d,0x32,0x2e,0x35,0x36,0x2c,0x31,0x2e,0x37,0x30,0x37,0x2d,0x34,0x2e,0x32,
  0x36,0x37,0x2c,0x34,0x2e,0x32,0x36,0x37,0x2d,0x34,0x2e,0x32,0x36,0x37,0x48,0x32,
  0x34,0x33,0x2e,0x32,0x63,0x32,0x2e,0x35,0x36,0x2c,0x30,0x2c,0x34,0x2e,0x32,0x36,
  0x37,0x2c,0x31,0x2e,0x37,0x30,0x37,0x2c,0x34,0x2e,0x32,0x36,0x37,0x2c,0x34,0x2e,
  0x32,0x36,0x37,0x73,0x2d,0x31,0x2e,0x37,0x30,0x37,0x2c,0x34,0x2e,0x32,0x36,0x37,
  0x2d,0x34,0x2e,0x32,0x36,0x37,0x2c,0x34,0x2e,0x32,0x36,0x37,0x48,0x31,0x32,0x38,
  0x56,0x31,0x35,0x33,0x2e,0x36,0x68,0x32,0x34,0x37,0x2e,0x34,0x36,0x37,0x56,0x33,
  0x38,0x2e,0x34,0xd,0xa,0x9,0x63,0x30,0x2d,0x32,0x2e,0x35,0x36,0x2c,0x31,0x2e,
  0x37,0x30,0x37,0x2d,0x34,0x2e,0x32,0x36,0x37,0x2c,0x34,0x2e,0x32,0x36,0x37,0x2d,
  0x34,0x2e,0x32,0x36,0x37,0x63,0x32,0x2e,0x35,0x36,0x2c,0x30,0x2c,0x34,0x2e,0x32,
  0x36,0x37,0x2c,0x31,0x2e,0x37,0x30,0x37,0x2c,0x34,0x2e,0x32,0x36,0x37,0x2c,0x34,
  0x2e,0x32,0x36,0x37,0x76,0x31,0x31,0x39,0x2e,0x34,0x36,0x37,0x43,0x33,0x38,0x34,
  0x2c,0x31,0x36,0x30,0x2e,0x34,0x32,0x37,0x2c,0x33,0x38,0x32,0x2e,0x32,0x39,0x33,
  0x2c,0x31,0x36,0x32,0x2e,0x31,0x33,0x33,0x2c,0x33,0x37,0x39,0x2e,0x37,0x33,0x33,
  0x2c,0x31,0x36,0x32,0x2e,0x31,0x33,0x33,0x7a,0x22,0x2f,0x3e,0xd,0xa,0x3c,0x67,
  0x3e,0xd,0xa,0x3c,0x2f,0x67,0x3e,0xd,0xa,0x3c,0x67,0x3e,0xd,0xa,0x3c,0x2f,
  0x67,0x3e,0xd,0xa,0x3c,0x67,0x3e,0xd,0xa,0x3c,0x2f,0x67,0x3e,0xd,0xa,0x3c,
  0x67,0x3e,0xd,0xa,0x3c,0x2f,0x67,0x3e,0xd,0xa,0x3c,0x67,0x3e,0xd,0xa,0x3c,
  0x2f,0x67,0x3e,0xd,0xa,0x3c,0x67,0x3e,0xd,0xa,0x3c,0x2f,0x67,0x3e,0xd,0xa,
  0x3c,0x67,0x3e,0xd,0xa,0x3c,0x2f,0x67,0x3e,0xd,0xa,0x3c,0x67,0x3e,0xd,0xa,
  0x3c,0x2f,0x67,0x3e,0xd,0xa,0x3c,0x67,0x3e,0xd,0xa,0x3c,0x2f,0x67,0x3e,0xd,
  0xa,0x3c,0x67,0x3e,0xd,0xa,0x3c,0x2f,0x67,0x3e,0xd,0xa,0x3c,0x67,0x3e,0xd,
  0xa,0x3c,0x2f,0x67,0x3e,0xd,0xa,0x3c,0x67,0x3e,0xd,0xa,0x3c,0x2f,0x67,0x3e,
  0xd,0xa,0x3c,0x67,0x3e,0xd,0xa,0x3c,0x2f,0x67,0x3e,0xd,0xa,0x3c,0x67,0x3e,
  0xd,0xa,0x3c,0x2f,0x67,0x3e,0xd,0xa,0x3c,0x67,0x3e,0xd,0xa,0x3c,0x2f,0x67,
  0x3e,0xd,0xa,0x3c,0x2f,0x73,0x76,0x67,0x3e,0xd,0xa,
  
};

static const unsigned char qt_resource_name[] = {
  // icons
  0x0,0x5,
  0x0,0x6f,0xa6,0x53,
  0x0,0x69,
  0x0,0x63,0x0,0x6f,0x0,0x6e,0x0,0x73,
    // style
  0x0,0x5,
  0x0,0x7a,0xc0,0x25,
  0x0,0x73,
  0x0,0x74,0x0,0x79,0x0,0x6c,0x0,0x65,
    // style.qss
  0x0,0x9,
  0x0,0x28,0xad,0x23,
  0x0,0x73,
  0x0,0x74,0x0,0x79,0x0,0x6c,0x0,0x65,0x0,0x2e,0x0,0x71,0x0,0x73,0x0,0x73,
    // select.svg
  0x0,0xa,
  0xb,0xa8,0x62,0x87,
  0x0,0x73,
  0x0,0x65,0x0,0x6c,0x0,0x65,0x0,0x63,0x0,0x74,0x0,0x2e,0x0,0x73,0x0,0x76,0x0,0x67,
    // file.svg
  0x0,0x8,
  0x0,0x28,0x57,0x67,
  0x0,0x66,
  0x0,0x69,0x0,0x6c,0x0,0x65,0x0,0x2e,0x0,0x73,0x0,0x76,0x0,0x67,
    // send.svg
  0x0,0x8,
  0xc,0x47,0x55,0xe7,
  0x0,0x73,
  0x0,0x65,0x0,0x6e,0x0,0x64,0x0,0x2e,0x0,0x73,0x0,0x76,0x0,0x67,
    // unselect.svg
  0x0,0xc,
  0x4,0x2c,0x62,0x87,
  0x0,0x75,
  0x0,0x6e,0x0,0x73,0x0,0x65,0x0,0x6c,0x0,0x65,0x0,0x63,0x0,0x74,0x0,0x2e,0x0,0x73,0x0,0x76,0x0,0x67,
    // sendhome.svg
  0x0,0xc,
  0xd,0x10,0xcf,0x27,
  0x0,0x73,
  0x0,0x65,0x0,0x6e,0x0,0x64,0x0,0x68,0x0,0x6f,0x0,0x6d,0x0,0x65,0x0,0x2e,0x0,0x73,0x0,0x76,0x0,0x67,
    // sendcustom.svg
  0x0,0xe,
  0x3,0xcd,0x1d,0xe7,
  0x0,0x73,
  0x0,0x65,0x0,0x6e,0x0,0x64,0x0,0x63,0x0,0x75,0x0,0x73,0x0,0x74,0x0,0x6f,0x0,0x6d,0x0,0x2e,0x0,0x73,0x0,0x76,0x0,0x67,
    // settings.svg
  0x0,0xc,
  0xb,0xdf,0x2c,0xc7,
  0x0,0x73,
  0x0,0x65,0x0,0x74,0x0,0x74,0x0,0x69,0x0,0x6e,0x0,0x67,0x0,0x73,0x0,0x2e,0x0,0x73,0x0,0x76,0x0,0x67,
    // getdesktop.svg
  0x0,0xe,
  0x2,0x36,0xd5,0xe7,
  0x0,0x67,
  0x0,0x65,0x0,0x74,0x0,0x64,0x0,0x65,0x0,0x73,0x0,0x6b,0x0,0x74,0x0,0x6f,0x0,0x70,0x0,0x2e,0x0,0x73,0x0,0x76,0x0,0x67,
    // dds.svg
  0x0,0x7,
  0xa,0xb6,0x5a,0x7,
  0x0,0x64,
  0x0,0x64,0x0,0x73,0x0,0x2e,0x0,0x73,0x0,0x76,0x0,0x67,
    // directory.svg
  0x0,0xd,
  0x0,0x8d,0x2e,0x7,
  0x0,0x64,
  0x0,0x69,0x0,0x72,0x0,0x65,0x0,0x63,0x0,0x74,0x0,0x6f,0x0,0x72,0x0,0x79,0x0,0x2e,0x0,0x73,0x0,0x76,0x0,0x67,
    // scriptexec.svg
  0x0,0xe,
  0xb,0x96,0xb1,0x27,
  0x0,0x73,
  0x0,0x63,0x0,0x72,0x0,0x69,0x0,0x70,0x0,0x74,0x0,0x65,0x0,0x78,0x0,0x65,0x0,0x63,0x0,0x2e,0x0,0x73,0x0,0x76,0x0,0x67,
    // search.svg
  0x0,0xa,
  0x8,0x94,0x6d,0xc7,
  0x0,0x73,
  0x0,0x65,0x0,0x61,0x0,0x72,0x0,0x63,0x0,0x68,0x0,0x2e,0x0,0x73,0x0,0x76,0x0,0x67,
    // senddesktop.svg
  0x0,0xf,
  0x2,0x37,0x21,0x87,
  0x0,0x73,
  0x0,0x65,0x0,0x6e,0x0,0x64,0x0,0x64,0x0,0x65,0x0,0x73,0x0,0x6b,0x0,0x74,0x0,0x6f,0x0,0x70,0x0,0x2e,0x0,0x73,0x0,0x76,0x0,0x67,
    // sendtmp.svg
  0x0,0xb,
  0xb,0xb0,0xd3,0xa7,
  0x0,0x73,
  0x0,0x65,0x0,0x6e,0x0,0x64,0x0,0x74,0x0,0x6d,0x0,0x70,0x0,0x2e,0x0,0x73,0x0,0x76,0x0,0x67,
    // debinstall.svg
  0x0,0xe,
  0x3,0xf,0xf5,0x27,
  0x0,0x64,
  0x0,0x65,0x0,0x62,0x0,0x69,0x0,0x6e,0x0,0x73,0x0,0x74,0x0,0x61,0x0,0x6c,0x0,0x6c,0x0,0x2e,0x0,0x73,0x0,0x76,0x0,0x67,
    // about.svg
  0x0,0x9,
  0x6,0xc7,0x95,0xe7,
  0x0,0x61,
  0x0,0x62,0x0,0x6f,0x0,0x75,0x0,0x74,0x0,0x2e,0x0,0x73,0x0,0x76,0x0,0x67,
    // stop.svg
  0x0,0x8,
  0xb,0x63,0x55,0x87,
  0x0,0x73,
  0x0,0x74,0x0,0x6f,0x0,0x70,0x0,0x2e,0x0,0x73,0x0,0x76,0x0,0x67,
    // save.svg
  0x0,0x8,
  0x8,0xc8,0x55,0xe7,
  0x0,0x73,
  0x0,0x61,0x0,0x76,0x0,0x65,0x0,0x2e,0x0,0x73,0x0,0x76,0x0,0x67,
  
};

static const unsigned char qt_resource_struct[] = {
  // :
  0x0,0x0,0x0,0x0,0x0,0x2,0x0,0x0,0x0,0x2,0x0,0x0,0x0,0x1,
0x0,0x0,0x1,0xa2,0xb7,0x44,0xc8,0x60,
  // :/icons
  0x0,0x0,0x0,0x0,0x0,0x2,0x0,0x0,0x0,0x12,0x0,0x0,0x0,0x4,
0x0,0x0,0x1,0xa2,0xb7,0x44,0xc8,0x60,
  // :/style
  0x0,0x0,0x0,0x10,0x0,0x2,0x0,0x0,0x0,0x1,0x0,0x0,0x0,0x3,
0x0,0x0,0x1,0xa2,0xb7,0x44,0xc8,0x60,
  // :/style/style.qss
  0x0,0x0,0x0,0x20,0x0,0x4,0x0,0x0,0x0,0x1,0x0,0x0,0x0,0x0,
0x0,0x0,0x1,0xa2,0xb7,0x44,0xc8,0x60,
  // :/icons/file.svg
  0x0,0x0,0x0,0x52,0x0,0x0,0x0,0x0,0x0,0x1,0x0,0x0,0x9,0x7f,
0x0,0x0,0x1,0xa2,0xb7,0x44,0xc8,0x60,
  // :/icons/directory.svg
  0x0,0x0,0x1,0x30,0x0,0x0,0x0,0x0,0x0,0x1,0x0,0x0,0x62,0x3f,
0x0,0x0,0x1,0xa2,0xb7,0x44,0xc8,0x60,
  // :/icons/getdesktop.svg
  0x0,0x0,0x0,0xfa,0x0,0x4,0x0,0x0,0x0,0x1,0x0,0x0,0x53,0xe7,
0x0,0x0,0x1,0xa2,0xb7,0x44,0xc8,0x60,
  // :/icons/senddesktop.svg
  0x0,0x0,0x1,0x8c,0x0,0x0,0x0,0x0,0x0,0x1,0x0,0x0,0x7e,0xb,
0x0,0x0,0x1,0xa2,0xb7,0x44,0xc8,0x60,
  // :/icons/debinstall.svg
  0x0,0x0,0x1,0xcc,0x0,0x0,0x0,0x0,0x0,0x1,0x0,0x0,0xa2,0x96,
0x0,0x0,0x1,0xa2,0xb7,0x44,0xc8,0x60,
  // :/icons/sendcustom.svg
  0x0,0x0,0x0,0xba,0x0,0x0,0x0,0x0,0x0,0x1,0x0,0x0,0x2e,0x78,
0x0,0x0,0x1,0xa2,0xb7,0x44,0xc8,0x60,
  // :/icons/unselect.svg
  0x0,0x0,0x0,0x7e,0x0,0x0,0x0,0x0,0x0,0x1,0x0,0x0,0x14,0x94,
0x0,0x0,0x1,0xa2,0xb7,0x44,0xc8,0x60,
  // :/icons/about.svg
  0x0,0x0,0x1,0xee,0x0,0x0,0x0,0x0,0x0,0x1,0x0,0x0,0xa8,0x26,
0x0,0x0,0x1,0xa2,0xb7,0x44,0xc8,0x60,
  // :/icons/search.svg
  0x0,0x0,0x1,0x72,0x0,0x0,0x0,0x0,0x0,0x1,0x0,0x0,0x67,0x5c,
0x0,0x0,0x1,0xa2,0xb7,0x44,0xc8,0x60,
  // :/icons/save.svg
  0x0,0x0,0x2,0x1c,0x0,0x0,0x0,0x0,0x0,0x1,0x0,0x0,0xb5,0xff,
0x0,0x0,0x1,0xa2,0xb7,0x44,0xc8,0x60,
  // :/icons/dds.svg
  0x0,0x0,0x1,0x1c,0x0,0x4,0x0,0x0,0x0,0x1,0x0,0x0,0x5c,0xff,
0x0,0x0,0x1,0xa2,0xb7,0x44,0xc8,0x60,
  // :/icons/stop.svg
  0x0,0x0,0x2,0x6,0x0,0x0,0x0,0x0,0x0,0x1,0x0,0x0,0xb0,0x51,
0x0,0x0,0x1,0xa2,0xb7,0x44,0xc8,0x60,
  // :/icons/scriptexec.svg
  0x0,0x0,0x1,0x50,0x0,0x0,0x0,0x0,0x0,0x1,0x0,0x0,0x63,0x98,
0x0,0x0,0x1,0xa2,0xb7,0x44,0xc8,0x60,
  // :/icons/select.svg
  0x0,0x0,0x0,0x38,0x0,0x0,0x0,0x0,0x0,0x1,0x0,0x0,0x2,0x6b,
0x0,0x0,0x1,0xa2,0xb7,0x44,0xc8,0x60,
  // :/icons/sendtmp.svg
  0x0,0x0,0x1,0xb0,0x0,0x0,0x0,0x0,0x0,0x1,0x0,0x0,0x90,0x5d,
0x0,0x0,0x1,0xa2,0xb7,0x44,0xc8,0x60,
  // :/icons/settings.svg
  0x0,0x0,0x0,0xdc,0x0,0x0,0x0,0x0,0x0,0x1,0x0,0x0,0x40,0xb3,
0x0,0x0,0x1,0xa2,0xb7,0x44,0xc8,0x60,
  // :/icons/send.svg
  0x0,0x0,0x0,0x68,0x0,0x4,0x0,0x0,0x0,0x1,0x0,0x0,0xf,0x54,
0x0,0x0,0x1,0xa2,0xb7,0x44,0xc8,0x60,
  // :/icons/sendhome.svg
  0x0,0x0,0x0,0x9c,0x0,0x0,0x0,0x0,0x0,0x1,0x0,0x0,0x16,0xe1,
0x0,0x0,0x1,0xa2,0xb7,0x44,0xc8,0x60,

};

#ifdef QT_NAMESPACE
#  define QT_RCC_PREPEND_NAMESPACE(name) ::QT_NAMESPACE::name
#  define QT_RCC_MANGLE_NAMESPACE0(x) x
#  define QT_RCC_MANGLE_NAMESPACE1(a, b) a##_##b
#  define QT_RCC_MANGLE_NAMESPACE2(a, b) QT_RCC_MANGLE_NAMESPACE1(a,b)
#  define QT_RCC_MANGLE_NAMESPACE(name) QT_RCC_MANGLE_NAMESPACE2( \
        QT_RCC_MANGLE_NAMESPACE0(name), QT_RCC_MANGLE_NAMESPACE0(QT_NAMESPACE))
#else
#   define QT_RCC_PREPEND_NAMESPACE(name) name
#   define QT_RCC_MANGLE_NAMESPACE(name) name
#endif

#ifdef QT_NAMESPACE
namespace QT_NAMESPACE {
#endif

bool qRegisterResourceData(int, const unsigned char *, const unsigned char *, const unsigned char *);
bool qUnregisterResourceData(int, const unsigned char *, const unsigned char *, const unsigned char *);

#if defined(__ELF__) || defined(__APPLE__)
static inline unsigned char qResourceFeatureZstd()
{
    extern const unsigned char qt_resourceFeatureZstd;
    return qt_resourceFeatureZstd;
}
#else
unsigned char qResourceFeatureZstd();
#endif

#ifdef QT_NAMESPACE
}
#endif

int QT_RCC_MANGLE_NAMESPACE(qInitResources_icons)();
int QT_RCC_MANGLE_NAMESPACE(qInitResources_icons)()
{
    int version = 3;
    QT_RCC_PREPEND_NAMESPACE(qRegisterResourceData)
        (version, qt_resource_struct, qt_resource_name, qt_resource_data);
    return 1;
}

int QT_RCC_MANGLE_NAMESPACE(qCleanupResources_icons)();
int QT_RCC_MANGLE_NAMESPACE(qCleanupResources_icons)()
{
    int version = 3;
    version += QT_RCC_PREPEND_NAMESPACE(qResourceFeatureZstd());
    QT_RCC_PREPEND_NAMESPACE(qUnregisterResourceData)
       (version, qt_resource_struct, qt_resource_name, qt_resource_data);
    return 1;
}

namespace {
   struct initializer {
       initializer() { QT_RCC_MANGLE_NAMESPACE(qInitResources_icons)(); }
       ~initializer() { QT_RCC_MANGLE_NAMESPACE(qCleanupResources_icons)(); }
   } dummy;
}
